{
  "Switzerland": {
    "Happiness Rank": "1",
    "Country": "Switzerland",
    "Region": "Western Europe",
    "Happiness Score": "7.587",
    "Economy (GDP per Capita)": "1.39651",
    "Family (Social Support)": "1.34951",
    "Health (Life Expectancy)": "0.94143",
    "Freedom": "0.66557",
    "Trust (Government Corruption)": "0.41978",
    "Generosity": "0.29678"
  },
  "Iceland": {
    "Happiness Rank": "2",
    "Country": "Iceland",
    "Region": "Western Europe",
    "Happiness Score": "7.561",
    "Economy (GDP per Capita)": "1.30232",
    "Family (Social Support)": "1.40223",
    "Health (Life Expectancy)": "0.94784",
    "Freedom": "0.62877",
    "Trust (Government Corruption)": "0.14145",
    "Generosity": "0.4363"
  },
  "Denmark": {
    "Happiness Rank": "3",
    "Country": "Denmark",
    "Region": "Western Europe",
    "Happiness Score": "7.527",
    "Economy (GDP per Capita)": "1.32548",
    "Family (Social Support)": "1.36058",
    "Health (Life Expectancy)": "0.87464",
    "Freedom": "0.64938",
    "Trust (Government Corruption)": "0.48357",
    "Generosity": "0.34139"
  },
  "Norway": {
    "Happiness Rank": "4",
    "Country": "Norway",
    "Region": "Western Europe",
    "Happiness Score": "7.522",
    "Economy (GDP per Capita)": "1.459",
    "Family (Social Support)": "1.33095",
    "Health (Life Expectancy)": "0.88521",
    "Freedom": "0.66973",
    "Trust (Government Corruption)": "0.36503",
    "Generosity": "0.34699"
  },
  "Canada": {
    "Happiness Rank": "5",
    "Country": "Canada",
    "Region": "North America",
    "Happiness Score": "7.427",
    "Economy (GDP per Capita)": "1.32629",
    "Family (Social Support)": "1.32261",
    "Health (Life Expectancy)": "0.90563",
    "Freedom": "0.63297",
    "Trust (Government Corruption)": "0.32957",
    "Generosity": "0.45811"
  },
  "Finland": {
    "Happiness Rank": "6",
    "Country": "Finland",
    "Region": "Western Europe",
    "Happiness Score": "7.406",
    "Economy (GDP per Capita)": "1.29025",
    "Family (Social Support)": "1.31826",
    "Health (Life Expectancy)": "0.88911",
    "Freedom": "0.64169",
    "Trust (Government Corruption)": "0.41372",
    "Generosity": "0.23351"
  },
  "Netherlands": {
    "Happiness Rank": "7",
    "Country": "Netherlands",
    "Region": "Western Europe",
    "Happiness Score": "7.378",
    "Economy (GDP per Capita)": "1.32944",
    "Family (Social Support)": "1.28017",
    "Health (Life Expectancy)": "0.89284",
    "Freedom": "0.61576",
    "Trust (Government Corruption)": "0.31814",
    "Generosity": "0.4761"
  },
  "Sweden": {
    "Happiness Rank": "8",
    "Country": "Sweden",
    "Region": "Western Europe",
    "Happiness Score": "7.364",
    "Economy (GDP per Capita)": "1.33171",
    "Family (Social Support)": "1.28907",
    "Health (Life Expectancy)": "0.91087",
    "Freedom": "0.6598",
    "Trust (Government Corruption)": "0.43844",
    "Generosity": "0.36262"
  },
  "New Zealand": {
    "Happiness Rank": "9",
    "Country": "New Zealand",
    "Region": "Australia and New Zealand",
    "Happiness Score": "7.286",
    "Economy (GDP per Capita)": "1.25018",
    "Family (Social Support)": "1.31967",
    "Health (Life Expectancy)": "0.90837",
    "Freedom": "0.63938",
    "Trust (Government Corruption)": "0.42922",
    "Generosity": "0.47501"
  },
  "Australia": {
    "Happiness Rank": "10",
    "Country": "Australia",
    "Region": "Australia and New Zealand",
    "Happiness Score": "7.284",
    "Economy (GDP per Capita)": "1.33358",
    "Family (Social Support)": "1.30923",
    "Health (Life Expectancy)": "0.93156",
    "Freedom": "0.65124",
    "Trust (Government Corruption)": "0.35637",
    "Generosity": "0.43562"
  },
  "Israel": {
    "Happiness Rank": "11",
    "Country": "Israel",
    "Region": "Middle East and Northern Africa",
    "Happiness Score": "7.278",
    "Economy (GDP per Capita)": "1.22857",
    "Family (Social Support)": "1.22393",
    "Health (Life Expectancy)": "0.91387",
    "Freedom": "0.41319",
    "Trust (Government Corruption)": "0.07785",
    "Generosity": "0.33172"
  },
  "Costa Rica": {
    "Happiness Rank": "12",
    "Country": "Costa Rica",
    "Region": "Latin America and Caribbean",
    "Happiness Score": "7.226",
    "Economy (GDP per Capita)": "0.95578",
    "Family (Social Support)": "1.23788",
    "Health (Life Expectancy)": "0.86027",
    "Freedom": "0.63376",
    "Trust (Government Corruption)": "0.10583",
    "Generosity": "0.25497"
  },
  "Austria": {
    "Happiness Rank": "13",
    "Country": "Austria",
    "Region": "Western Europe",
    "Happiness Score": "7.2",
    "Economy (GDP per Capita)": "1.33723",
    "Family (Social Support)": "1.29704",
    "Health (Life Expectancy)": "0.89042",
    "Freedom": "0.62433",
    "Trust (Government Corruption)": "0.18676",
    "Generosity": "0.33088"
  },
  "Mexico": {
    "Happiness Rank": "14",
    "Country": "Mexico",
    "Region": "Latin America and Caribbean",
    "Happiness Score": "7.187",
    "Economy (GDP per Capita)": "1.02054",
    "Family (Social Support)": "0.91451",
    "Health (Life Expectancy)": "0.81444",
    "Freedom": "0.48181",
    "Trust (Government Corruption)": "0.21312",
    "Generosity": "0.14074"
  },
  "United States of America": {
    "Happiness Rank": "15",
    "Country": "United States of America",
    "Region": "North America",
    "Happiness Score": "7.119",
    "Economy (GDP per Capita)": "1.39451",
    "Family (Social Support)": "1.24711",
    "Health (Life Expectancy)": "0.86179",
    "Freedom": "0.54604",
    "Trust (Government Corruption)": "0.1589",
    "Generosity": "0.40105"
  },
  "Brazil": {
    "Happiness Rank": "16",
    "Country": "Brazil",
    "Region": "Latin America and Caribbean",
    "Happiness Score": "6.983",
    "Economy (GDP per Capita)": "0.98124",
    "Family (Social Support)": "1.23287",
    "Health (Life Expectancy)": "0.69702",
    "Freedom": "0.49049",
    "Trust (Government Corruption)": "0.17521",
    "Generosity": "0.14574"
  },
  "Luxembourg": {
    "Happiness Rank": "17",
    "Country": "Luxembourg",
    "Region": "Western Europe",
    "Happiness Score": "6.946",
    "Economy (GDP per Capita)": "1.56391",
    "Family (Social Support)": "1.21963",
    "Health (Life Expectancy)": "0.91894",
    "Freedom": "0.61583",
    "Trust (Government Corruption)": "0.37798",
    "Generosity": "0.28034"
  },
  "Ireland": {
    "Happiness Rank": "18",
    "Country": "Ireland",
    "Region": "Western Europe",
    "Happiness Score": "6.94",
    "Economy (GDP per Capita)": "1.33596",
    "Family (Social Support)": "1.36948",
    "Health (Life Expectancy)": "0.89533",
    "Freedom": "0.61777",
    "Trust (Government Corruption)": "0.28703",
    "Generosity": "0.45901"
  },
  "Belgium": {
    "Happiness Rank": "19",
    "Country": "Belgium",
    "Region": "Western Europe",
    "Happiness Score": "6.937",
    "Economy (GDP per Capita)": "1.30782",
    "Family (Social Support)": "1.28566",
    "Health (Life Expectancy)": "0.89667",
    "Freedom": "0.5845",
    "Trust (Government Corruption)": "0.2254",
    "Generosity": "0.2225"
  },
  "United Arab Emirates": {
    "Happiness Rank": "20",
    "Country": "United Arab Emirates",
    "Region": "Middle East and Northern Africa",
    "Happiness Score": "6.901",
    "Economy (GDP per Capita)": "1.42727",
    "Family (Social Support)": "1.12575",
    "Health (Life Expectancy)": "0.80925",
    "Freedom": "0.64157",
    "Trust (Government Corruption)": "0.38583",
    "Generosity": "0.26428"
  },
  "United Kingdom": {
    "Happiness Rank": "21",
    "Country": "United Kingdom",
    "Region": "Western Europe",
    "Happiness Score": "6.867",
    "Economy (GDP per Capita)": "1.26637",
    "Family (Social Support)": "1.28548",
    "Health (Life Expectancy)": "0.90943",
    "Freedom": "0.59625",
    "Trust (Government Corruption)": "0.32067",
    "Generosity": "0.51912"
  },
  "Oman": {
    "Happiness Rank": "22",
    "Country": "Oman",
    "Region": "Middle East and Northern Africa",
    "Happiness Score": "6.853",
    "Economy (GDP per Capita)": "1.36011",
    "Family (Social Support)": "1.08182",
    "Health (Life Expectancy)": "0.76276",
    "Freedom": "0.63274",
    "Trust (Government Corruption)": "0.32524",
    "Generosity": "0.21542"
  },
  "Venezuela": {
    "Happiness Rank": "23",
    "Country": "Venezuela",
    "Region": "Latin America and Caribbean",
    "Happiness Score": "6.81",
    "Economy (GDP per Capita)": "1.04424",
    "Family (Social Support)": "1.25596",
    "Health (Life Expectancy)": "0.72052",
    "Freedom": "0.42908",
    "Trust (Government Corruption)": "0.11069",
    "Generosity": "0.05841"
  },
  "Singapore": {
    "Happiness Rank": "24",
    "Country": "Singapore",
    "Region": "Southeastern Asia",
    "Happiness Score": "6.798",
    "Economy (GDP per Capita)": "1.52186",
    "Family (Social Support)": "1.02",
    "Health (Life Expectancy)": "1.02525",
    "Freedom": "0.54252",
    "Trust (Government Corruption)": "0.4921",
    "Generosity": "0.31105"
  },
  "Panama": {
    "Happiness Rank": "25",
    "Country": "Panama",
    "Region": "Latin America and Caribbean",
    "Happiness Score": "6.786",
    "Economy (GDP per Capita)": "1.06353",
    "Family (Social Support)": "1.1985",
    "Health (Life Expectancy)": "0.79661",
    "Freedom": "0.5421",
    "Trust (Government Corruption)": "0.0927",
    "Generosity": "0.24434"
  },
  "Germany": {
    "Happiness Rank": "26",
    "Country": "Germany",
    "Region": "Western Europe",
    "Happiness Score": "6.75",
    "Economy (GDP per Capita)": "1.32792",
    "Family (Social Support)": "1.29937",
    "Health (Life Expectancy)": "0.89186",
    "Freedom": "0.61477",
    "Trust (Government Corruption)": "0.21843",
    "Generosity": "0.28214"
  },
  "Chile": {
    "Happiness Rank": "27",
    "Country": "Chile",
    "Region": "Latin America and Caribbean",
    "Happiness Score": "6.67",
    "Economy (GDP per Capita)": "1.10715",
    "Family (Social Support)": "1.12447",
    "Health (Life Expectancy)": "0.85857",
    "Freedom": "0.44132",
    "Trust (Government Corruption)": "0.12869",
    "Generosity": "0.33363"
  },
  "Qatar": {
    "Happiness Rank": "28",
    "Country": "Qatar",
    "Region": "Middle East and Northern Africa",
    "Happiness Score": "6.611",
    "Economy (GDP per Capita)": "1.69042",
    "Family (Social Support)": "1.0786",
    "Health (Life Expectancy)": "0.79733",
    "Freedom": "0.6404",
    "Trust (Government Corruption)": "0.52208",
    "Generosity": "0.32573"
  },
  "France": {
    "Happiness Rank": "29",
    "Country": "France",
    "Region": "Western Europe",
    "Happiness Score": "6.575",
    "Economy (GDP per Capita)": "1.27778",
    "Family (Social Support)": "1.26038",
    "Health (Life Expectancy)": "0.94579",
    "Freedom": "0.55011",
    "Trust (Government Corruption)": "0.20646",
    "Generosity": "0.12332"
  },
  "Argentina": {
    "Happiness Rank": "30",
    "Country": "Argentina",
    "Region": "Latin America and Caribbean",
    "Happiness Score": "6.574",
    "Economy (GDP per Capita)": "1.05351",
    "Family (Social Support)": "1.24823",
    "Health (Life Expectancy)": "0.78723",
    "Freedom": "0.44974",
    "Trust (Government Corruption)": "0.08484",
    "Generosity": "0.11451"
  },
  "Czechia": {
    "Happiness Rank": "31",
    "Country": "Czechia",
    "Region": "Central and Eastern Europe",
    "Happiness Score": "6.505",
    "Economy (GDP per Capita)": "1.17898",
    "Family (Social Support)": "1.20643",
    "Health (Life Expectancy)": "0.84483",
    "Freedom": "0.46364",
    "Trust (Government Corruption)": "0.02652",
    "Generosity": "0.10686"
  },
  "Uruguay": {
    "Happiness Rank": "32",
    "Country": "Uruguay",
    "Region": "Latin America and Caribbean",
    "Happiness Score": "6.485",
    "Economy (GDP per Capita)": "1.06166",
    "Family (Social Support)": "1.2089",
    "Health (Life Expectancy)": "0.8116",
    "Freedom": "0.60362",
    "Trust (Government Corruption)": "0.24558",
    "Generosity": "0.2324"
  },
  "Colombia": {
    "Happiness Rank": "33",
    "Country": "Colombia",
    "Region": "Latin America and Caribbean",
    "Happiness Score": "6.477",
    "Economy (GDP per Capita)": "0.91861",
    "Family (Social Support)": "1.24018",
    "Health (Life Expectancy)": "0.69077",
    "Freedom": "0.53466",
    "Trust (Government Corruption)": "0.0512",
    "Generosity": "0.18401"
  },
  "Thailand": {
    "Happiness Rank": "34",
    "Country": "Thailand",
    "Region": "Southeastern Asia",
    "Happiness Score": "6.455",
    "Economy (GDP per Capita)": "0.9669",
    "Family (Social Support)": "1.26504",
    "Health (Life Expectancy)": "0.7385",
    "Freedom": "0.55664",
    "Trust (Government Corruption)": "0.03187",
    "Generosity": "0.5763"
  },
  "Saudi Arabia": {
    "Happiness Rank": "35",
    "Country": "Saudi Arabia",
    "Region": "Middle East and Northern Africa",
    "Happiness Score": "6.411",
    "Economy (GDP per Capita)": "1.39541",
    "Family (Social Support)": "1.08393",
    "Health (Life Expectancy)": "0.72025",
    "Freedom": "0.31048",
    "Trust (Government Corruption)": "0.32524",
    "Generosity": "0.13706"
  },
  "Spain": {
    "Happiness Rank": "36",
    "Country": "Spain",
    "Region": "Western Europe",
    "Happiness Score": "6.329",
    "Economy (GDP per Capita)": "1.23011",
    "Family (Social Support)": "1.31379",
    "Health (Life Expectancy)": "0.95562",
    "Freedom": "0.45951",
    "Trust (Government Corruption)": "0.06398",
    "Generosity": "0.18227"
  },
  "Malta": {
    "Happiness Rank": "37",
    "Country": "Malta",
    "Region": "Western Europe",
    "Happiness Score": "6.302",
    "Economy (GDP per Capita)": "1.2074",
    "Family (Social Support)": "1.30203",
    "Health (Life Expectancy)": "0.88721",
    "Freedom": "0.60365",
    "Trust (Government Corruption)": "0.13586",
    "Generosity": "0.51752"
  },
  "Taiwan": {
    "Happiness Rank": "38",
    "Country": "Taiwan",
    "Region": "Eastern Asia",
    "Happiness Score": "6.298",
    "Economy (GDP per Capita)": "1.29098",
    "Family (Social Support)": "1.07617",
    "Health (Life Expectancy)": "0.8753",
    "Freedom": "0.3974",
    "Trust (Government Corruption)": "0.08129",
    "Generosity": "0.25376"
  },
  "Kuwait": {
    "Happiness Rank": "39",
    "Country": "Kuwait",
    "Region": "Middle East and Northern Africa",
    "Happiness Score": "6.295",
    "Economy (GDP per Capita)": "1.55422",
    "Family (Social Support)": "1.16594",
    "Health (Life Expectancy)": "0.72492",
    "Freedom": "0.55499",
    "Trust (Government Corruption)": "0.25609",
    "Generosity": "0.16228"
  },
  "Suriname": {
    "Happiness Rank": "40",
    "Country": "Suriname",
    "Region": "Latin America and Caribbean",
    "Happiness Score": "6.269",
    "Economy (GDP per Capita)": "0.99534",
    "Family (Social Support)": "0.972",
    "Health (Life Expectancy)": "0.6082",
    "Freedom": "0.59657",
    "Trust (Government Corruption)": "0.13633",
    "Generosity": "0.16991"
  },
  "Trinidad and Tobago": {
    "Happiness Rank": "41",
    "Country": "Trinidad and Tobago",
    "Region": "Latin America and Caribbean",
    "Happiness Score": "6.168",
    "Economy (GDP per Capita)": "1.21183",
    "Family (Social Support)": "1.18354",
    "Health (Life Expectancy)": "0.61483",
    "Freedom": "0.55884",
    "Trust (Government Corruption)": "0.0114",
    "Generosity": "0.31844"
  },
  "El Salvador": {
    "Happiness Rank": "42",
    "Country": "El Salvador",
    "Region": "Latin America and Caribbean",
    "Happiness Score": "6.13",
    "Economy (GDP per Capita)": "0.76454",
    "Family (Social Support)": "1.02507",
    "Health (Life Expectancy)": "0.67737",
    "Freedom": "0.4035",
    "Trust (Government Corruption)": "0.11776",
    "Generosity": "0.10692"
  },
  "Guatemala": {
    "Happiness Rank": "43",
    "Country": "Guatemala",
    "Region": "Latin America and Caribbean",
    "Happiness Score": "6.123",
    "Economy (GDP per Capita)": "0.74553",
    "Family (Social Support)": "1.04356",
    "Health (Life Expectancy)": "0.64425",
    "Freedom": "0.57733",
    "Trust (Government Corruption)": "0.09472",
    "Generosity": "0.27489"
  },
  "Uzbekistan": {
    "Happiness Rank": "44",
    "Country": "Uzbekistan",
    "Region": "Central and Eastern Europe",
    "Happiness Score": "6.003",
    "Economy (GDP per Capita)": "0.63244",
    "Family (Social Support)": "1.34043",
    "Health (Life Expectancy)": "0.59772",
    "Freedom": "0.65821",
    "Trust (Government Corruption)": "0.30826",
    "Generosity": "0.22837"
  },
  "Slovakia": {
    "Happiness Rank": "45",
    "Country": "Slovakia",
    "Region": "Central and Eastern Europe",
    "Happiness Score": "5.995",
    "Economy (GDP per Capita)": "1.16891",
    "Family (Social Support)": "1.26999",
    "Health (Life Expectancy)": "0.78902",
    "Freedom": "0.31751",
    "Trust (Government Corruption)": "0.03431",
    "Generosity": "0.16893"
  },
  "Japan": {
    "Happiness Rank": "46",
    "Country": "Japan",
    "Region": "Eastern Asia",
    "Happiness Score": "5.987",
    "Economy (GDP per Capita)": "1.27074",
    "Family (Social Support)": "1.25712",
    "Health (Life Expectancy)": "0.99111",
    "Freedom": "0.49615",
    "Trust (Government Corruption)": "0.1806",
    "Generosity": "0.10705"
  },
  "South Korea": {
    "Happiness Rank": "47",
    "Country": "South Korea",
    "Region": "Eastern Asia",
    "Happiness Score": "5.984",
    "Economy (GDP per Capita)": "1.24461",
    "Family (Social Support)": "0.95774",
    "Health (Life Expectancy)": "0.96538",
    "Freedom": "0.33208",
    "Trust (Government Corruption)": "0.07857",
    "Generosity": "0.18557"
  },
  "Ecuador": {
    "Happiness Rank": "48",
    "Country": "Ecuador",
    "Region": "Latin America and Caribbean",
    "Happiness Score": "5.975",
    "Economy (GDP per Capita)": "0.86402",
    "Family (Social Support)": "0.99903",
    "Health (Life Expectancy)": "0.79075",
    "Freedom": "0.48574",
    "Trust (Government Corruption)": "0.1809",
    "Generosity": "0.11541"
  },
  "Bahrain": {
    "Happiness Rank": "49",
    "Country": "Bahrain",
    "Region": "Middle East and Northern Africa",
    "Happiness Score": "5.96",
    "Economy (GDP per Capita)": "1.32376",
    "Family (Social Support)": "1.21624",
    "Health (Life Expectancy)": "0.74716",
    "Freedom": "0.45492",
    "Trust (Government Corruption)": "0.306",
    "Generosity": "0.17362"
  },
  "Italy": {
    "Happiness Rank": "50",
    "Country": "Italy",
    "Region": "Western Europe",
    "Happiness Score": "5.948",
    "Economy (GDP per Capita)": "1.25114",
    "Family (Social Support)": "1.19777",
    "Health (Life Expectancy)": "0.95446",
    "Freedom": "0.26236",
    "Trust (Government Corruption)": "0.02901",
    "Generosity": "0.22823"
  },
  "Bolivia": {
    "Happiness Rank": "51",
    "Country": "Bolivia",
    "Region": "Latin America and Caribbean",
    "Happiness Score": "5.89",
    "Economy (GDP per Capita)": "0.68133",
    "Family (Social Support)": "0.97841",
    "Health (Life Expectancy)": "0.5392",
    "Freedom": "0.57414",
    "Trust (Government Corruption)": "0.088",
    "Generosity": "0.20536"
  },
  "Moldova": {
    "Happiness Rank": "52",
    "Country": "Moldova",
    "Region": "Central and Eastern Europe",
    "Happiness Score": "5.889",
    "Economy (GDP per Capita)": "0.59448",
    "Family (Social Support)": "1.01528",
    "Health (Life Expectancy)": "0.61826",
    "Freedom": "0.32818",
    "Trust (Government Corruption)": "0.01615",
    "Generosity": "0.20951"
  },
  "Paraguay": {
    "Happiness Rank": "53",
    "Country": "Paraguay",
    "Region": "Latin America and Caribbean",
    "Happiness Score": "5.878",
    "Economy (GDP per Capita)": "0.75985",
    "Family (Social Support)": "1.30477",
    "Health (Life Expectancy)": "0.66098",
    "Freedom": "0.53899",
    "Trust (Government Corruption)": "0.08242",
    "Generosity": "0.3424"
  },
  "Kazakhstan": {
    "Happiness Rank": "54",
    "Country": "Kazakhstan",
    "Region": "Central and Eastern Europe",
    "Happiness Score": "5.855",
    "Economy (GDP per Capita)": "1.12254",
    "Family (Social Support)": "1.12241",
    "Health (Life Expectancy)": "0.64368",
    "Freedom": "0.51649",
    "Trust (Government Corruption)": "0.08454",
    "Generosity": "0.11827"
  },
  "Slovenia": {
    "Happiness Rank": "55",
    "Country": "Slovenia",
    "Region": "Central and Eastern Europe",
    "Happiness Score": "5.848",
    "Economy (GDP per Capita)": "1.18498",
    "Family (Social Support)": "1.27385",
    "Health (Life Expectancy)": "0.87337",
    "Freedom": "0.60855",
    "Trust (Government Corruption)": "0.03787",
    "Generosity": "0.25328"
  },
  "Lithuania": {
    "Happiness Rank": "56",
    "Country": "Lithuania",
    "Region": "Central and Eastern Europe",
    "Happiness Score": "5.833",
    "Economy (GDP per Capita)": "1.14723",
    "Family (Social Support)": "1.25745",
    "Health (Life Expectancy)": "0.73128",
    "Freedom": "0.21342",
    "Trust (Government Corruption)": "0.01031",
    "Generosity": "0.02641"
  },
  "Nicaragua": {
    "Happiness Rank": "57",
    "Country": "Nicaragua",
    "Region": "Latin America and Caribbean",
    "Happiness Score": "5.828",
    "Economy (GDP per Capita)": "0.59325",
    "Family (Social Support)": "1.14184",
    "Health (Life Expectancy)": "0.74314",
    "Freedom": "0.55475",
    "Trust (Government Corruption)": "0.19317",
    "Generosity": "0.27815"
  },
  "Peru": {
    "Happiness Rank": "58",
    "Country": "Peru",
    "Region": "Latin America and Caribbean",
    "Happiness Score": "5.824",
    "Economy (GDP per Capita)": "0.90019",
    "Family (Social Support)": "0.97459",
    "Health (Life Expectancy)": "0.73017",
    "Freedom": "0.41496",
    "Trust (Government Corruption)": "0.05989",
    "Generosity": "0.14982"
  },
  "Belarus": {
    "Happiness Rank": "59",
    "Country": "Belarus",
    "Region": "Central and Eastern Europe",
    "Happiness Score": "5.813",
    "Economy (GDP per Capita)": "1.03192",
    "Family (Social Support)": "1.23289",
    "Health (Life Expectancy)": "0.73608",
    "Freedom": "0.37938",
    "Trust (Government Corruption)": "0.1909",
    "Generosity": "0.11046"
  },
  "Poland": {
    "Happiness Rank": "60",
    "Country": "Poland",
    "Region": "Central and Eastern Europe",
    "Happiness Score": "5.791",
    "Economy (GDP per Capita)": "1.12555",
    "Family (Social Support)": "1.27948",
    "Health (Life Expectancy)": "0.77903",
    "Freedom": "0.53122",
    "Trust (Government Corruption)": "0.04212",
    "Generosity": "0.16759"
  },
  "Malaysia": {
    "Happiness Rank": "61",
    "Country": "Malaysia",
    "Region": "Southeastern Asia",
    "Happiness Score": "5.77",
    "Economy (GDP per Capita)": "1.12486",
    "Family (Social Support)": "1.07023",
    "Health (Life Expectancy)": "0.72394",
    "Freedom": "0.53024",
    "Trust (Government Corruption)": "0.10501",
    "Generosity": "0.33075"
  },
  "Croatia": {
    "Happiness Rank": "62",
    "Country": "Croatia",
    "Region": "Central and Eastern Europe",
    "Happiness Score": "5.759",
    "Economy (GDP per Capita)": "1.08254",
    "Family (Social Support)": "0.79624",
    "Health (Life Expectancy)": "0.78805",
    "Freedom": "0.25883",
    "Trust (Government Corruption)": "0.0243",
    "Generosity": "0.05444"
  },
  "Libya": {
    "Happiness Rank": "63",
    "Country": "Libya",
    "Region": "Middle East and Northern Africa",
    "Happiness Score": "5.754",
    "Economy (GDP per Capita)": "1.13145",
    "Family (Social Support)": "1.11862",
    "Health (Life Expectancy)": "0.7038",
    "Freedom": "0.41668",
    "Trust (Government Corruption)": "0.11023",
    "Generosity": "0.18295"
  },
  "Russia": {
    "Happiness Rank": "64",
    "Country": "Russia",
    "Region": "Central and Eastern Europe",
    "Happiness Score": "5.716",
    "Economy (GDP per Capita)": "1.13764",
    "Family (Social Support)": "1.23617",
    "Health (Life Expectancy)": "0.66926",
    "Freedom": "0.36679",
    "Trust (Government Corruption)": "0.03005",
    "Generosity": "0.00199"
  },
  "Jamaica": {
    "Happiness Rank": "65",
    "Country": "Jamaica",
    "Region": "Latin America and Caribbean",
    "Happiness Score": "5.709",
    "Economy (GDP per Capita)": "0.81038",
    "Family (Social Support)": "1.15102",
    "Health (Life Expectancy)": "0.68741",
    "Freedom": "0.50442",
    "Trust (Government Corruption)": "0.02299",
    "Generosity": "0.2123"
  },
  "North Cyprus": {
    "Happiness Rank": "66",
    "Country": "North Cyprus",
    "Region": "Western Europe",
    "Happiness Score": "5.695",
    "Economy (GDP per Capita)": "1.20806",
    "Family (Social Support)": "1.07008",
    "Health (Life Expectancy)": "0.92356",
    "Freedom": "0.49027",
    "Trust (Government Corruption)": "0.1428",
    "Generosity": "0.26169"
  },
  "Cyprus": {
    "Happiness Rank": "67",
    "Country": "Cyprus",
    "Region": "Western Europe",
    "Happiness Score": "5.689",
    "Economy (GDP per Capita)": "1.20813",
    "Family (Social Support)": "0.89318",
    "Health (Life Expectancy)": "0.92356",
    "Freedom": "0.40672",
    "Trust (Government Corruption)": "0.06146",
    "Generosity": "0.30638"
  },
  "Algeria": {
    "Happiness Rank": "68",
    "Country": "Algeria",
    "Region": "Middle East and Northern Africa",
    "Happiness Score": "5.605",
    "Economy (GDP per Capita)": "0.93929",
    "Family (Social Support)": "1.07772",
    "Health (Life Expectancy)": "0.61766",
    "Freedom": "0.28579",
    "Trust (Government Corruption)": "0.17383",
    "Generosity": "0.07822"
  },
  "Kosovo": {
    "Happiness Rank": "69",
    "Country": "Kosovo",
    "Region": "Central and Eastern Europe",
    "Happiness Score": "5.589",
    "Economy (GDP per Capita)": "0.80148",
    "Family (Social Support)": "0.81198",
    "Health (Life Expectancy)": "0.63132",
    "Freedom": "0.24749",
    "Trust (Government Corruption)": "0.04741",
    "Generosity": "0.2831"
  },
  "Turkmenistan": {
    "Happiness Rank": "70",
    "Country": "Turkmenistan",
    "Region": "Central and Eastern Europe",
    "Happiness Score": "5.548",
    "Economy (GDP per Capita)": "0.95847",
    "Family (Social Support)": "1.22668",
    "Health (Life Expectancy)": "0.53886",
    "Freedom": "0.4761",
    "Trust (Government Corruption)": "0.30844",
    "Generosity": "0.16979"
  },
  "Mauritius": {
    "Happiness Rank": "71",
    "Country": "Mauritius",
    "Region": "Sub-Saharan Africa",
    "Happiness Score": "5.477",
    "Economy (GDP per Capita)": "1.00761",
    "Family (Social Support)": "0.98521",
    "Health (Life Expectancy)": "0.7095",
    "Freedom": "0.56066",
    "Trust (Government Corruption)": "0.07521",
    "Generosity": "0.37744"
  },
  "Hong Kong": {
    "Happiness Rank": "72",
    "Country": "Hong Kong",
    "Region": "Eastern Asia",
    "Happiness Score": "5.474",
    "Economy (GDP per Capita)": "1.38604",
    "Family (Social Support)": "1.05818",
    "Health (Life Expectancy)": "1.01328",
    "Freedom": "0.59608",
    "Trust (Government Corruption)": "0.37124",
    "Generosity": "0.39478"
  },
  "Estonia": {
    "Happiness Rank": "73",
    "Country": "Estonia",
    "Region": "Central and Eastern Europe",
    "Happiness Score": "5.429",
    "Economy (GDP per Capita)": "1.15174",
    "Family (Social Support)": "1.22791",
    "Health (Life Expectancy)": "0.77361",
    "Freedom": "0.44888",
    "Trust (Government Corruption)": "0.15184",
    "Generosity": "0.0868"
  },
  "Indonesia": {
    "Happiness Rank": "74",
    "Country": "Indonesia",
    "Region": "Southeastern Asia",
    "Happiness Score": "5.399",
    "Economy (GDP per Capita)": "0.82827",
    "Family (Social Support)": "1.08708",
    "Health (Life Expectancy)": "0.63793",
    "Freedom": "0.46611",
    "Trust (Government Corruption)": "0",
    "Generosity": "0.51535"
  },
  "Vietnam": {
    "Happiness Rank": "75",
    "Country": "Vietnam",
    "Region": "Southeastern Asia",
    "Happiness Score": "5.36",
    "Economy (GDP per Capita)": "0.63216",
    "Family (Social Support)": "0.91226",
    "Health (Life Expectancy)": "0.74676",
    "Freedom": "0.59444",
    "Trust (Government Corruption)": "0.10441",
    "Generosity": "0.1686"
  },
  "Turkey": {
    "Happiness Rank": "76",
    "Country": "Turkey",
    "Region": "Middle East and Northern Africa",
    "Happiness Score": "5.332",
    "Economy (GDP per Capita)": "1.06098",
    "Family (Social Support)": "0.94632",
    "Health (Life Expectancy)": "0.73172",
    "Freedom": "0.22815",
    "Trust (Government Corruption)": "0.15746",
    "Generosity": "0.12253"
  },
  "Kyrgyzstan": {
    "Happiness Rank": "77",
    "Country": "Kyrgyzstan",
    "Region": "Central and Eastern Europe",
    "Happiness Score": "5.286",
    "Economy (GDP per Capita)": "0.47428",
    "Family (Social Support)": "1.15115",
    "Health (Life Expectancy)": "0.65088",
    "Freedom": "0.43477",
    "Trust (Government Corruption)": "0.04232",
    "Generosity": "0.3003"
  },
  "Nigeria": {
    "Happiness Rank": "78",
    "Country": "Nigeria",
    "Region": "Sub-Saharan Africa",
    "Happiness Score": "5.268",
    "Economy (GDP per Capita)": "0.65435",
    "Family (Social Support)": "0.90432",
    "Health (Life Expectancy)": "0.16007",
    "Freedom": "0.34334",
    "Trust (Government Corruption)": "0.0403",
    "Generosity": "0.27233"
  },
  "Bhutan": {
    "Happiness Rank": "79",
    "Country": "Bhutan",
    "Region": "Southern Asia",
    "Happiness Score": "5.253",
    "Economy (GDP per Capita)": "0.77042",
    "Family (Social Support)": "1.10395",
    "Health (Life Expectancy)": "0.57407",
    "Freedom": "0.53206",
    "Trust (Government Corruption)": "0.15445",
    "Generosity": "0.47998"
  },
  "Azerbaijan": {
    "Happiness Rank": "80",
    "Country": "Azerbaijan",
    "Region": "Central and Eastern Europe",
    "Happiness Score": "5.212",
    "Economy (GDP per Capita)": "1.02389",
    "Family (Social Support)": "0.93793",
    "Health (Life Expectancy)": "0.64045",
    "Freedom": "0.3703",
    "Trust (Government Corruption)": "0.16065",
    "Generosity": "0.07799"
  },
  "Pakistan": {
    "Happiness Rank": "81",
    "Country": "Pakistan",
    "Region": "Southern Asia",
    "Happiness Score": "5.194",
    "Economy (GDP per Capita)": "0.59543",
    "Family (Social Support)": "0.41411",
    "Health (Life Expectancy)": "0.51466",
    "Freedom": "0.12102",
    "Trust (Government Corruption)": "0.10464",
    "Generosity": "0.33671"
  },
  "Jordan": {
    "Happiness Rank": "82",
    "Country": "Jordan",
    "Region": "Middle East and Northern Africa",
    "Happiness Score": "5.192",
    "Economy (GDP per Capita)": "0.90198",
    "Family (Social Support)": "1.05392",
    "Health (Life Expectancy)": "0.69639",
    "Freedom": "0.40661",
    "Trust (Government Corruption)": "0.14293",
    "Generosity": "0.11053"
  },
  "Montenegro": {
    "Happiness Rank": "82",
    "Country": "Montenegro",
    "Region": "Central and Eastern Europe",
    "Happiness Score": "5.192",
    "Economy (GDP per Capita)": "0.97438",
    "Family (Social Support)": "0.90557",
    "Health (Life Expectancy)": "0.72521",
    "Freedom": "0.1826",
    "Trust (Government Corruption)": "0.14296",
    "Generosity": "0.1614"
  },
  "China": {
    "Happiness Rank": "84",
    "Country": "China",
    "Region": "Eastern Asia",
    "Happiness Score": "5.14",
    "Economy (GDP per Capita)": "0.89012",
    "Family (Social Support)": "0.94675",
    "Health (Life Expectancy)": "0.81658",
    "Freedom": "0.51697",
    "Trust (Government Corruption)": "0.02781",
    "Generosity": "0.08185"
  },
  "Zambia": {
    "Happiness Rank": "85",
    "Country": "Zambia",
    "Region": "Sub-Saharan Africa",
    "Happiness Score": "5.129",
    "Economy (GDP per Capita)": "0.47038",
    "Family (Social Support)": "0.91612",
    "Health (Life Expectancy)": "0.29924",
    "Freedom": "0.48827",
    "Trust (Government Corruption)": "0.12468",
    "Generosity": "0.19591"
  },
  "Romania": {
    "Happiness Rank": "86",
    "Country": "Romania",
    "Region": "Central and Eastern Europe",
    "Happiness Score": "5.124",
    "Economy (GDP per Capita)": "1.04345",
    "Family (Social Support)": "0.88588",
    "Health (Life Expectancy)": "0.7689",
    "Freedom": "0.35068",
    "Trust (Government Corruption)": "0.00649",
    "Generosity": "0.13748"
  },
  "Serbia": {
    "Happiness Rank": "87",
    "Country": "Serbia",
    "Region": "Central and Eastern Europe",
    "Happiness Score": "5.123",
    "Economy (GDP per Capita)": "0.92053",
    "Family (Social Support)": "1.00964",
    "Health (Life Expectancy)": "0.74836",
    "Freedom": "0.20107",
    "Trust (Government Corruption)": "0.02617",
    "Generosity": "0.19231"
  },
  "Portugal": {
    "Happiness Rank": "88",
    "Country": "Portugal",
    "Region": "Western Europe",
    "Happiness Score": "5.102",
    "Economy (GDP per Capita)": "1.15991",
    "Family (Social Support)": "1.13935",
    "Health (Life Expectancy)": "0.87519",
    "Freedom": "0.51469",
    "Trust (Government Corruption)": "0.01078",
    "Generosity": "0.13719"
  },
  "Latvia": {
    "Happiness Rank": "89",
    "Country": "Latvia",
    "Region": "Central and Eastern Europe",
    "Happiness Score": "5.098",
    "Economy (GDP per Capita)": "1.11312",
    "Family (Social Support)": "1.09562",
    "Health (Life Expectancy)": "0.72437",
    "Freedom": "0.29671",
    "Trust (Government Corruption)": "0.06332",
    "Generosity": "0.18226"
  },
  "Philippines": {
    "Happiness Rank": "90",
    "Country": "Philippines",
    "Region": "Southeastern Asia",
    "Happiness Score": "5.073",
    "Economy (GDP per Capita)": "0.70532",
    "Family (Social Support)": "1.03516",
    "Health (Life Expectancy)": "0.58114",
    "Freedom": "0.62545",
    "Trust (Government Corruption)": "0.12279",
    "Generosity": "0.24991"
  },
  "Somaliland region": {
    "Happiness Rank": "91",
    "Country": "Somaliland region",
    "Region": "Sub-Saharan Africa",
    "Happiness Score": "5.057",
    "Economy (GDP per Capita)": "0.18847",
    "Family (Social Support)": "0.95152",
    "Health (Life Expectancy)": "0.43873",
    "Freedom": "0.46582",
    "Trust (Government Corruption)": "0.39928",
    "Generosity": "0.50318"
  },
  "Morocco": {
    "Happiness Rank": "92",
    "Country": "Morocco",
    "Region": "Middle East and Northern Africa",
    "Happiness Score": "5.013",
    "Economy (GDP per Capita)": "0.73479",
    "Family (Social Support)": "0.64095",
    "Health (Life Expectancy)": "0.60954",
    "Freedom": "0.41691",
    "Trust (Government Corruption)": "0.08546",
    "Generosity": "0.07172"
  },
  "Macedonia": {
    "Happiness Rank": "93",
    "Country": "Macedonia",
    "Region": "Central and Eastern Europe",
    "Happiness Score": "5.007",
    "Economy (GDP per Capita)": "0.91851",
    "Family (Social Support)": "1.00232",
    "Health (Life Expectancy)": "0.73545",
    "Freedom": "0.33457",
    "Trust (Government Corruption)": "0.05327",
    "Generosity": "0.22359"
  },
  "Mozambique": {
    "Happiness Rank": "94",
    "Country": "Mozambique",
    "Region": "Sub-Saharan Africa",
    "Happiness Score": "4.971",
    "Economy (GDP per Capita)": "0.08308",
    "Family (Social Support)": "1.02626",
    "Health (Life Expectancy)": "0.09131",
    "Freedom": "0.34037",
    "Trust (Government Corruption)": "0.15603",
    "Generosity": "0.22269"
  },
  "Albania": {
    "Happiness Rank": "95",
    "Country": "Albania",
    "Region": "Central and Eastern Europe",
    "Happiness Score": "4.959",
    "Economy (GDP per Capita)": "0.87867",
    "Family (Social Support)": "0.80434",
    "Health (Life Expectancy)": "0.81325",
    "Freedom": "0.35733",
    "Trust (Government Corruption)": "0.06413",
    "Generosity": "0.14272"
  },
  "Bosnia and Herz.": {
    "Happiness Rank": "96",
    "Country": "Bosnia and Herz.",
    "Region": "Central and Eastern Europe",
    "Happiness Score": "4.949",
    "Economy (GDP per Capita)": "0.83223",
    "Family (Social Support)": "0.91916",
    "Health (Life Expectancy)": "0.79081",
    "Freedom": "0.09245",
    "Trust (Government Corruption)": "0.00227",
    "Generosity": "0.24808"
  },
  "Lesotho": {
    "Happiness Rank": "97",
    "Country": "Lesotho",
    "Region": "Sub-Saharan Africa",
    "Happiness Score": "4.898",
    "Economy (GDP per Capita)": "0.37545",
    "Family (Social Support)": "1.04103",
    "Health (Life Expectancy)": "0.07612",
    "Freedom": "0.31767",
    "Trust (Government Corruption)": "0.12504",
    "Generosity": "0.16388"
  },
  "Dominican Republic": {
    "Happiness Rank": "98",
    "Country": "Dominican Republic",
    "Region": "Latin America and Caribbean",
    "Happiness Score": "4.885",
    "Economy (GDP per Capita)": "0.89537",
    "Family (Social Support)": "1.17202",
    "Health (Life Expectancy)": "0.66825",
    "Freedom": "0.57672",
    "Trust (Government Corruption)": "0.14234",
    "Generosity": "0.21684"
  },
  "Laos": {
    "Happiness Rank": "99",
    "Country": "Laos",
    "Region": "Southeastern Asia",
    "Happiness Score": "4.876",
    "Economy (GDP per Capita)": "0.59066",
    "Family (Social Support)": "0.73803",
    "Health (Life Expectancy)": "0.54909",
    "Freedom": "0.59591",
    "Trust (Government Corruption)": "0.24249",
    "Generosity": "0.42192"
  },
  "Mongolia": {
    "Happiness Rank": "100",
    "Country": "Mongolia",
    "Region": "Eastern Asia",
    "Happiness Score": "4.874",
    "Economy (GDP per Capita)": "0.82819",
    "Family (Social Support)": "1.3006",
    "Health (Life Expectancy)": "0.60268",
    "Freedom": "0.43626",
    "Trust (Government Corruption)": "0.02666",
    "Generosity": "0.3323"
  },
  "Swaziland": {
    "Happiness Rank": "101",
    "Country": "Swaziland",
    "Region": "Sub-Saharan Africa",
    "Happiness Score": "4.867",
    "Economy (GDP per Capita)": "0.71206",
    "Family (Social Support)": "1.07284",
    "Health (Life Expectancy)": "0.07566",
    "Freedom": "0.30658",
    "Trust (Government Corruption)": "0.0306",
    "Generosity": "0.18259"
  },
  "Greece": {
    "Happiness Rank": "102",
    "Country": "Greece",
    "Region": "Western Europe",
    "Happiness Score": "4.857",
    "Economy (GDP per Capita)": "1.15406",
    "Family (Social Support)": "0.92933",
    "Health (Life Expectancy)": "0.88213",
    "Freedom": "0.07699",
    "Trust (Government Corruption)": "0.01397",
    "Generosity": "0"
  },
  "Lebanon": {
    "Happiness Rank": "103",
    "Country": "Lebanon",
    "Region": "Middle East and Northern Africa",
    "Happiness Score": "4.839",
    "Economy (GDP per Capita)": "1.02564",
    "Family (Social Support)": "0.80001",
    "Health (Life Expectancy)": "0.83947",
    "Freedom": "0.33916",
    "Trust (Government Corruption)": "0.04582",
    "Generosity": "0.21854"
  },
  "Hungary": {
    "Happiness Rank": "104",
    "Country": "Hungary",
    "Region": "Central and Eastern Europe",
    "Happiness Score": "4.8",
    "Economy (GDP per Capita)": "1.12094",
    "Family (Social Support)": "1.20215",
    "Health (Life Expectancy)": "0.75905",
    "Freedom": "0.32112",
    "Trust (Government Corruption)": "0.02758",
    "Generosity": "0.128"
  },
  "Honduras": {
    "Happiness Rank": "105",
    "Country": "Honduras",
    "Region": "Latin America and Caribbean",
    "Happiness Score": "4.788",
    "Economy (GDP per Capita)": "0.59532",
    "Family (Social Support)": "0.95348",
    "Health (Life Expectancy)": "0.6951",
    "Freedom": "0.40148",
    "Trust (Government Corruption)": "0.06825",
    "Generosity": "0.23027"
  },
  "Tajikistan": {
    "Happiness Rank": "106",
    "Country": "Tajikistan",
    "Region": "Central and Eastern Europe",
    "Happiness Score": "4.786",
    "Economy (GDP per Capita)": "0.39047",
    "Family (Social Support)": "0.85563",
    "Health (Life Expectancy)": "0.57379",
    "Freedom": "0.47216",
    "Trust (Government Corruption)": "0.15072",
    "Generosity": "0.22974"
  },
  "Tunisia": {
    "Happiness Rank": "107",
    "Country": "Tunisia",
    "Region": "Middle East and Northern Africa",
    "Happiness Score": "4.739",
    "Economy (GDP per Capita)": "0.88113",
    "Family (Social Support)": "0.60429",
    "Health (Life Expectancy)": "0.73793",
    "Freedom": "0.26268",
    "Trust (Government Corruption)": "0.06358",
    "Generosity": "0.06431"
  },
  "Palestinian Territories": {
    "Happiness Rank": "108",
    "Country": "Palestinian Territories",
    "Region": "Middle East and Northern Africa",
    "Happiness Score": "4.715",
    "Economy (GDP per Capita)": "0.59867",
    "Family (Social Support)": "0.92558",
    "Health (Life Expectancy)": "0.66015",
    "Freedom": "0.24499",
    "Trust (Government Corruption)": "0.12905",
    "Generosity": "0.11251"
  },
  "Bangladesh": {
    "Happiness Rank": "109",
    "Country": "Bangladesh",
    "Region": "Southern Asia",
    "Happiness Score": "4.694",
    "Economy (GDP per Capita)": "0.39753",
    "Family (Social Support)": "0.43106",
    "Health (Life Expectancy)": "0.60164",
    "Freedom": "0.4082",
    "Trust (Government Corruption)": "0.12569",
    "Generosity": "0.21222"
  },
  "Iran": {
    "Happiness Rank": "110",
    "Country": "Iran",
    "Region": "Middle East and Northern Africa",
    "Happiness Score": "4.686",
    "Economy (GDP per Capita)": "1.0088",
    "Family (Social Support)": "0.54447",
    "Health (Life Expectancy)": "0.69805",
    "Freedom": "0.30033",
    "Trust (Government Corruption)": "0.05863",
    "Generosity": "0.38086"
  },
  "Ukraine": {
    "Happiness Rank": "111",
    "Country": "Ukraine",
    "Region": "Central and Eastern Europe",
    "Happiness Score": "4.681",
    "Economy (GDP per Capita)": "0.79907",
    "Family (Social Support)": "1.20278",
    "Health (Life Expectancy)": "0.6739",
    "Freedom": "0.25123",
    "Trust (Government Corruption)": "0.02961",
    "Generosity": "0.15275"
  },
  "Iraq": {
    "Happiness Rank": "112",
    "Country": "Iraq",
    "Region": "Middle East and Northern Africa",
    "Happiness Score": "4.677",
    "Economy (GDP per Capita)": "0.98549",
    "Family (Social Support)": "0.81889",
    "Health (Life Expectancy)": "0.60237",
    "Freedom": "0",
    "Trust (Government Corruption)": "0.13788",
    "Generosity": "0.17922"
  },
  "South Africa": {
    "Happiness Rank": "113",
    "Country": "South Africa",
    "Region": "Sub-Saharan Africa",
    "Happiness Score": "4.642",
    "Economy (GDP per Capita)": "0.92049",
    "Family (Social Support)": "1.18468",
    "Health (Life Expectancy)": "0.27688",
    "Freedom": "0.33207",
    "Trust (Government Corruption)": "0.08884",
    "Generosity": "0.11973"
  },
  "Ghana": {
    "Happiness Rank": "114",
    "Country": "Ghana",
    "Region": "Sub-Saharan Africa",
    "Happiness Score": "4.633",
    "Economy (GDP per Capita)": "0.54558",
    "Family (Social Support)": "0.67954",
    "Health (Life Expectancy)": "0.40132",
    "Freedom": "0.42342",
    "Trust (Government Corruption)": "0.04355",
    "Generosity": "0.23087"
  },
  "Zimbabwe": {
    "Happiness Rank": "115",
    "Country": "Zimbabwe",
    "Region": "Sub-Saharan Africa",
    "Happiness Score": "4.61",
    "Economy (GDP per Capita)": "0.271",
    "Family (Social Support)": "1.03276",
    "Health (Life Expectancy)": "0.33475",
    "Freedom": "0.25861",
    "Trust (Government Corruption)": "0.08079",
    "Generosity": "0.18987"
  },
  "Liberia": {
    "Happiness Rank": "116",
    "Country": "Liberia",
    "Region": "Sub-Saharan Africa",
    "Happiness Score": "4.571",
    "Economy (GDP per Capita)": "0.0712",
    "Family (Social Support)": "0.78968",
    "Health (Life Expectancy)": "0.34201",
    "Freedom": "0.28531",
    "Trust (Government Corruption)": "0.06232",
    "Generosity": "0.24362"
  },
  "India": {
    "Happiness Rank": "117",
    "Country": "India",
    "Region": "Southern Asia",
    "Happiness Score": "4.565",
    "Economy (GDP per Capita)": "0.64499",
    "Family (Social Support)": "0.38174",
    "Health (Life Expectancy)": "0.51529",
    "Freedom": "0.39786",
    "Trust (Government Corruption)": "0.08492",
    "Generosity": "0.26475"
  },
  "Sudan": {
    "Happiness Rank": "118",
    "Country": "Sudan",
    "Region": "Sub-Saharan Africa",
    "Happiness Score": "4.55",
    "Economy (GDP per Capita)": "0.52107",
    "Family (Social Support)": "1.01404",
    "Health (Life Expectancy)": "0.36878",
    "Freedom": "0.10081",
    "Trust (Government Corruption)": "0.1466",
    "Generosity": "0.19062"
  },
  "Haiti": {
    "Happiness Rank": "119",
    "Country": "Haiti",
    "Region": "Latin America and Caribbean",
    "Happiness Score": "4.518",
    "Economy (GDP per Capita)": "0.26673",
    "Family (Social Support)": "0.74302",
    "Health (Life Expectancy)": "0.38847",
    "Freedom": "0.24425",
    "Trust (Government Corruption)": "0.17175",
    "Generosity": "0.46187"
  },
  "Dem. Rep. Congo": {
    "Happiness Rank": "120",
    "Country": "Dem. Rep. Congo",
    "Region": "Sub-Saharan Africa",
    "Happiness Score": "4.517",
    "Economy (GDP per Capita)": "0",
    "Family (Social Support)": "1.0012",
    "Health (Life Expectancy)": "0.09806",
    "Freedom": "0.22605",
    "Trust (Government Corruption)": "0.07625",
    "Generosity": "0.24834"
  },
  "Nepal": {
    "Happiness Rank": "121",
    "Country": "Nepal",
    "Region": "Southern Asia",
    "Happiness Score": "4.514",
    "Economy (GDP per Capita)": "0.35997",
    "Family (Social Support)": "0.86449",
    "Health (Life Expectancy)": "0.56874",
    "Freedom": "0.38282",
    "Trust (Government Corruption)": "0.05907",
    "Generosity": "0.32296"
  },
  "Ethiopia": {
    "Happiness Rank": "122",
    "Country": "Ethiopia",
    "Region": "Sub-Saharan Africa",
    "Happiness Score": "4.512",
    "Economy (GDP per Capita)": "0.19073",
    "Family (Social Support)": "0.60406",
    "Health (Life Expectancy)": "0.44055",
    "Freedom": "0.4345",
    "Trust (Government Corruption)": "0.15048",
    "Generosity": "0.24325"
  },
  "Sierra Leone": {
    "Happiness Rank": "123",
    "Country": "Sierra Leone",
    "Region": "Sub-Saharan Africa",
    "Happiness Score": "4.507",
    "Economy (GDP per Capita)": "0.33024",
    "Family (Social Support)": "0.95571",
    "Health (Life Expectancy)": "0",
    "Freedom": "0.4084",
    "Trust (Government Corruption)": "0.08786",
    "Generosity": "0.21488"
  },
  "Mauritania": {
    "Happiness Rank": "124",
    "Country": "Mauritania",
    "Region": "Sub-Saharan Africa",
    "Happiness Score": "4.436",
    "Economy (GDP per Capita)": "0.45407",
    "Family (Social Support)": "0.86908",
    "Health (Life Expectancy)": "0.35874",
    "Freedom": "0.24232",
    "Trust (Government Corruption)": "0.17461",
    "Generosity": "0.219"
  },
  "Kenya": {
    "Happiness Rank": "125",
    "Country": "Kenya",
    "Region": "Sub-Saharan Africa",
    "Happiness Score": "4.419",
    "Economy (GDP per Capita)": "0.36471",
    "Family (Social Support)": "0.99876",
    "Health (Life Expectancy)": "0.41435",
    "Freedom": "0.42215",
    "Trust (Government Corruption)": "0.05839",
    "Generosity": "0.37542"
  },
  "Djibouti": {
    "Happiness Rank": "126",
    "Country": "Djibouti",
    "Region": "Sub-Saharan Africa",
    "Happiness Score": "4.369",
    "Economy (GDP per Capita)": "0.44025",
    "Family (Social Support)": "0.59207",
    "Health (Life Expectancy)": "0.36291",
    "Freedom": "0.46074",
    "Trust (Government Corruption)": "0.28105",
    "Generosity": "0.18093"
  },
  "Armenia": {
    "Happiness Rank": "127",
    "Country": "Armenia",
    "Region": "Central and Eastern Europe",
    "Happiness Score": "4.35",
    "Economy (GDP per Capita)": "0.76821",
    "Family (Social Support)": "0.77711",
    "Health (Life Expectancy)": "0.7299",
    "Freedom": "0.19847",
    "Trust (Government Corruption)": "0.039",
    "Generosity": "0.07855"
  },
  "Botswana": {
    "Happiness Rank": "128",
    "Country": "Botswana",
    "Region": "Sub-Saharan Africa",
    "Happiness Score": "4.332",
    "Economy (GDP per Capita)": "0.99355",
    "Family (Social Support)": "1.10464",
    "Health (Life Expectancy)": "0.04776",
    "Freedom": "0.49495",
    "Trust (Government Corruption)": "0.12474",
    "Generosity": "0.10461"
  },
  "Myanmar": {
    "Happiness Rank": "129",
    "Country": "Myanmar",
    "Region": "Southeastern Asia",
    "Happiness Score": "4.307",
    "Economy (GDP per Capita)": "0.27108",
    "Family (Social Support)": "0.70905",
    "Health (Life Expectancy)": "0.48246",
    "Freedom": "0.44017",
    "Trust (Government Corruption)": "0.19034",
    "Generosity": "0.79588"
  },
  "Georgia": {
    "Happiness Rank": "130",
    "Country": "Georgia",
    "Region": "Central and Eastern Europe",
    "Happiness Score": "4.297",
    "Economy (GDP per Capita)": "0.7419",
    "Family (Social Support)": "0.38562",
    "Health (Life Expectancy)": "0.72926",
    "Freedom": "0.40577",
    "Trust (Government Corruption)": "0.38331",
    "Generosity": "0.05547"
  },
  "Malawi": {
    "Happiness Rank": "131",
    "Country": "Malawi",
    "Region": "Sub-Saharan Africa",
    "Happiness Score": "4.292",
    "Economy (GDP per Capita)": "0.01604",
    "Family (Social Support)": "0.41134",
    "Health (Life Expectancy)": "0.22562",
    "Freedom": "0.43054",
    "Trust (Government Corruption)": "0.06977",
    "Generosity": "0.33128"
  },
  "Sri Lanka": {
    "Happiness Rank": "132",
    "Country": "Sri Lanka",
    "Region": "Southern Asia",
    "Happiness Score": "4.271",
    "Economy (GDP per Capita)": "0.83524",
    "Family (Social Support)": "1.01905",
    "Health (Life Expectancy)": "0.70806",
    "Freedom": "0.53726",
    "Trust (Government Corruption)": "0.09179",
    "Generosity": "0.40828"
  },
  "Cameroon": {
    "Happiness Rank": "133",
    "Country": "Cameroon",
    "Region": "Sub-Saharan Africa",
    "Happiness Score": "4.252",
    "Economy (GDP per Capita)": "0.4225",
    "Family (Social Support)": "0.88767",
    "Health (Life Expectancy)": "0.23402",
    "Freedom": "0.49309",
    "Trust (Government Corruption)": "0.05786",
    "Generosity": "0.20618"
  },
  "Bulgaria": {
    "Happiness Rank": "134",
    "Country": "Bulgaria",
    "Region": "Central and Eastern Europe",
    "Happiness Score": "4.218",
    "Economy (GDP per Capita)": "1.01216",
    "Family (Social Support)": "1.10614",
    "Health (Life Expectancy)": "0.76649",
    "Freedom": "0.30587",
    "Trust (Government Corruption)": "0.00872",
    "Generosity": "0.11921"
  },
  "Egypt": {
    "Happiness Rank": "135",
    "Country": "Egypt",
    "Region": "Middle East and Northern Africa",
    "Happiness Score": "4.194",
    "Economy (GDP per Capita)": "0.8818",
    "Family (Social Support)": "0.747",
    "Health (Life Expectancy)": "0.61712",
    "Freedom": "0.17288",
    "Trust (Government Corruption)": "0.06324",
    "Generosity": "0.11291"
  },
  "Yemen": {
    "Happiness Rank": "136",
    "Country": "Yemen",
    "Region": "Middle East and Northern Africa",
    "Happiness Score": "4.077",
    "Economy (GDP per Capita)": "0.54649",
    "Family (Social Support)": "0.68093",
    "Health (Life Expectancy)": "0.40064",
    "Freedom": "0.35571",
    "Trust (Government Corruption)": "0.07854",
    "Generosity": "0.09131"
  },
  "Angola": {
    "Happiness Rank": "137",
    "Country": "Angola",
    "Region": "Sub-Saharan Africa",
    "Happiness Score": "4.033",
    "Economy (GDP per Capita)": "0.75778",
    "Family (Social Support)": "0.8604",
    "Health (Life Expectancy)": "0.16683",
    "Freedom": "0.10384",
    "Trust (Government Corruption)": "0.07122",
    "Generosity": "0.12344"
  },
  "Mali": {
    "Happiness Rank": "138",
    "Country": "Mali",
    "Region": "Sub-Saharan Africa",
    "Happiness Score": "3.995",
    "Economy (GDP per Capita)": "0.26074",
    "Family (Social Support)": "1.03526",
    "Health (Life Expectancy)": "0.20583",
    "Freedom": "0.38857",
    "Trust (Government Corruption)": "0.12352",
    "Generosity": "0.18798"
  },
  "Congo": {
    "Happiness Rank": "139",
    "Country": "Congo",
    "Region": "Sub-Saharan Africa",
    "Happiness Score": "3.989",
    "Economy (GDP per Capita)": "0.67866",
    "Family (Social Support)": "0.6629",
    "Health (Life Expectancy)": "0.31051",
    "Freedom": "0.41466",
    "Trust (Government Corruption)": "0.11686",
    "Generosity": "0.12388"
  },
  "Comoros": {
    "Happiness Rank": "140",
    "Country": "Comoros",
    "Region": "Sub-Saharan Africa",
    "Happiness Score": "3.956",
    "Economy (GDP per Capita)": "0.23906",
    "Family (Social Support)": "0.79273",
    "Health (Life Expectancy)": "0.36315",
    "Freedom": "0.22917",
    "Trust (Government Corruption)": "0.199",
    "Generosity": "0.17441"
  },
  "Uganda": {
    "Happiness Rank": "141",
    "Country": "Uganda",
    "Region": "Sub-Saharan Africa",
    "Happiness Score": "3.931",
    "Economy (GDP per Capita)": "0.21102",
    "Family (Social Support)": "1.13299",
    "Health (Life Expectancy)": "0.33861",
    "Freedom": "0.45727",
    "Trust (Government Corruption)": "0.07267",
    "Generosity": "0.29066"
  },
  "Senegal": {
    "Happiness Rank": "142",
    "Country": "Senegal",
    "Region": "Sub-Saharan Africa",
    "Happiness Score": "3.904",
    "Economy (GDP per Capita)": "0.36498",
    "Family (Social Support)": "0.97619",
    "Health (Life Expectancy)": "0.4354",
    "Freedom": "0.36772",
    "Trust (Government Corruption)": "0.10713",
    "Generosity": "0.20843"
  },
  "Gabon": {
    "Happiness Rank": "143",
    "Country": "Gabon",
    "Region": "Sub-Saharan Africa",
    "Happiness Score": "3.896",
    "Economy (GDP per Capita)": "1.06024",
    "Family (Social Support)": "0.90528",
    "Health (Life Expectancy)": "0.43372",
    "Freedom": "0.31914",
    "Trust (Government Corruption)": "0.11091",
    "Generosity": "0.06822"
  },
  "Niger": {
    "Happiness Rank": "144",
    "Country": "Niger",
    "Region": "Sub-Saharan Africa",
    "Happiness Score": "3.845",
    "Economy (GDP per Capita)": "0.0694",
    "Family (Social Support)": "0.77265",
    "Health (Life Expectancy)": "0.29707",
    "Freedom": "0.47692",
    "Trust (Government Corruption)": "0.15639",
    "Generosity": "0.19387"
  },
  "Cambodia": {
    "Happiness Rank": "145",
    "Country": "Cambodia",
    "Region": "Southeastern Asia",
    "Happiness Score": "3.819",
    "Economy (GDP per Capita)": "0.46038",
    "Family (Social Support)": "0.62736",
    "Health (Life Expectancy)": "0.61114",
    "Freedom": "0.66246",
    "Trust (Government Corruption)": "0.07247",
    "Generosity": "0.40359"
  },
  "Tanzania": {
    "Happiness Rank": "146",
    "Country": "Tanzania",
    "Region": "Sub-Saharan Africa",
    "Happiness Score": "3.781",
    "Economy (GDP per Capita)": "0.2852",
    "Family (Social Support)": "1.00268",
    "Health (Life Expectancy)": "0.38215",
    "Freedom": "0.32878",
    "Trust (Government Corruption)": "0.05747",
    "Generosity": "0.34377"
  },
  "Madagascar": {
    "Happiness Rank": "147",
    "Country": "Madagascar",
    "Region": "Sub-Saharan Africa",
    "Happiness Score": "3.681",
    "Economy (GDP per Capita)": "0.20824",
    "Family (Social Support)": "0.66801",
    "Health (Life Expectancy)": "0.46721",
    "Freedom": "0.19184",
    "Trust (Government Corruption)": "0.08124",
    "Generosity": "0.21333"
  },
  "Central African Rep.": {
    "Happiness Rank": "148",
    "Country": "Central African Rep.",
    "Region": "Sub-Saharan Africa",
    "Happiness Score": "3.678",
    "Economy (GDP per Capita)": "0.0785",
    "Family (Social Support)": "0",
    "Health (Life Expectancy)": "0.06699",
    "Freedom": "0.48879",
    "Trust (Government Corruption)": "0.08289",
    "Generosity": "0.23835"
  },
  "Chad": {
    "Happiness Rank": "149",
    "Country": "Chad",
    "Region": "Sub-Saharan Africa",
    "Happiness Score": "3.667",
    "Economy (GDP per Capita)": "0.34193",
    "Family (Social Support)": "0.76062",
    "Health (Life Expectancy)": "0.1501",
    "Freedom": "0.23501",
    "Trust (Government Corruption)": "0.05269",
    "Generosity": "0.18386"
  },
  "Guinea": {
    "Happiness Rank": "150",
    "Country": "Guinea",
    "Region": "Sub-Saharan Africa",
    "Happiness Score": "3.656",
    "Economy (GDP per Capita)": "0.17417",
    "Family (Social Support)": "0.46475",
    "Health (Life Expectancy)": "0.24009",
    "Freedom": "0.37725",
    "Trust (Government Corruption)": "0.12139",
    "Generosity": "0.28657"
  },
  "Côte d'Ivoire": {
    "Happiness Rank": "151",
    "Country": "Côte d'Ivoire",
    "Region": "Sub-Saharan Africa",
    "Happiness Score": "3.655",
    "Economy (GDP per Capita)": "0.46534",
    "Family (Social Support)": "0.77115",
    "Health (Life Expectancy)": "0.15185",
    "Freedom": "0.46866",
    "Trust (Government Corruption)": "0.17922",
    "Generosity": "0.20165"
  },
  "Burkina Faso": {
    "Happiness Rank": "152",
    "Country": "Burkina Faso",
    "Region": "Sub-Saharan Africa",
    "Happiness Score": "3.587",
    "Economy (GDP per Capita)": "0.25812",
    "Family (Social Support)": "0.85188",
    "Health (Life Expectancy)": "0.27125",
    "Freedom": "0.39493",
    "Trust (Government Corruption)": "0.12832",
    "Generosity": "0.21747"
  },
  "Afghanistan": {
    "Happiness Rank": "153",
    "Country": "Afghanistan",
    "Region": "Southern Asia",
    "Happiness Score": "3.575",
    "Economy (GDP per Capita)": "0.31982",
    "Family (Social Support)": "0.30285",
    "Health (Life Expectancy)": "0.30335",
    "Freedom": "0.23414",
    "Trust (Government Corruption)": "0.09719",
    "Generosity": "0.3651"
  },
  "Rwanda": {
    "Happiness Rank": "154",
    "Country": "Rwanda",
    "Region": "Sub-Saharan Africa",
    "Happiness Score": "3.465",
    "Economy (GDP per Capita)": "0.22208",
    "Family (Social Support)": "0.7737",
    "Health (Life Expectancy)": "0.42864",
    "Freedom": "0.59201",
    "Trust (Government Corruption)": "0.55191",
    "Generosity": "0.22628"
  },
  "Benin": {
    "Happiness Rank": "155",
    "Country": "Benin",
    "Region": "Sub-Saharan Africa",
    "Happiness Score": "3.34",
    "Economy (GDP per Capita)": "0.28665",
    "Family (Social Support)": "0.35386",
    "Health (Life Expectancy)": "0.3191",
    "Freedom": "0.4845",
    "Trust (Government Corruption)": "0.0801",
    "Generosity": "0.1826"
  },
  "Syria": {
    "Happiness Rank": "156",
    "Country": "Syria",
    "Region": "Middle East and Northern Africa",
    "Happiness Score": "3.006",
    "Economy (GDP per Capita)": "0.6632",
    "Family (Social Support)": "0.47489",
    "Health (Life Expectancy)": "0.72193",
    "Freedom": "0.15684",
    "Trust (Government Corruption)": "0.18906",
    "Generosity": "0.47179"
  },
  "Burundi": {
    "Happiness Rank": "157",
    "Country": "Burundi",
    "Region": "Sub-Saharan Africa",
    "Happiness Score": "2.905",
    "Economy (GDP per Capita)": "0.0153",
    "Family (Social Support)": "0.41587",
    "Health (Life Expectancy)": "0.22396",
    "Freedom": "0.1185",
    "Trust (Government Corruption)": "0.10062",
    "Generosity": "0.19727"
  },
  "Togo": {
    "Happiness Rank": "158",
    "Country": "Togo",
    "Region": "Sub-Saharan Africa",
    "Happiness Score": "2.839",
    "Economy (GDP per Capita)": "0.20868",
    "Family (Social Support)": "0.13995",
    "Health (Life Expectancy)": "0.28443",
    "Freedom": "0.36453",
    "Trust (Government Corruption)": "0.10731",
    "Generosity": "0.16681"
  }
}
