{
  "Denmark": {
    "Happiness Rank": "1",
    "Country": "Denmark",
    "Region": "Western Europe",
    "Happiness Score": "7.526",
    "Economy (GDP per Capita)": "1.44178",
    "Family (Social Support)": "1.16374",
    "Health (Life Expectancy)": "0.79504",
    "Freedom": "0.57941",
    "Trust (Government Corruption)": "0.44453",
    "Generosity": "0.36171"
  },
  "Switzerland": {
    "Happiness Rank": "2",
    "Country": "Switzerland",
    "Region": "Western Europe",
    "Happiness Score": "7.509",
    "Economy (GDP per Capita)": "1.52733",
    "Family (Social Support)": "1.14524",
    "Health (Life Expectancy)": "0.86303",
    "Freedom": "0.58557",
    "Trust (Government Corruption)": "0.41203",
    "Generosity": "0.28083"
  },
  "Iceland": {
    "Happiness Rank": "3",
    "Country": "Iceland",
    "Region": "Western Europe",
    "Happiness Score": "7.501",
    "Economy (GDP per Capita)": "1.42666",
    "Family (Social Support)": "1.18326",
    "Health (Life Expectancy)": "0.86733",
    "Freedom": "0.56624",
    "Trust (Government Corruption)": "0.14975",
    "Generosity": "0.47678"
  },
  "Norway": {
    "Happiness Rank": "4",
    "Country": "Norway",
    "Region": "Western Europe",
    "Happiness Score": "7.498",
    "Economy (GDP per Capita)": "1.57744",
    "Family (Social Support)": "1.1269",
    "Health (Life Expectancy)": "0.79579",
    "Freedom": "0.59609",
    "Trust (Government Corruption)": "0.35776",
    "Generosity": "0.37895"
  },
  "Finland": {
    "Happiness Rank": "5",
    "Country": "Finland",
    "Region": "Western Europe",
    "Happiness Score": "7.413",
    "Economy (GDP per Capita)": "1.40598",
    "Family (Social Support)": "1.13464",
    "Health (Life Expectancy)": "0.81091",
    "Freedom": "0.57104",
    "Trust (Government Corruption)": "0.41004",
    "Generosity": "0.25492"
  },
  "Canada": {
    "Happiness Rank": "6",
    "Country": "Canada",
    "Region": "North America",
    "Happiness Score": "7.404",
    "Economy (GDP per Capita)": "1.44015",
    "Family (Social Support)": "1.0961",
    "Health (Life Expectancy)": "0.8276",
    "Freedom": "0.5737",
    "Trust (Government Corruption)": "0.31329",
    "Generosity": "0.44834"
  },
  "Netherlands": {
    "Happiness Rank": "7",
    "Country": "Netherlands",
    "Region": "Western Europe",
    "Happiness Score": "7.339",
    "Economy (GDP per Capita)": "1.46468",
    "Family (Social Support)": "1.02912",
    "Health (Life Expectancy)": "0.81231",
    "Freedom": "0.55211",
    "Trust (Government Corruption)": "0.29927",
    "Generosity": "0.47416"
  },
  "New Zealand": {
    "Happiness Rank": "8",
    "Country": "New Zealand",
    "Region": "Australia and New Zealand",
    "Happiness Score": "7.334",
    "Economy (GDP per Capita)": "1.36066",
    "Family (Social Support)": "1.17278",
    "Health (Life Expectancy)": "0.83096",
    "Freedom": "0.58147",
    "Trust (Government Corruption)": "0.41904",
    "Generosity": "0.49401"
  },
  "Australia": {
    "Happiness Rank": "9",
    "Country": "Australia",
    "Region": "Australia and New Zealand",
    "Happiness Score": "7.313",
    "Economy (GDP per Capita)": "1.44443",
    "Family (Social Support)": "1.10476",
    "Health (Life Expectancy)": "0.8512",
    "Freedom": "0.56837",
    "Trust (Government Corruption)": "0.32331",
    "Generosity": "0.47407"
  },
  "Sweden": {
    "Happiness Rank": "10",
    "Country": "Sweden",
    "Region": "Western Europe",
    "Happiness Score": "7.291",
    "Economy (GDP per Capita)": "1.45181",
    "Family (Social Support)": "1.08764",
    "Health (Life Expectancy)": "0.83121",
    "Freedom": "0.58218",
    "Trust (Government Corruption)": "0.40867",
    "Generosity": "0.38254"
  },
  "Israel": {
    "Happiness Rank": "11",
    "Country": "Israel",
    "Region": "Middle East and Northern Africa",
    "Happiness Score": "7.267",
    "Economy (GDP per Capita)": "1.33766",
    "Family (Social Support)": "0.99537",
    "Health (Life Expectancy)": "0.84917",
    "Freedom": "0.36432",
    "Trust (Government Corruption)": "0.08728",
    "Generosity": "0.32288"
  },
  "Austria": {
    "Happiness Rank": "12",
    "Country": "Austria",
    "Region": "Western Europe",
    "Happiness Score": "7.119",
    "Economy (GDP per Capita)": "1.45038",
    "Family (Social Support)": "1.08383",
    "Health (Life Expectancy)": "0.80565",
    "Freedom": "0.54355",
    "Trust (Government Corruption)": "0.21348",
    "Generosity": "0.32865"
  },
  "United States of America": {
    "Happiness Rank": "13",
    "Country": "United States of America",
    "Region": "North America",
    "Happiness Score": "7.104",
    "Economy (GDP per Capita)": "1.50796",
    "Family (Social Support)": "1.04782",
    "Health (Life Expectancy)": "0.779",
    "Freedom": "0.48163",
    "Trust (Government Corruption)": "0.14868",
    "Generosity": "0.41077"
  },
  "Costa Rica": {
    "Happiness Rank": "14",
    "Country": "Costa Rica",
    "Region": "Latin America and Caribbean",
    "Happiness Score": "7.087",
    "Economy (GDP per Capita)": "1.06879",
    "Family (Social Support)": "1.02152",
    "Health (Life Expectancy)": "0.76146",
    "Freedom": "0.55225",
    "Trust (Government Corruption)": "0.10547",
    "Generosity": "0.22553"
  },
  "Puerto Rico": {
    "Happiness Rank": "15",
    "Country": "Puerto Rico",
    "Region": "Latin America and Caribbean",
    "Happiness Score": "7.039",
    "Economy (GDP per Capita)": "1.35943",
    "Family (Social Support)": "1.08113",
    "Health (Life Expectancy)": "0.77758",
    "Freedom": "0.46823",
    "Trust (Government Corruption)": "0.12275",
    "Generosity": "0.22202"
  },
  "Germany": {
    "Happiness Rank": "16",
    "Country": "Germany",
    "Region": "Western Europe",
    "Happiness Score": "6.994",
    "Economy (GDP per Capita)": "1.44787",
    "Family (Social Support)": "1.09774",
    "Health (Life Expectancy)": "0.81487",
    "Freedom": "0.53466",
    "Trust (Government Corruption)": "0.28551",
    "Generosity": "0.30452"
  },
  "Brazil": {
    "Happiness Rank": "17",
    "Country": "Brazil",
    "Region": "Latin America and Caribbean",
    "Happiness Score": "6.952",
    "Economy (GDP per Capita)": "1.08754",
    "Family (Social Support)": "1.03938",
    "Health (Life Expectancy)": "0.61415",
    "Freedom": "0.40425",
    "Trust (Government Corruption)": "0.14166",
    "Generosity": "0.15776"
  },
  "Belgium": {
    "Happiness Rank": "18",
    "Country": "Belgium",
    "Region": "Western Europe",
    "Happiness Score": "6.929",
    "Economy (GDP per Capita)": "1.42539",
    "Family (Social Support)": "1.05249",
    "Health (Life Expectancy)": "0.81959",
    "Freedom": "0.51354",
    "Trust (Government Corruption)": "0.26248",
    "Generosity": "0.2424"
  },
  "Ireland": {
    "Happiness Rank": "19",
    "Country": "Ireland",
    "Region": "Western Europe",
    "Happiness Score": "6.907",
    "Economy (GDP per Capita)": "1.48341",
    "Family (Social Support)": "1.16157",
    "Health (Life Expectancy)": "0.81455",
    "Freedom": "0.54008",
    "Trust (Government Corruption)": "0.29754",
    "Generosity": "0.44963"
  },
  "Luxembourg": {
    "Happiness Rank": "20",
    "Country": "Luxembourg",
    "Region": "Western Europe",
    "Happiness Score": "6.871",
    "Economy (GDP per Capita)": "1.69752",
    "Family (Social Support)": "1.03999",
    "Health (Life Expectancy)": "0.84542",
    "Freedom": "0.5487",
    "Trust (Government Corruption)": "0.35329",
    "Generosity": "0.27571"
  },
  "Mexico": {
    "Happiness Rank": "21",
    "Country": "Mexico",
    "Region": "Latin America and Caribbean",
    "Happiness Score": "6.778",
    "Economy (GDP per Capita)": "1.11508",
    "Family (Social Support)": "0.7146",
    "Health (Life Expectancy)": "0.71143",
    "Freedom": "0.37709",
    "Trust (Government Corruption)": "0.18355",
    "Generosity": "0.11735"
  },
  "Singapore": {
    "Happiness Rank": "22",
    "Country": "Singapore",
    "Region": "Southeastern Asia",
    "Happiness Score": "6.739",
    "Economy (GDP per Capita)": "1.64555",
    "Family (Social Support)": "0.86758",
    "Health (Life Expectancy)": "0.94719",
    "Freedom": "0.4877",
    "Trust (Government Corruption)": "0.46987",
    "Generosity": "0.32706"
  },
  "United Kingdom": {
    "Happiness Rank": "23",
    "Country": "United Kingdom",
    "Region": "Western Europe",
    "Happiness Score": "6.725",
    "Economy (GDP per Capita)": "1.40283",
    "Family (Social Support)": "1.08672",
    "Health (Life Expectancy)": "0.80991",
    "Freedom": "0.50036",
    "Trust (Government Corruption)": "0.27399",
    "Generosity": "0.50156"
  },
  "Chile": {
    "Happiness Rank": "24",
    "Country": "Chile",
    "Region": "Latin America and Caribbean",
    "Happiness Score": "6.705",
    "Economy (GDP per Capita)": "1.2167",
    "Family (Social Support)": "0.90587",
    "Health (Life Expectancy)": "0.81883",
    "Freedom": "0.37789",
    "Trust (Government Corruption)": "0.11451",
    "Generosity": "0.31595"
  },
  "Panama": {
    "Happiness Rank": "25",
    "Country": "Panama",
    "Region": "Latin America and Caribbean",
    "Happiness Score": "6.701",
    "Economy (GDP per Capita)": "1.18306",
    "Family (Social Support)": "0.98912",
    "Health (Life Expectancy)": "0.70835",
    "Freedom": "0.48927",
    "Trust (Government Corruption)": "0.08423",
    "Generosity": "0.2418"
  },
  "Argentina": {
    "Happiness Rank": "26",
    "Country": "Argentina",
    "Region": "Latin America and Caribbean",
    "Happiness Score": "6.65",
    "Economy (GDP per Capita)": "1.15137",
    "Family (Social Support)": "1.06612",
    "Health (Life Expectancy)": "0.69711",
    "Freedom": "0.42284",
    "Trust (Government Corruption)": "0.07296",
    "Generosity": "0.10989"
  },
  "Czechia": {
    "Happiness Rank": "27",
    "Country": "Czechia",
    "Region": "Central and Eastern Europe",
    "Happiness Score": "6.596",
    "Economy (GDP per Capita)": "1.30915",
    "Family (Social Support)": "1.00793",
    "Health (Life Expectancy)": "0.76376",
    "Freedom": "0.41418",
    "Trust (Government Corruption)": "0.03986",
    "Generosity": "0.09929"
  },
  "United Arab Emirates": {
    "Happiness Rank": "28",
    "Country": "United Arab Emirates",
    "Region": "Middle East and Northern Africa",
    "Happiness Score": "6.573",
    "Economy (GDP per Capita)": "1.57352",
    "Family (Social Support)": "0.87114",
    "Health (Life Expectancy)": "0.72993",
    "Freedom": "0.56215",
    "Trust (Government Corruption)": "0.35561",
    "Generosity": "0.26591"
  },
  "Uruguay": {
    "Happiness Rank": "29",
    "Country": "Uruguay",
    "Region": "Latin America and Caribbean",
    "Happiness Score": "6.545",
    "Economy (GDP per Capita)": "1.18157",
    "Family (Social Support)": "1.03143",
    "Health (Life Expectancy)": "0.72183",
    "Freedom": "0.54388",
    "Trust (Government Corruption)": "0.21394",
    "Generosity": "0.18056"
  },
  "Malta": {
    "Happiness Rank": "30",
    "Country": "Malta",
    "Region": "Western Europe",
    "Happiness Score": "6.488",
    "Economy (GDP per Capita)": "1.30782",
    "Family (Social Support)": "1.09879",
    "Health (Life Expectancy)": "0.80315",
    "Freedom": "0.54994",
    "Trust (Government Corruption)": "0.17554",
    "Generosity": "0.56237"
  },
  "Colombia": {
    "Happiness Rank": "31",
    "Country": "Colombia",
    "Region": "Latin America and Caribbean",
    "Happiness Score": "6.481",
    "Economy (GDP per Capita)": "1.03032",
    "Family (Social Support)": "1.02169",
    "Health (Life Expectancy)": "0.59659",
    "Freedom": "0.44735",
    "Trust (Government Corruption)": "0.05399",
    "Generosity": "0.15626"
  },
  "France": {
    "Happiness Rank": "32",
    "Country": "France",
    "Region": "Western Europe",
    "Happiness Score": "6.478",
    "Economy (GDP per Capita)": "1.39488",
    "Family (Social Support)": "1.00508",
    "Health (Life Expectancy)": "0.83795",
    "Freedom": "0.46562",
    "Trust (Government Corruption)": "0.17808",
    "Generosity": "0.1216"
  },
  "Thailand": {
    "Happiness Rank": "33",
    "Country": "Thailand",
    "Region": "Southeastern Asia",
    "Happiness Score": "6.474",
    "Economy (GDP per Capita)": "1.0893",
    "Family (Social Support)": "1.04477",
    "Health (Life Expectancy)": "0.64915",
    "Freedom": "0.49553",
    "Trust (Government Corruption)": "0.02833",
    "Generosity": "0.58696"
  },
  "Saudi Arabia": {
    "Happiness Rank": "34",
    "Country": "Saudi Arabia",
    "Region": "Middle East and Northern Africa",
    "Happiness Score": "6.379",
    "Economy (GDP per Capita)": "1.48953",
    "Family (Social Support)": "0.84829",
    "Health (Life Expectancy)": "0.59267",
    "Freedom": "0.37904",
    "Trust (Government Corruption)": "0.30008",
    "Generosity": "0.15457"
  },
  "Taiwan": {
    "Happiness Rank": "34",
    "Country": "Taiwan",
    "Region": "Eastern Asia",
    "Happiness Score": "6.379",
    "Economy (GDP per Capita)": "1.39729",
    "Family (Social Support)": "0.92624",
    "Health (Life Expectancy)": "0.79565",
    "Freedom": "0.32377",
    "Trust (Government Corruption)": "0.0663",
    "Generosity": "0.25495"
  },
  "Qatar": {
    "Happiness Rank": "36",
    "Country": "Qatar",
    "Region": "Middle East and Northern Africa",
    "Happiness Score": "6.375",
    "Economy (GDP per Capita)": "1.82427",
    "Family (Social Support)": "0.87964",
    "Health (Life Expectancy)": "0.71723",
    "Freedom": "0.56679",
    "Trust (Government Corruption)": "0.48049",
    "Generosity": "0.32388"
  },
  "Spain": {
    "Happiness Rank": "37",
    "Country": "Spain",
    "Region": "Western Europe",
    "Happiness Score": "6.361",
    "Economy (GDP per Capita)": "1.34253",
    "Family (Social Support)": "1.12945",
    "Health (Life Expectancy)": "0.87896",
    "Freedom": "0.37545",
    "Trust (Government Corruption)": "0.06137",
    "Generosity": "0.17665"
  },
  "Algeria": {
    "Happiness Rank": "38",
    "Country": "Algeria",
    "Region": "Middle East and Northern Africa",
    "Happiness Score": "6.355",
    "Economy (GDP per Capita)": "1.05266",
    "Family (Social Support)": "0.83309",
    "Health (Life Expectancy)": "0.61804",
    "Freedom": "0.21006",
    "Trust (Government Corruption)": "0.16157",
    "Generosity": "0.07044"
  },
  "Guatemala": {
    "Happiness Rank": "39",
    "Country": "Guatemala",
    "Region": "Latin America and Caribbean",
    "Happiness Score": "6.324",
    "Economy (GDP per Capita)": "0.83454",
    "Family (Social Support)": "0.87119",
    "Health (Life Expectancy)": "0.54039",
    "Freedom": "0.50379",
    "Trust (Government Corruption)": "0.08701",
    "Generosity": "0.28808"
  },
  "Suriname": {
    "Happiness Rank": "40",
    "Country": "Suriname",
    "Region": "Latin America and Caribbean",
    "Happiness Score": "6.269",
    "Economy (GDP per Capita)": "1.09686",
    "Family (Social Support)": "0.77866",
    "Health (Life Expectancy)": "0.50933",
    "Freedom": "0.52234",
    "Trust (Government Corruption)": "0.12692",
    "Generosity": "0.16665"
  },
  "Kuwait": {
    "Happiness Rank": "41",
    "Country": "Kuwait",
    "Region": "Middle East and Northern Africa",
    "Happiness Score": "6.239",
    "Economy (GDP per Capita)": "1.61714",
    "Family (Social Support)": "0.87758",
    "Health (Life Expectancy)": "0.63569",
    "Freedom": "0.43166",
    "Trust (Government Corruption)": "0.23669",
    "Generosity": "0.15965"
  },
  "Bahrain": {
    "Happiness Rank": "42",
    "Country": "Bahrain",
    "Region": "Middle East and Northern Africa",
    "Happiness Score": "6.218",
    "Economy (GDP per Capita)": "1.44024",
    "Family (Social Support)": "0.94397",
    "Health (Life Expectancy)": "0.65696",
    "Freedom": "0.47375",
    "Trust (Government Corruption)": "0.25772",
    "Generosity": "0.17147"
  },
  "Trinidad and Tobago": {
    "Happiness Rank": "43",
    "Country": "Trinidad and Tobago",
    "Region": "Latin America and Caribbean",
    "Happiness Score": "6.168",
    "Economy (GDP per Capita)": "1.32572",
    "Family (Social Support)": "0.98569",
    "Health (Life Expectancy)": "0.52608",
    "Freedom": "0.48453",
    "Trust (Government Corruption)": "0.01241",
    "Generosity": "0.31935"
  },
  "Venezuela": {
    "Happiness Rank": "44",
    "Country": "Venezuela",
    "Region": "Latin America and Caribbean",
    "Happiness Score": "6.084",
    "Economy (GDP per Capita)": "1.13367",
    "Family (Social Support)": "1.03302",
    "Health (Life Expectancy)": "0.61904",
    "Freedom": "0.19847",
    "Trust (Government Corruption)": "0.08304",
    "Generosity": "0.0425"
  },
  "Slovakia": {
    "Happiness Rank": "45",
    "Country": "Slovakia",
    "Region": "Central and Eastern Europe",
    "Happiness Score": "6.078",
    "Economy (GDP per Capita)": "1.27973",
    "Family (Social Support)": "1.08268",
    "Health (Life Expectancy)": "0.70367",
    "Freedom": "0.23391",
    "Trust (Government Corruption)": "0.02947",
    "Generosity": "0.13837"
  },
  "El Salvador": {
    "Happiness Rank": "46",
    "Country": "El Salvador",
    "Region": "Latin America and Caribbean",
    "Happiness Score": "6.068",
    "Economy (GDP per Capita)": "0.8737",
    "Family (Social Support)": "0.80975",
    "Health (Life Expectancy)": "0.596",
    "Freedom": "0.37269",
    "Trust (Government Corruption)": "0.10613",
    "Generosity": "0.08877"
  },
  "Malaysia": {
    "Happiness Rank": "47",
    "Country": "Malaysia",
    "Region": "Southeastern Asia",
    "Happiness Score": "6.005",
    "Economy (GDP per Capita)": "1.25142",
    "Family (Social Support)": "0.88025",
    "Health (Life Expectancy)": "0.62366",
    "Freedom": "0.39031",
    "Trust (Government Corruption)": "0.09081",
    "Generosity": "0.41474"
  },
  "Nicaragua": {
    "Happiness Rank": "48",
    "Country": "Nicaragua",
    "Region": "Latin America and Caribbean",
    "Happiness Score": "5.992",
    "Economy (GDP per Capita)": "0.69384",
    "Family (Social Support)": "0.89521",
    "Health (Life Expectancy)": "0.65213",
    "Freedom": "0.46582",
    "Trust (Government Corruption)": "0.16292",
    "Generosity": "0.29773"
  },
  "Uzbekistan": {
    "Happiness Rank": "49",
    "Country": "Uzbekistan",
    "Region": "Central and Eastern Europe",
    "Happiness Score": "5.987",
    "Economy (GDP per Capita)": "0.73591",
    "Family (Social Support)": "1.1681",
    "Health (Life Expectancy)": "0.50163",
    "Freedom": "0.60848",
    "Trust (Government Corruption)": "0.28333",
    "Generosity": "0.34326"
  },
  "Italy": {
    "Happiness Rank": "50",
    "Country": "Italy",
    "Region": "Western Europe",
    "Happiness Score": "5.977",
    "Economy (GDP per Capita)": "1.35495",
    "Family (Social Support)": "1.04167",
    "Health (Life Expectancy)": "0.85102",
    "Freedom": "0.18827",
    "Trust (Government Corruption)": "0.02556",
    "Generosity": "0.16684"
  },
  "Ecuador": {
    "Happiness Rank": "51",
    "Country": "Ecuador",
    "Region": "Latin America and Caribbean",
    "Happiness Score": "5.976",
    "Economy (GDP per Capita)": "0.97306",
    "Family (Social Support)": "0.85974",
    "Health (Life Expectancy)": "0.68613",
    "Freedom": "0.4027",
    "Trust (Government Corruption)": "0.18037",
    "Generosity": "0.10074"
  },
  "Belize": {
    "Happiness Rank": "52",
    "Country": "Belize",
    "Region": "Latin America and Caribbean",
    "Happiness Score": "5.956",
    "Economy (GDP per Capita)": "0.87616",
    "Family (Social Support)": "0.68655",
    "Health (Life Expectancy)": "0.45569",
    "Freedom": "0.51231",
    "Trust (Government Corruption)": "0.10771",
    "Generosity": "0.23684"
  },
  "Japan": {
    "Happiness Rank": "53",
    "Country": "Japan",
    "Region": "Eastern Asia",
    "Happiness Score": "5.921",
    "Economy (GDP per Capita)": "1.38007",
    "Family (Social Support)": "1.06054",
    "Health (Life Expectancy)": "0.91491",
    "Freedom": "0.46761",
    "Trust (Government Corruption)": "0.18985",
    "Generosity": "0.10224"
  },
  "Kazakhstan": {
    "Happiness Rank": "54",
    "Country": "Kazakhstan",
    "Region": "Central and Eastern Europe",
    "Happiness Score": "5.919",
    "Economy (GDP per Capita)": "1.22943",
    "Family (Social Support)": "0.95544",
    "Health (Life Expectancy)": "0.57386",
    "Freedom": "0.4052",
    "Trust (Government Corruption)": "0.11132",
    "Generosity": "0.15011"
  },
  "Moldova": {
    "Happiness Rank": "55",
    "Country": "Moldova",
    "Region": "Central and Eastern Europe",
    "Happiness Score": "5.897",
    "Economy (GDP per Capita)": "0.69177",
    "Family (Social Support)": "0.83132",
    "Health (Life Expectancy)": "0.52309",
    "Freedom": "0.25202",
    "Trust (Government Corruption)": "0.01903",
    "Generosity": "0.19997"
  },
  "Russia": {
    "Happiness Rank": "56",
    "Country": "Russia",
    "Region": "Central and Eastern Europe",
    "Happiness Score": "5.856",
    "Economy (GDP per Capita)": "1.23228",
    "Family (Social Support)": "1.05261",
    "Health (Life Expectancy)": "0.58991",
    "Freedom": "0.32682",
    "Trust (Government Corruption)": "0.03586",
    "Generosity": "0.02736"
  },
  "Poland": {
    "Happiness Rank": "57",
    "Country": "Poland",
    "Region": "Central and Eastern Europe",
    "Happiness Score": "5.835",
    "Economy (GDP per Capita)": "1.24585",
    "Family (Social Support)": "1.04685",
    "Health (Life Expectancy)": "0.69058",
    "Freedom": "0.4519",
    "Trust (Government Corruption)": "0.055",
    "Generosity": "0.14443"
  },
  "South Korea": {
    "Happiness Rank": "57",
    "Country": "South Korea",
    "Region": "Eastern Asia",
    "Happiness Score": "5.835",
    "Economy (GDP per Capita)": "1.35948",
    "Family (Social Support)": "0.72194",
    "Health (Life Expectancy)": "0.88645",
    "Freedom": "0.25168",
    "Trust (Government Corruption)": "0.07716",
    "Generosity": "0.18824"
  },
  "Bolivia": {
    "Happiness Rank": "59",
    "Country": "Bolivia",
    "Region": "Latin America and Caribbean",
    "Happiness Score": "5.822",
    "Economy (GDP per Capita)": "0.79422",
    "Family (Social Support)": "0.83779",
    "Health (Life Expectancy)": "0.4697",
    "Freedom": "0.50961",
    "Trust (Government Corruption)": "0.07746",
    "Generosity": "0.21698"
  },
  "Lithuania": {
    "Happiness Rank": "60",
    "Country": "Lithuania",
    "Region": "Central and Eastern Europe",
    "Happiness Score": "5.813",
    "Economy (GDP per Capita)": "1.2692",
    "Family (Social Support)": "1.06411",
    "Health (Life Expectancy)": "0.64674",
    "Freedom": "0.18929",
    "Trust (Government Corruption)": "0.0182",
    "Generosity": "0.02025"
  },
  "Belarus": {
    "Happiness Rank": "61",
    "Country": "Belarus",
    "Region": "Central and Eastern Europe",
    "Happiness Score": "5.802",
    "Economy (GDP per Capita)": "1.13062",
    "Family (Social Support)": "1.04993",
    "Health (Life Expectancy)": "0.63104",
    "Freedom": "0.29091",
    "Trust (Government Corruption)": "0.17457",
    "Generosity": "0.13942"
  },
  "North Cyprus": {
    "Happiness Rank": "62",
    "Country": "North Cyprus",
    "Region": "Western Europe",
    "Happiness Score": "5.771",
    "Economy (GDP per Capita)": "1.31141",
    "Family (Social Support)": "0.81826",
    "Health (Life Expectancy)": "0.84142",
    "Freedom": "0.43596",
    "Trust (Government Corruption)": "0.16578",
    "Generosity": "0.26322"
  },
  "Slovenia": {
    "Happiness Rank": "63",
    "Country": "Slovenia",
    "Region": "Central and Eastern Europe",
    "Happiness Score": "5.768",
    "Economy (GDP per Capita)": "1.29947",
    "Family (Social Support)": "1.05613",
    "Health (Life Expectancy)": "0.79151",
    "Freedom": "0.53164",
    "Trust (Government Corruption)": "0.03635",
    "Generosity": "0.25738"
  },
  "Peru": {
    "Happiness Rank": "64",
    "Country": "Peru",
    "Region": "Latin America and Caribbean",
    "Happiness Score": "5.743",
    "Economy (GDP per Capita)": "0.99602",
    "Family (Social Support)": "0.81255",
    "Health (Life Expectancy)": "0.62994",
    "Freedom": "0.37502",
    "Trust (Government Corruption)": "0.05292",
    "Generosity": "0.14527"
  },
  "Turkmenistan": {
    "Happiness Rank": "65",
    "Country": "Turkmenistan",
    "Region": "Central and Eastern Europe",
    "Happiness Score": "5.658",
    "Economy (GDP per Capita)": "1.08017",
    "Family (Social Support)": "1.03817",
    "Health (Life Expectancy)": "0.44006",
    "Freedom": "0.37408",
    "Trust (Government Corruption)": "0.28467",
    "Generosity": "0.22567"
  },
  "Mauritius": {
    "Happiness Rank": "66",
    "Country": "Mauritius",
    "Region": "Sub-Saharan Africa",
    "Happiness Score": "5.648",
    "Economy (GDP per Capita)": "1.14372",
    "Family (Social Support)": "0.75695",
    "Health (Life Expectancy)": "0.66189",
    "Freedom": "0.46145",
    "Trust (Government Corruption)": "0.05203",
    "Generosity": "0.36951"
  },
  "Libya": {
    "Happiness Rank": "67",
    "Country": "Libya",
    "Region": "Middle East and Northern Africa",
    "Happiness Score": "5.615",
    "Economy (GDP per Capita)": "1.06688",
    "Family (Social Support)": "0.95076",
    "Health (Life Expectancy)": "0.52304",
    "Freedom": "0.40672",
    "Trust (Government Corruption)": "0.10339",
    "Generosity": "0.17087"
  },
  "Latvia": {
    "Happiness Rank": "68",
    "Country": "Latvia",
    "Region": "Central and Eastern Europe",
    "Happiness Score": "5.56",
    "Economy (GDP per Capita)": "1.21788",
    "Family (Social Support)": "0.95025",
    "Health (Life Expectancy)": "0.63952",
    "Freedom": "0.27996",
    "Trust (Government Corruption)": "0.0889",
    "Generosity": "0.17445"
  },
  "Cyprus": {
    "Happiness Rank": "69",
    "Country": "Cyprus",
    "Region": "Western Europe",
    "Happiness Score": "5.546",
    "Economy (GDP per Capita)": "1.31857",
    "Family (Social Support)": "0.70697",
    "Health (Life Expectancy)": "0.8488",
    "Freedom": "0.29507",
    "Trust (Government Corruption)": "0.05228",
    "Generosity": "0.27906"
  },
  "Paraguay": {
    "Happiness Rank": "70",
    "Country": "Paraguay",
    "Region": "Latin America and Caribbean",
    "Happiness Score": "5.538",
    "Economy (GDP per Capita)": "0.89373",
    "Family (Social Support)": "1.11111",
    "Health (Life Expectancy)": "0.58295",
    "Freedom": "0.46235",
    "Trust (Government Corruption)": "0.07396",
    "Generosity": "0.25296"
  },
  "Romania": {
    "Happiness Rank": "71",
    "Country": "Romania",
    "Region": "Central and Eastern Europe",
    "Happiness Score": "5.528",
    "Economy (GDP per Capita)": "1.1697",
    "Family (Social Support)": "0.72803",
    "Health (Life Expectancy)": "0.67602",
    "Freedom": "0.36712",
    "Trust (Government Corruption)": "0.00679",
    "Generosity": "0.12889"
  },
  "Estonia": {
    "Happiness Rank": "72",
    "Country": "Estonia",
    "Region": "Central and Eastern Europe",
    "Happiness Score": "5.517",
    "Economy (GDP per Capita)": "1.27964",
    "Family (Social Support)": "1.05163",
    "Health (Life Expectancy)": "0.68098",
    "Freedom": "0.41511",
    "Trust (Government Corruption)": "0.18519",
    "Generosity": "0.08423"
  },
  "Jamaica": {
    "Happiness Rank": "73",
    "Country": "Jamaica",
    "Region": "Latin America and Caribbean",
    "Happiness Score": "5.51",
    "Economy (GDP per Capita)": "0.89333",
    "Family (Social Support)": "0.96372",
    "Health (Life Expectancy)": "0.59469",
    "Freedom": "0.43597",
    "Trust (Government Corruption)": "0.04294",
    "Generosity": "0.22245"
  },
  "Croatia": {
    "Happiness Rank": "74",
    "Country": "Croatia",
    "Region": "Central and Eastern Europe",
    "Happiness Score": "5.488",
    "Economy (GDP per Capita)": "1.18649",
    "Family (Social Support)": "0.60809",
    "Health (Life Expectancy)": "0.70524",
    "Freedom": "0.23907",
    "Trust (Government Corruption)": "0.04002",
    "Generosity": "0.18434"
  },
  "Hong Kong": {
    "Happiness Rank": "75",
    "Country": "Hong Kong",
    "Region": "Eastern Asia",
    "Happiness Score": "5.458",
    "Economy (GDP per Capita)": "1.5107",
    "Family (Social Support)": "0.87021",
    "Health (Life Expectancy)": "0.95277",
    "Freedom": "0.48079",
    "Trust (Government Corruption)": "0.31647",
    "Generosity": "0.40097"
  },
  "Somalia": {
    "Happiness Rank": "76",
    "Country": "Somalia",
    "Region": "Sub-Saharan Africa",
    "Happiness Score": "5.44",
    "Economy (GDP per Capita)": "0",
    "Family (Social Support)": "0.33613",
    "Health (Life Expectancy)": "0.11466",
    "Freedom": "0.56778",
    "Trust (Government Corruption)": "0.3118",
    "Generosity": "0.27225"
  },
  "Kosovo": {
    "Happiness Rank": "77",
    "Country": "Kosovo",
    "Region": "Central and Eastern Europe",
    "Happiness Score": "5.401",
    "Economy (GDP per Capita)": "0.90145",
    "Family (Social Support)": "0.66062",
    "Health (Life Expectancy)": "0.54",
    "Freedom": "0.14396",
    "Trust (Government Corruption)": "0.06547",
    "Generosity": "0.27992"
  },
  "Turkey": {
    "Happiness Rank": "78",
    "Country": "Turkey",
    "Region": "Middle East and Northern Africa",
    "Happiness Score": "5.389",
    "Economy (GDP per Capita)": "1.16492",
    "Family (Social Support)": "0.87717",
    "Health (Life Expectancy)": "0.64718",
    "Freedom": "0.23889",
    "Trust (Government Corruption)": "0.12348",
    "Generosity": "0.04707"
  },
  "Indonesia": {
    "Happiness Rank": "79",
    "Country": "Indonesia",
    "Region": "Southeastern Asia",
    "Happiness Score": "5.314",
    "Economy (GDP per Capita)": "0.95104",
    "Family (Social Support)": "0.87625",
    "Health (Life Expectancy)": "0.49374",
    "Freedom": "0.39237",
    "Trust (Government Corruption)": "0.00322",
    "Generosity": "0.56521"
  },
  "Jordan": {
    "Happiness Rank": "80",
    "Country": "Jordan",
    "Region": "Middle East and Northern Africa",
    "Happiness Score": "5.303",
    "Economy (GDP per Capita)": "0.99673",
    "Family (Social Support)": "0.86216",
    "Health (Life Expectancy)": "0.60712",
    "Freedom": "0.36023",
    "Trust (Government Corruption)": "0.13297",
    "Generosity": "0.14262"
  },
  "Azerbaijan": {
    "Happiness Rank": "81",
    "Country": "Azerbaijan",
    "Region": "Central and Eastern Europe",
    "Happiness Score": "5.291",
    "Economy (GDP per Capita)": "1.12373",
    "Family (Social Support)": "0.76042",
    "Health (Life Expectancy)": "0.54504",
    "Freedom": "0.35327",
    "Trust (Government Corruption)": "0.17914",
    "Generosity": "0.0564"
  },
  "Philippines": {
    "Happiness Rank": "82",
    "Country": "Philippines",
    "Region": "Southeastern Asia",
    "Happiness Score": "5.279",
    "Economy (GDP per Capita)": "0.81217",
    "Family (Social Support)": "0.87877",
    "Health (Life Expectancy)": "0.47036",
    "Freedom": "0.54854",
    "Trust (Government Corruption)": "0.11757",
    "Generosity": "0.21674"
  },
  "China": {
    "Happiness Rank": "83",
    "Country": "China",
    "Region": "Eastern Asia",
    "Happiness Score": "5.245",
    "Economy (GDP per Capita)": "1.0278",
    "Family (Social Support)": "0.79381",
    "Health (Life Expectancy)": "0.73561",
    "Freedom": "0.44012",
    "Trust (Government Corruption)": "0.02745",
    "Generosity": "0.04959"
  },
  "Bhutan": {
    "Happiness Rank": "84",
    "Country": "Bhutan",
    "Region": "Southern Asia",
    "Happiness Score": "5.196",
    "Economy (GDP per Capita)": "0.8527",
    "Family (Social Support)": "0.90836",
    "Health (Life Expectancy)": "0.49759",
    "Freedom": "0.46074",
    "Trust (Government Corruption)": "0.1616",
    "Generosity": "0.48546"
  },
  "Kyrgyzstan": {
    "Happiness Rank": "85",
    "Country": "Kyrgyzstan",
    "Region": "Central and Eastern Europe",
    "Happiness Score": "5.185",
    "Economy (GDP per Capita)": "0.56044",
    "Family (Social Support)": "0.95434",
    "Health (Life Expectancy)": "0.55449",
    "Freedom": "0.40212",
    "Trust (Government Corruption)": "0.04762",
    "Generosity": "0.38432"
  },
  "Serbia": {
    "Happiness Rank": "86",
    "Country": "Serbia",
    "Region": "Central and Eastern Europe",
    "Happiness Score": "5.177",
    "Economy (GDP per Capita)": "1.03437",
    "Family (Social Support)": "0.81329",
    "Health (Life Expectancy)": "0.6458",
    "Freedom": "0.15718",
    "Trust (Government Corruption)": "0.04339",
    "Generosity": "0.20737"
  },
  "Bosnia and Herz.": {
    "Happiness Rank": "87",
    "Country": "Bosnia and Herz.",
    "Region": "Central and Eastern Europe",
    "Happiness Score": "5.163",
    "Economy (GDP per Capita)": "0.93383",
    "Family (Social Support)": "0.64367",
    "Health (Life Expectancy)": "0.70766",
    "Freedom": "0.09511",
    "Trust (Government Corruption)": "0",
    "Generosity": "0.29889"
  },
  "Montenegro": {
    "Happiness Rank": "88",
    "Country": "Montenegro",
    "Region": "Central and Eastern Europe",
    "Happiness Score": "5.161",
    "Economy (GDP per Capita)": "1.07838",
    "Family (Social Support)": "0.74173",
    "Health (Life Expectancy)": "0.63533",
    "Freedom": "0.15111",
    "Trust (Government Corruption)": "0.12721",
    "Generosity": "0.17191"
  },
  "Dominican Republic": {
    "Happiness Rank": "89",
    "Country": "Dominican Republic",
    "Region": "Latin America and Caribbean",
    "Happiness Score": "5.155",
    "Economy (GDP per Capita)": "1.02787",
    "Family (Social Support)": "0.99496",
    "Health (Life Expectancy)": "0.57669",
    "Freedom": "0.52259",
    "Trust (Government Corruption)": "0.12372",
    "Generosity": "0.21286"
  },
  "Morocco": {
    "Happiness Rank": "90",
    "Country": "Morocco",
    "Region": "Middle East and Northern Africa",
    "Happiness Score": "5.151",
    "Economy (GDP per Capita)": "0.84058",
    "Family (Social Support)": "0.38595",
    "Health (Life Expectancy)": "0.59471",
    "Freedom": "0.25646",
    "Trust (Government Corruption)": "0.08404",
    "Generosity": "0.04053"
  },
  "Hungary": {
    "Happiness Rank": "91",
    "Country": "Hungary",
    "Region": "Central and Eastern Europe",
    "Happiness Score": "5.145",
    "Economy (GDP per Capita)": "1.24142",
    "Family (Social Support)": "0.93164",
    "Health (Life Expectancy)": "0.67608",
    "Freedom": "0.1977",
    "Trust (Government Corruption)": "0.04472",
    "Generosity": "0.099"
  },
  "Pakistan": {
    "Happiness Rank": "92",
    "Country": "Pakistan",
    "Region": "Southern Asia",
    "Happiness Score": "5.132",
    "Economy (GDP per Capita)": "0.68816",
    "Family (Social Support)": "0.26135",
    "Health (Life Expectancy)": "0.40306",
    "Freedom": "0.14622",
    "Trust (Government Corruption)": "0.1388",
    "Generosity": "0.31185"
  },
  "Lebanon": {
    "Happiness Rank": "93",
    "Country": "Lebanon",
    "Region": "Middle East and Northern Africa",
    "Happiness Score": "5.129",
    "Economy (GDP per Capita)": "1.12268",
    "Family (Social Support)": "0.64184",
    "Health (Life Expectancy)": "0.76171",
    "Freedom": "0.26228",
    "Trust (Government Corruption)": "0.03061",
    "Generosity": "0.23693"
  },
  "Portugal": {
    "Happiness Rank": "94",
    "Country": "Portugal",
    "Region": "Western Europe",
    "Happiness Score": "5.123",
    "Economy (GDP per Capita)": "1.27607",
    "Family (Social Support)": "0.94367",
    "Health (Life Expectancy)": "0.79363",
    "Freedom": "0.44727",
    "Trust (Government Corruption)": "0.01521",
    "Generosity": "0.11691"
  },
  "Macedonia": {
    "Happiness Rank": "95",
    "Country": "Macedonia",
    "Region": "Central and Eastern Europe",
    "Happiness Score": "5.121",
    "Economy (GDP per Capita)": "1.0193",
    "Family (Social Support)": "0.78236",
    "Health (Life Expectancy)": "0.64738",
    "Freedom": "0.27668",
    "Trust (Government Corruption)": "0.07047",
    "Generosity": "0.23507"
  },
  "Vietnam": {
    "Happiness Rank": "96",
    "Country": "Vietnam",
    "Region": "Southeastern Asia",
    "Happiness Score": "5.061",
    "Economy (GDP per Capita)": "0.74037",
    "Family (Social Support)": "0.79117",
    "Health (Life Expectancy)": "0.66157",
    "Freedom": "0.55954",
    "Trust (Government Corruption)": "0.11556",
    "Generosity": "0.25075"
  },
  "Somaliland Region": {
    "Happiness Rank": "97",
    "Country": "Somaliland Region",
    "Region": "Sub-Saharan Africa",
    "Happiness Score": "5.057",
    "Economy (GDP per Capita)": "0.25558",
    "Family (Social Support)": "0.75862",
    "Health (Life Expectancy)": "0.33108",
    "Freedom": "0.3913",
    "Trust (Government Corruption)": "0.36794",
    "Generosity": "0.51479"
  },
  "Tunisia": {
    "Happiness Rank": "98",
    "Country": "Tunisia",
    "Region": "Middle East and Northern Africa",
    "Happiness Score": "5.045",
    "Economy (GDP per Capita)": "0.97724",
    "Family (Social Support)": "0.43165",
    "Health (Life Expectancy)": "0.59577",
    "Freedom": "0.23553",
    "Trust (Government Corruption)": "0.0817",
    "Generosity": "0.03936"
  },
  "Greece": {
    "Happiness Rank": "99",
    "Country": "Greece",
    "Region": "Western Europe",
    "Happiness Score": "5.033",
    "Economy (GDP per Capita)": "1.24886",
    "Family (Social Support)": "0.75473",
    "Health (Life Expectancy)": "0.80029",
    "Freedom": "0.05822",
    "Trust (Government Corruption)": "0.04127",
    "Generosity": "0"
  },
  "Tajikistan": {
    "Happiness Rank": "100",
    "Country": "Tajikistan",
    "Region": "Central and Eastern Europe",
    "Happiness Score": "4.996",
    "Economy (GDP per Capita)": "0.48835",
    "Family (Social Support)": "0.75602",
    "Health (Life Expectancy)": "0.53119",
    "Freedom": "0.43408",
    "Trust (Government Corruption)": "0.13509",
    "Generosity": "0.25998"
  },
  "Mongolia": {
    "Happiness Rank": "101",
    "Country": "Mongolia",
    "Region": "Eastern Asia",
    "Happiness Score": "4.907",
    "Economy (GDP per Capita)": "0.98853",
    "Family (Social Support)": "1.08983",
    "Health (Life Expectancy)": "0.55469",
    "Freedom": "0.35972",
    "Trust (Government Corruption)": "0.03285",
    "Generosity": "0.34539"
  },
  "Laos": {
    "Happiness Rank": "102",
    "Country": "Laos",
    "Region": "Southeastern Asia",
    "Happiness Score": "4.876",
    "Economy (GDP per Capita)": "0.68042",
    "Family (Social Support)": "0.5497",
    "Health (Life Expectancy)": "0.38291",
    "Freedom": "0.52168",
    "Trust (Government Corruption)": "0.22423",
    "Generosity": "0.43079"
  },
  "Nigeria": {
    "Happiness Rank": "103",
    "Country": "Nigeria",
    "Region": "Sub-Saharan Africa",
    "Happiness Score": "4.875",
    "Economy (GDP per Capita)": "0.75216",
    "Family (Social Support)": "0.64498",
    "Health (Life Expectancy)": "0.05108",
    "Freedom": "0.27854",
    "Trust (Government Corruption)": "0.0305",
    "Generosity": "0.23219"
  },
  "Honduras": {
    "Happiness Rank": "104",
    "Country": "Honduras",
    "Region": "Latin America and Caribbean",
    "Happiness Score": "4.871",
    "Economy (GDP per Capita)": "0.69429",
    "Family (Social Support)": "0.75596",
    "Health (Life Expectancy)": "0.58383",
    "Freedom": "0.26755",
    "Trust (Government Corruption)": "0.06906",
    "Generosity": "0.2044"
  },
  "Iran": {
    "Happiness Rank": "105",
    "Country": "Iran",
    "Region": "Middle East and Northern Africa",
    "Happiness Score": "4.813",
    "Economy (GDP per Capita)": "1.11758",
    "Family (Social Support)": "0.38857",
    "Health (Life Expectancy)": "0.64232",
    "Freedom": "0.22544",
    "Trust (Government Corruption)": "0.0557",
    "Generosity": "0.38538"
  },
  "Zambia": {
    "Happiness Rank": "106",
    "Country": "Zambia",
    "Region": "Sub-Saharan Africa",
    "Happiness Score": "4.795",
    "Economy (GDP per Capita)": "0.61202",
    "Family (Social Support)": "0.6376",
    "Health (Life Expectancy)": "0.23573",
    "Freedom": "0.42662",
    "Trust (Government Corruption)": "0.11479",
    "Generosity": "0.17866"
  },
  "Nepal": {
    "Happiness Rank": "107",
    "Country": "Nepal",
    "Region": "Southern Asia",
    "Happiness Score": "4.793",
    "Economy (GDP per Capita)": "0.44626",
    "Family (Social Support)": "0.69699",
    "Health (Life Expectancy)": "0.50073",
    "Freedom": "0.37012",
    "Trust (Government Corruption)": "0.07008",
    "Generosity": "0.3816"
  },
  "Palestinian Territories": {
    "Happiness Rank": "108",
    "Country": "Palestinian Territories",
    "Region": "Middle East and Northern Africa",
    "Happiness Score": "4.754",
    "Economy (GDP per Capita)": "0.67024",
    "Family (Social Support)": "0.71629",
    "Health (Life Expectancy)": "0.56844",
    "Freedom": "0.17744",
    "Trust (Government Corruption)": "0.10613",
    "Generosity": "0.11154"
  },
  "Albania": {
    "Happiness Rank": "109",
    "Country": "Albania",
    "Region": "Central and Eastern Europe",
    "Happiness Score": "4.655",
    "Economy (GDP per Capita)": "0.9553",
    "Family (Social Support)": "0.50163",
    "Health (Life Expectancy)": "0.73007",
    "Freedom": "0.31866",
    "Trust (Government Corruption)": "0.05301",
    "Generosity": "0.1684"
  },
  "Bangladesh": {
    "Happiness Rank": "110",
    "Country": "Bangladesh",
    "Region": "Southern Asia",
    "Happiness Score": "4.643",
    "Economy (GDP per Capita)": "0.54177",
    "Family (Social Support)": "0.24749",
    "Health (Life Expectancy)": "0.52989",
    "Freedom": "0.39778",
    "Trust (Government Corruption)": "0.12583",
    "Generosity": "0.19132"
  },
  "Sierra Leone": {
    "Happiness Rank": "111",
    "Country": "Sierra Leone",
    "Region": "Sub-Saharan Africa",
    "Happiness Score": "4.635",
    "Economy (GDP per Capita)": "0.36485",
    "Family (Social Support)": "0.628",
    "Health (Life Expectancy)": "0",
    "Freedom": "0.30685",
    "Trust (Government Corruption)": "0.08196",
    "Generosity": "0.23897"
  },
  "Iraq": {
    "Happiness Rank": "112",
    "Country": "Iraq",
    "Region": "Middle East and Northern Africa",
    "Happiness Score": "4.575",
    "Economy (GDP per Capita)": "1.07474",
    "Family (Social Support)": "0.59205",
    "Health (Life Expectancy)": "0.51076",
    "Freedom": "0.24856",
    "Trust (Government Corruption)": "0.13636",
    "Generosity": "0.19589"
  },
  "Namibia": {
    "Happiness Rank": "113",
    "Country": "Namibia",
    "Region": "Sub-Saharan Africa",
    "Happiness Score": "4.574",
    "Economy (GDP per Capita)": "0.93287",
    "Family (Social Support)": "0.70362",
    "Health (Life Expectancy)": "0.34745",
    "Freedom": "0.48614",
    "Trust (Government Corruption)": "0.10398",
    "Generosity": "0.07795"
  },
  "Cameroon": {
    "Happiness Rank": "114",
    "Country": "Cameroon",
    "Region": "Sub-Saharan Africa",
    "Happiness Score": "4.513",
    "Economy (GDP per Capita)": "0.52497",
    "Family (Social Support)": "0.62542",
    "Health (Life Expectancy)": "0.12698",
    "Freedom": "0.42736",
    "Trust (Government Corruption)": "0.06126",
    "Generosity": "0.2268"
  },
  "Ethiopia": {
    "Happiness Rank": "115",
    "Country": "Ethiopia",
    "Region": "Sub-Saharan Africa",
    "Happiness Score": "4.508",
    "Economy (GDP per Capita)": "0.29283",
    "Family (Social Support)": "0.37932",
    "Health (Life Expectancy)": "0.34578",
    "Freedom": "0.36703",
    "Trust (Government Corruption)": "0.1717",
    "Generosity": "0.29522"
  },
  "South Africa": {
    "Happiness Rank": "116",
    "Country": "South Africa",
    "Region": "Sub-Saharan Africa",
    "Happiness Score": "4.459",
    "Economy (GDP per Capita)": "1.02416",
    "Family (Social Support)": "0.96053",
    "Health (Life Expectancy)": "0.18611",
    "Freedom": "0.42483",
    "Trust (Government Corruption)": "0.08415",
    "Generosity": "0.13656"
  },
  "Sri Lanka": {
    "Happiness Rank": "117",
    "Country": "Sri Lanka",
    "Region": "Southern Asia",
    "Happiness Score": "4.415",
    "Economy (GDP per Capita)": "0.97318",
    "Family (Social Support)": "0.84783",
    "Health (Life Expectancy)": "0.62007",
    "Freedom": "0.50817",
    "Trust (Government Corruption)": "0.07964",
    "Generosity": "0.46978"
  },
  "India": {
    "Happiness Rank": "118",
    "Country": "India",
    "Region": "Southern Asia",
    "Happiness Score": "4.404",
    "Economy (GDP per Capita)": "0.74036",
    "Family (Social Support)": "0.29247",
    "Health (Life Expectancy)": "0.45091",
    "Freedom": "0.40285",
    "Trust (Government Corruption)": "0.08722",
    "Generosity": "0.25028"
  },
  "Myanmar": {
    "Happiness Rank": "119",
    "Country": "Myanmar",
    "Region": "Southeastern Asia",
    "Happiness Score": "4.395",
    "Economy (GDP per Capita)": "0.34112",
    "Family (Social Support)": "0.69981",
    "Health (Life Expectancy)": "0.3988",
    "Freedom": "0.42692",
    "Trust (Government Corruption)": "0.20243",
    "Generosity": "0.81971"
  },
  "Egypt": {
    "Happiness Rank": "120",
    "Country": "Egypt",
    "Region": "Middle East and Northern Africa",
    "Happiness Score": "4.362",
    "Economy (GDP per Capita)": "0.95395",
    "Family (Social Support)": "0.49813",
    "Health (Life Expectancy)": "0.52116",
    "Freedom": "0.18847",
    "Trust (Government Corruption)": "0.10393",
    "Generosity": "0.12706"
  },
  "Armenia": {
    "Happiness Rank": "121",
    "Country": "Armenia",
    "Region": "Central and Eastern Europe",
    "Happiness Score": "4.36",
    "Economy (GDP per Capita)": "0.86086",
    "Family (Social Support)": "0.62477",
    "Health (Life Expectancy)": "0.64083",
    "Freedom": "0.14037",
    "Trust (Government Corruption)": "0.03616",
    "Generosity": "0.07793"
  },
  "Kenya": {
    "Happiness Rank": "122",
    "Country": "Kenya",
    "Region": "Sub-Saharan Africa",
    "Happiness Score": "4.356",
    "Economy (GDP per Capita)": "0.52267",
    "Family (Social Support)": "0.7624",
    "Health (Life Expectancy)": "0.30147",
    "Freedom": "0.40576",
    "Trust (Government Corruption)": "0.06686",
    "Generosity": "0.41328"
  },
  "Ukraine": {
    "Happiness Rank": "123",
    "Country": "Ukraine",
    "Region": "Central and Eastern Europe",
    "Happiness Score": "4.324",
    "Economy (GDP per Capita)": "0.87287",
    "Family (Social Support)": "1.01413",
    "Health (Life Expectancy)": "0.58628",
    "Freedom": "0.12859",
    "Trust (Government Corruption)": "0.01829",
    "Generosity": "0.20363"
  },
  "Ghana": {
    "Happiness Rank": "124",
    "Country": "Ghana",
    "Region": "Sub-Saharan Africa",
    "Happiness Score": "4.276",
    "Economy (GDP per Capita)": "0.63107",
    "Family (Social Support)": "0.49353",
    "Health (Life Expectancy)": "0.29681",
    "Freedom": "0.40973",
    "Trust (Government Corruption)": "0.0326",
    "Generosity": "0.21203"
  },
  "Dem. Rep. Congo": {
    "Happiness Rank": "125",
    "Country": "Dem. Rep. Congo",
    "Region": "Sub-Saharan Africa",
    "Happiness Score": "4.272",
    "Economy (GDP per Capita)": "0.05661",
    "Family (Social Support)": "0.80676",
    "Health (Life Expectancy)": "0.188",
    "Freedom": "0.15602",
    "Trust (Government Corruption)": "0.06075",
    "Generosity": "0.25458"
  },
  "Georgia": {
    "Happiness Rank": "126",
    "Country": "Georgia",
    "Region": "Central and Eastern Europe",
    "Happiness Score": "4.252",
    "Economy (GDP per Capita)": "0.83792",
    "Family (Social Support)": "0.19249",
    "Health (Life Expectancy)": "0.64035",
    "Freedom": "0.32461",
    "Trust (Government Corruption)": "0.3188",
    "Generosity": "0.06786"
  },
  "Congo": {
    "Happiness Rank": "127",
    "Country": "Congo",
    "Region": "Sub-Saharan Africa",
    "Happiness Score": "4.236",
    "Economy (GDP per Capita)": "0.77109",
    "Family (Social Support)": "0.47799",
    "Health (Life Expectancy)": "0.28212",
    "Freedom": "0.37938",
    "Trust (Government Corruption)": "0.09753",
    "Generosity": "0.12077"
  },
  "Senegal": {
    "Happiness Rank": "128",
    "Country": "Senegal",
    "Region": "Sub-Saharan Africa",
    "Happiness Score": "4.219",
    "Economy (GDP per Capita)": "0.44314",
    "Family (Social Support)": "0.77416",
    "Health (Life Expectancy)": "0.40457",
    "Freedom": "0.31056",
    "Trust (Government Corruption)": "0.11681",
    "Generosity": "0.19103"
  },
  "Bulgaria": {
    "Happiness Rank": "129",
    "Country": "Bulgaria",
    "Region": "Central and Eastern Europe",
    "Happiness Score": "4.217",
    "Economy (GDP per Capita)": "1.11306",
    "Family (Social Support)": "0.92542",
    "Health (Life Expectancy)": "0.67806",
    "Freedom": "0.21219",
    "Trust (Government Corruption)": "0.00615",
    "Generosity": "0.12793"
  },
  "Mauritania": {
    "Happiness Rank": "130",
    "Country": "Mauritania",
    "Region": "Sub-Saharan Africa",
    "Happiness Score": "4.201",
    "Economy (GDP per Capita)": "0.61391",
    "Family (Social Support)": "0.84142",
    "Health (Life Expectancy)": "0.28639",
    "Freedom": "0.1268",
    "Trust (Government Corruption)": "0.17955",
    "Generosity": "0.22686"
  },
  "Zimbabwe": {
    "Happiness Rank": "131",
    "Country": "Zimbabwe",
    "Region": "Sub-Saharan Africa",
    "Happiness Score": "4.193",
    "Economy (GDP per Capita)": "0.35041",
    "Family (Social Support)": "0.71478",
    "Health (Life Expectancy)": "0.1595",
    "Freedom": "0.25429",
    "Trust (Government Corruption)": "0.08582",
    "Generosity": "0.18503"
  },
  "Malawi": {
    "Happiness Rank": "132",
    "Country": "Malawi",
    "Region": "Sub-Saharan Africa",
    "Happiness Score": "4.156",
    "Economy (GDP per Capita)": "0.08709",
    "Family (Social Support)": "0.147",
    "Health (Life Expectancy)": "0.29364",
    "Freedom": "0.4143",
    "Trust (Government Corruption)": "0.07564",
    "Generosity": "0.30968"
  },
  "Sudan": {
    "Happiness Rank": "133",
    "Country": "Sudan",
    "Region": "Sub-Saharan Africa",
    "Happiness Score": "4.139",
    "Economy (GDP per Capita)": "0.63069",
    "Family (Social Support)": "0.81928",
    "Health (Life Expectancy)": "0.29759",
    "Freedom": "0",
    "Trust (Government Corruption)": "0.10039",
    "Generosity": "0.18077"
  },
  "Gabon": {
    "Happiness Rank": "134",
    "Country": "Gabon",
    "Region": "Sub-Saharan Africa",
    "Happiness Score": "4.121",
    "Economy (GDP per Capita)": "1.15851",
    "Family (Social Support)": "0.72368",
    "Health (Life Expectancy)": "0.3494",
    "Freedom": "0.28098",
    "Trust (Government Corruption)": "0.09314",
    "Generosity": "0.06244"
  },
  "Mali": {
    "Happiness Rank": "135",
    "Country": "Mali",
    "Region": "Sub-Saharan Africa",
    "Happiness Score": "4.073",
    "Economy (GDP per Capita)": "0.31292",
    "Family (Social Support)": "0.86333",
    "Health (Life Expectancy)": "0.16347",
    "Freedom": "0.27544",
    "Trust (Government Corruption)": "0.13647",
    "Generosity": "0.21064"
  },
  "Haiti": {
    "Happiness Rank": "136",
    "Country": "Haiti",
    "Region": "Latin America and Caribbean",
    "Happiness Score": "4.028",
    "Economy (GDP per Capita)": "0.34097",
    "Family (Social Support)": "0.29561",
    "Health (Life Expectancy)": "0.27494",
    "Freedom": "0.12072",
    "Trust (Government Corruption)": "0.14476",
    "Generosity": "0.47958"
  },
  "Botswana": {
    "Happiness Rank": "137",
    "Country": "Botswana",
    "Region": "Sub-Saharan Africa",
    "Happiness Score": "3.974",
    "Economy (GDP per Capita)": "1.09426",
    "Family (Social Support)": "0.89186",
    "Health (Life Expectancy)": "0.34752",
    "Freedom": "0.44089",
    "Trust (Government Corruption)": "0.10769",
    "Generosity": "0.12425"
  },
  "Comoros": {
    "Happiness Rank": "138",
    "Country": "Comoros",
    "Region": "Sub-Saharan Africa",
    "Happiness Score": "3.956",
    "Economy (GDP per Capita)": "0.27509",
    "Family (Social Support)": "0.60323",
    "Health (Life Expectancy)": "0.29981",
    "Freedom": "0.15412",
    "Trust (Government Corruption)": "0.18437",
    "Generosity": "0.1827"
  },
  "Côte d'Ivoire": {
    "Happiness Rank": "139",
    "Country": "Côte d'Ivoire",
    "Region": "Sub-Saharan Africa",
    "Happiness Score": "3.916",
    "Economy (GDP per Capita)": "0.55507",
    "Family (Social Support)": "0.57576",
    "Health (Life Expectancy)": "0.04476",
    "Freedom": "0.40663",
    "Trust (Government Corruption)": "0.1553",
    "Generosity": "0.20338"
  },
  "Cambodia": {
    "Happiness Rank": "140",
    "Country": "Cambodia",
    "Region": "Southeastern Asia",
    "Happiness Score": "3.907",
    "Economy (GDP per Capita)": "0.55604",
    "Family (Social Support)": "0.5375",
    "Health (Life Expectancy)": "0.42494",
    "Freedom": "0.58852",
    "Trust (Government Corruption)": "0.08092",
    "Generosity": "0.40339"
  },
  "Angola": {
    "Happiness Rank": "141",
    "Country": "Angola",
    "Region": "Sub-Saharan Africa",
    "Happiness Score": "3.866",
    "Economy (GDP per Capita)": "0.84731",
    "Family (Social Support)": "0.66366",
    "Health (Life Expectancy)": "0.04991",
    "Freedom": "0.00589",
    "Trust (Government Corruption)": "0.08434",
    "Generosity": "0.12071"
  },
  "Niger": {
    "Happiness Rank": "142",
    "Country": "Niger",
    "Region": "Sub-Saharan Africa",
    "Happiness Score": "3.856",
    "Economy (GDP per Capita)": "0.1327",
    "Family (Social Support)": "0.6053",
    "Health (Life Expectancy)": "0.26162",
    "Freedom": "0.38041",
    "Trust (Government Corruption)": "0.17176",
    "Generosity": "0.2097"
  },
  "South Sudan": {
    "Happiness Rank": "143",
    "Country": "South Sudan",
    "Region": "Sub-Saharan Africa",
    "Happiness Score": "3.832",
    "Economy (GDP per Capita)": "0.39394",
    "Family (Social Support)": "0.18519",
    "Health (Life Expectancy)": "0.15781",
    "Freedom": "0.19662",
    "Trust (Government Corruption)": "0.13015",
    "Generosity": "0.25899"
  },
  "Chad": {
    "Happiness Rank": "144",
    "Country": "Chad",
    "Region": "Sub-Saharan Africa",
    "Happiness Score": "3.763",
    "Economy (GDP per Capita)": "0.42214",
    "Family (Social Support)": "0.63178",
    "Health (Life Expectancy)": "0.03824",
    "Freedom": "0.12807",
    "Trust (Government Corruption)": "0.04952",
    "Generosity": "0.18667"
  },
  "Burkina Faso": {
    "Happiness Rank": "145",
    "Country": "Burkina Faso",
    "Region": "Sub-Saharan Africa",
    "Happiness Score": "3.739",
    "Economy (GDP per Capita)": "0.31995",
    "Family (Social Support)": "0.63054",
    "Health (Life Expectancy)": "0.21297",
    "Freedom": "0.3337",
    "Trust (Government Corruption)": "0.12533",
    "Generosity": "0.24353"
  },
  "Uganda": {
    "Happiness Rank": "145",
    "Country": "Uganda",
    "Region": "Sub-Saharan Africa",
    "Happiness Score": "3.739",
    "Economy (GDP per Capita)": "0.34719",
    "Family (Social Support)": "0.90981",
    "Health (Life Expectancy)": "0.19625",
    "Freedom": "0.43653",
    "Trust (Government Corruption)": "0.06442",
    "Generosity": "0.27102"
  },
  "Yemen": {
    "Happiness Rank": "147",
    "Country": "Yemen",
    "Region": "Middle East and Northern Africa",
    "Happiness Score": "3.724",
    "Economy (GDP per Capita)": "0.57939",
    "Family (Social Support)": "0.47493",
    "Health (Life Expectancy)": "0.31048",
    "Freedom": "0.2287",
    "Trust (Government Corruption)": "0.05892",
    "Generosity": "0.09821"
  },
  "Madagascar": {
    "Happiness Rank": "148",
    "Country": "Madagascar",
    "Region": "Sub-Saharan Africa",
    "Happiness Score": "3.695",
    "Economy (GDP per Capita)": "0.27954",
    "Family (Social Support)": "0.46115",
    "Health (Life Expectancy)": "0.37109",
    "Freedom": "0.13684",
    "Trust (Government Corruption)": "0.07506",
    "Generosity": "0.2204"
  },
  "Tanzania": {
    "Happiness Rank": "149",
    "Country": "Tanzania",
    "Region": "Sub-Saharan Africa",
    "Happiness Score": "3.666",
    "Economy (GDP per Capita)": "0.47155",
    "Family (Social Support)": "0.77623",
    "Health (Life Expectancy)": "0.357",
    "Freedom": "0.3176",
    "Trust (Government Corruption)": "0.05099",
    "Generosity": "0.31472"
  },
  "Liberia": {
    "Happiness Rank": "150",
    "Country": "Liberia",
    "Region": "Sub-Saharan Africa",
    "Happiness Score": "3.622",
    "Economy (GDP per Capita)": "0.10706",
    "Family (Social Support)": "0.50353",
    "Health (Life Expectancy)": "0.23165",
    "Freedom": "0.25748",
    "Trust (Government Corruption)": "0.04852",
    "Generosity": "0.24063"
  },
  "Guinea": {
    "Happiness Rank": "151",
    "Country": "Guinea",
    "Region": "Sub-Saharan Africa",
    "Happiness Score": "3.607",
    "Economy (GDP per Capita)": "0.22415",
    "Family (Social Support)": "0.3109",
    "Health (Life Expectancy)": "0.18829",
    "Freedom": "0.30953",
    "Trust (Government Corruption)": "0.1192",
    "Generosity": "0.29914"
  },
  "Rwanda": {
    "Happiness Rank": "152",
    "Country": "Rwanda",
    "Region": "Sub-Saharan Africa",
    "Happiness Score": "3.515",
    "Economy (GDP per Capita)": "0.32846",
    "Family (Social Support)": "0.61586",
    "Health (Life Expectancy)": "0.31865",
    "Freedom": "0.5432",
    "Trust (Government Corruption)": "0.50521",
    "Generosity": "0.23552"
  },
  "Benin": {
    "Happiness Rank": "153",
    "Country": "Benin",
    "Region": "Sub-Saharan Africa",
    "Happiness Score": "3.484",
    "Economy (GDP per Capita)": "0.39499",
    "Family (Social Support)": "0.10419",
    "Health (Life Expectancy)": "0.21028",
    "Freedom": "0.39747",
    "Trust (Government Corruption)": "0.06681",
    "Generosity": "0.2018"
  },
  "Afghanistan": {
    "Happiness Rank": "154",
    "Country": "Afghanistan",
    "Region": "Southern Asia",
    "Happiness Score": "3.36",
    "Economy (GDP per Capita)": "0.38227",
    "Family (Social Support)": "0.11037",
    "Health (Life Expectancy)": "0.17344",
    "Freedom": "0.1643",
    "Trust (Government Corruption)": "0.07112",
    "Generosity": "0.31268"
  },
  "Togo": {
    "Happiness Rank": "155",
    "Country": "Togo",
    "Region": "Sub-Saharan Africa",
    "Happiness Score": "3.303",
    "Economy (GDP per Capita)": "0.28123",
    "Family (Social Support)": "0",
    "Health (Life Expectancy)": "0.24811",
    "Freedom": "0.34678",
    "Trust (Government Corruption)": "0.11587",
    "Generosity": "0.17517"
  },
  "Syria": {
    "Happiness Rank": "156",
    "Country": "Syria",
    "Region": "Middle East and Northern Africa",
    "Happiness Score": "3.069",
    "Economy (GDP per Capita)": "0.74719",
    "Family (Social Support)": "0.14866",
    "Health (Life Expectancy)": "0.62994",
    "Freedom": "0.06912",
    "Trust (Government Corruption)": "0.17233",
    "Generosity": "0.48397"
  },
  "Burundi": {
    "Happiness Rank": "157",
    "Country": "Burundi",
    "Region": "Sub-Saharan Africa",
    "Happiness Score": "2.905",
    "Economy (GDP per Capita)": "0.06831",
    "Family (Social Support)": "0.23442",
    "Health (Life Expectancy)": "0.15747",
    "Freedom": "0.0432",
    "Trust (Government Corruption)": "0.09419",
    "Generosity": "0.2029"
  }
}
