{
  "Norway": {
    "Happiness Rank": "1",
    "Country": "Norway",
    "Region": "Western Europe",
    "Happiness Score": "7.537000179",
    "Economy (GDP per Capita)": "1.616463184",
    "Family (Social Support)": "1.53352356",
    "Health (Life Expectancy)": "0.796666503",
    "Freedom": "0.635422587",
    "Trust (Government Corruption)": "0.315963835",
    "Generosity": "0.362012237"
  },
  "Denmark": {
    "Happiness Rank": "2",
    "Country": "Denmark",
    "Region": "Western Europe",
    "Happiness Score": "7.521999836",
    "Economy (GDP per Capita)": "1.482383013",
    "Family (Social Support)": "1.551121593",
    "Health (Life Expectancy)": "0.792565525",
    "Freedom": "0.626006722",
    "Trust (Government Corruption)": "0.400770068",
    "Generosity": "0.355280489"
  },
  "Iceland": {
    "Happiness Rank": "3",
    "Country": "Iceland",
    "Region": "Western Europe",
    "Happiness Score": "7.504000187",
    "Economy (GDP per Capita)": "1.48063302",
    "Family (Social Support)": "1.610574007",
    "Health (Life Expectancy)": "0.833552122",
    "Freedom": "0.627162635",
    "Trust (Government Corruption)": "0.153526559",
    "Generosity": "0.475540221"
  },
  "Switzerland": {
    "Happiness Rank": "4",
    "Country": "Switzerland",
    "Region": "Western Europe",
    "Happiness Score": "7.493999958",
    "Economy (GDP per Capita)": "1.564979553",
    "Family (Social Support)": "1.516911745",
    "Health (Life Expectancy)": "0.858131289",
    "Freedom": "0.620070577",
    "Trust (Government Corruption)": "0.367007285",
    "Generosity": "0.290549278"
  },
  "Finland": {
    "Happiness Rank": "5",
    "Country": "Finland",
    "Region": "Western Europe",
    "Happiness Score": "7.468999863",
    "Economy (GDP per Capita)": "1.443571925",
    "Family (Social Support)": "1.540246725",
    "Health (Life Expectancy)": "0.80915767",
    "Freedom": "0.617950857",
    "Trust (Government Corruption)": "0.382611543",
    "Generosity": "0.245482773"
  },
  "Netherlands": {
    "Happiness Rank": "6",
    "Country": "Netherlands",
    "Region": "Western Europe",
    "Happiness Score": "7.376999855",
    "Economy (GDP per Capita)": "1.503944635",
    "Family (Social Support)": "1.428939223",
    "Health (Life Expectancy)": "0.810696125",
    "Freedom": "0.585384488",
    "Trust (Government Corruption)": "0.282661825",
    "Generosity": "0.47048983"
  },
  "Canada": {
    "Happiness Rank": "7",
    "Country": "Canada",
    "Region": "North America",
    "Happiness Score": "7.315999985",
    "Economy (GDP per Capita)": "1.479204416",
    "Family (Social Support)": "1.481348991",
    "Health (Life Expectancy)": "0.834557652",
    "Freedom": "0.611100912",
    "Trust (Government Corruption)": "0.287371516",
    "Generosity": "0.435539722"
  },
  "New Zealand": {
    "Happiness Rank": "8",
    "Country": "New Zealand",
    "Region": "Australia and New Zealand",
    "Happiness Score": "7.31400013",
    "Economy (GDP per Capita)": "1.405706048",
    "Family (Social Support)": "1.548195124",
    "Health (Life Expectancy)": "0.816759706",
    "Freedom": "0.61406213",
    "Trust (Government Corruption)": "0.382816702",
    "Generosity": "0.500005126"
  },
  "Sweden": {
    "Happiness Rank": "9",
    "Country": "Sweden",
    "Region": "Western Europe",
    "Happiness Score": "7.28399992",
    "Economy (GDP per Capita)": "1.494387269",
    "Family (Social Support)": "1.478162169",
    "Health (Life Expectancy)": "0.830875158",
    "Freedom": "0.612924099",
    "Trust (Government Corruption)": "0.384398729",
    "Generosity": "0.385399252"
  },
  "Australia": {
    "Happiness Rank": "10",
    "Country": "Australia",
    "Region": "Australia and New Zealand",
    "Happiness Score": "7.28399992",
    "Economy (GDP per Capita)": "1.484414935",
    "Family (Social Support)": "1.510041952",
    "Health (Life Expectancy)": "0.843886793",
    "Freedom": "0.601607382",
    "Trust (Government Corruption)": "0.30118373",
    "Generosity": "0.47769925"
  },
  "Israel": {
    "Happiness Rank": "11",
    "Country": "Israel",
    "Region": "Middle East and Northern Africa",
    "Happiness Score": "7.212999821",
    "Economy (GDP per Capita)": "1.375382423",
    "Family (Social Support)": "1.376289964",
    "Health (Life Expectancy)": "0.838404",
    "Freedom": "0.405988604",
    "Trust (Government Corruption)": "0.0852421",
    "Generosity": "0.330082655"
  },
  "Costa Rica": {
    "Happiness Rank": "12",
    "Country": "Costa Rica",
    "Region": "Latin America and Caribbean",
    "Happiness Score": "7.078999996",
    "Economy (GDP per Capita)": "1.109706283",
    "Family (Social Support)": "1.416403651",
    "Health (Life Expectancy)": "0.759509265",
    "Freedom": "0.58013165",
    "Trust (Government Corruption)": "0.100106589",
    "Generosity": "0.214613229"
  },
  "Austria": {
    "Happiness Rank": "13",
    "Country": "Austria",
    "Region": "Western Europe",
    "Happiness Score": "7.006000042",
    "Economy (GDP per Capita)": "1.487097263",
    "Family (Social Support)": "1.459944963",
    "Health (Life Expectancy)": "0.815328419",
    "Freedom": "0.56776619",
    "Trust (Government Corruption)": "0.221060365",
    "Generosity": "0.316472322"
  },
  "United States of America": {
    "Happiness Rank": "14",
    "Country": "United States of America",
    "Region": "North America",
    "Happiness Score": "6.993000031",
    "Economy (GDP per Capita)": "1.546259284",
    "Family (Social Support)": "1.419920564",
    "Health (Life Expectancy)": "0.774286628",
    "Freedom": "0.505740523",
    "Trust (Government Corruption)": "0.135638788",
    "Generosity": "0.392578781"
  },
  "Ireland": {
    "Happiness Rank": "15",
    "Country": "Ireland",
    "Region": "Western Europe",
    "Happiness Score": "6.977000237",
    "Economy (GDP per Capita)": "1.535706639",
    "Family (Social Support)": "1.558231115",
    "Health (Life Expectancy)": "0.809782624",
    "Freedom": "0.573110342",
    "Trust (Government Corruption)": "0.298388153",
    "Generosity": "0.427858323"
  },
  "Germany": {
    "Happiness Rank": "16",
    "Country": "Germany",
    "Region": "Western Europe",
    "Happiness Score": "6.951000214",
    "Economy (GDP per Capita)": "1.487923384",
    "Family (Social Support)": "1.472520351",
    "Health (Life Expectancy)": "0.798950732",
    "Freedom": "0.562511384",
    "Trust (Government Corruption)": "0.276731938",
    "Generosity": "0.33626917"
  },
  "Belgium": {
    "Happiness Rank": "17",
    "Country": "Belgium",
    "Region": "Western Europe",
    "Happiness Score": "6.890999794",
    "Economy (GDP per Capita)": "1.463780761",
    "Family (Social Support)": "1.462312698",
    "Health (Life Expectancy)": "0.818091869",
    "Freedom": "0.539770722",
    "Trust (Government Corruption)": "0.251343131",
    "Generosity": "0.231503338"
  },
  "Luxembourg": {
    "Happiness Rank": "18",
    "Country": "Luxembourg",
    "Region": "Western Europe",
    "Happiness Score": "6.862999916",
    "Economy (GDP per Capita)": "1.741943598",
    "Family (Social Support)": "1.457583666",
    "Health (Life Expectancy)": "0.845089495",
    "Freedom": "0.596627891",
    "Trust (Government Corruption)": "0.318834424",
    "Generosity": "0.283180982"
  },
  "United Kingdom": {
    "Happiness Rank": "19",
    "Country": "United Kingdom",
    "Region": "Western Europe",
    "Happiness Score": "6.714000225",
    "Economy (GDP per Capita)": "1.44163394",
    "Family (Social Support)": "1.49646008",
    "Health (Life Expectancy)": "0.805335939",
    "Freedom": "0.508190036",
    "Trust (Government Corruption)": "0.265428066",
    "Generosity": "0.492774159"
  },
  "Chile": {
    "Happiness Rank": "20",
    "Country": "Chile",
    "Region": "Latin America and Caribbean",
    "Happiness Score": "6.65199995",
    "Economy (GDP per Capita)": "1.25278461",
    "Family (Social Support)": "1.284024954",
    "Health (Life Expectancy)": "0.819479704",
    "Freedom": "0.376895279",
    "Trust (Government Corruption)": "0.082287982",
    "Generosity": "0.326662421"
  },
  "United Arab Emirates": {
    "Happiness Rank": "21",
    "Country": "United Arab Emirates",
    "Region": "Middle East and Northern Africa",
    "Happiness Score": "6.647999763",
    "Economy (GDP per Capita)": "1.626343369",
    "Family (Social Support)": "1.266410232",
    "Health (Life Expectancy)": "0.726798236",
    "Freedom": "0.60834527",
    "Trust (Government Corruption)": "0.324489564",
    "Generosity": "0.360941947"
  },
  "Brazil": {
    "Happiness Rank": "22",
    "Country": "Brazil",
    "Region": "Latin America and Caribbean",
    "Happiness Score": "6.635000229",
    "Economy (GDP per Capita)": "1.10735321",
    "Family (Social Support)": "1.431306005",
    "Health (Life Expectancy)": "0.616552353",
    "Freedom": "0.437453747",
    "Trust (Government Corruption)": "0.111092761",
    "Generosity": "0.162349895"
  },
  "Czechia": {
    "Happiness Rank": "23",
    "Country": "Czechia",
    "Region": "Central and Eastern Europe",
    "Happiness Score": "6.609000206",
    "Economy (GDP per Capita)": "1.352682352",
    "Family (Social Support)": "1.433885217",
    "Health (Life Expectancy)": "0.754444003",
    "Freedom": "0.490946174",
    "Trust (Government Corruption)": "0.036872927",
    "Generosity": "0.088106759"
  },
  "Argentina": {
    "Happiness Rank": "24",
    "Country": "Argentina",
    "Region": "Latin America and Caribbean",
    "Happiness Score": "6.598999977",
    "Economy (GDP per Capita)": "1.185295463",
    "Family (Social Support)": "1.440451145",
    "Health (Life Expectancy)": "0.695137084",
    "Freedom": "0.494519204",
    "Trust (Government Corruption)": "0.059739888",
    "Generosity": "0.109457061"
  },
  "Mexico": {
    "Happiness Rank": "25",
    "Country": "Mexico",
    "Region": "Latin America and Caribbean",
    "Happiness Score": "6.578000069",
    "Economy (GDP per Capita)": "1.153183818",
    "Family (Social Support)": "1.21086216",
    "Health (Life Expectancy)": "0.709978998",
    "Freedom": "0.412730008",
    "Trust (Government Corruption)": "0.132774115",
    "Generosity": "0.120990433"
  },
  "Singapore": {
    "Happiness Rank": "26",
    "Country": "Singapore",
    "Region": "Southeastern Asia",
    "Happiness Score": "6.572000027",
    "Economy (GDP per Capita)": "1.69227767",
    "Family (Social Support)": "1.353814363",
    "Health (Life Expectancy)": "0.949492395",
    "Freedom": "0.549840569",
    "Trust (Government Corruption)": "0.464307785",
    "Generosity": "0.345965981"
  },
  "Malta": {
    "Happiness Rank": "27",
    "Country": "Malta",
    "Region": "Western Europe",
    "Happiness Score": "6.52699995",
    "Economy (GDP per Capita)": "1.343279839",
    "Family (Social Support)": "1.488411665",
    "Health (Life Expectancy)": "0.821944237",
    "Freedom": "0.588767052",
    "Trust (Government Corruption)": "0.153066069",
    "Generosity": "0.574730575"
  },
  "Uruguay": {
    "Happiness Rank": "28",
    "Country": "Uruguay",
    "Region": "Latin America and Caribbean",
    "Happiness Score": "6.453999996",
    "Economy (GDP per Capita)": "1.217559695",
    "Family (Social Support)": "1.412227869",
    "Health (Life Expectancy)": "0.719216824",
    "Freedom": "0.579392254",
    "Trust (Government Corruption)": "0.178061873",
    "Generosity": "0.175096929"
  },
  "Guatemala": {
    "Happiness Rank": "29",
    "Country": "Guatemala",
    "Region": "Latin America and Caribbean",
    "Happiness Score": "6.453999996",
    "Economy (GDP per Capita)": "0.872001946",
    "Family (Social Support)": "1.255585194",
    "Health (Life Expectancy)": "0.54023999",
    "Freedom": "0.531310618",
    "Trust (Government Corruption)": "0.077223279",
    "Generosity": "0.283488393"
  },
  "Panama": {
    "Happiness Rank": "30",
    "Country": "Panama",
    "Region": "Latin America and Caribbean",
    "Happiness Score": "6.452000141",
    "Economy (GDP per Capita)": "1.233748436",
    "Family (Social Support)": "1.373192549",
    "Health (Life Expectancy)": "0.706156135",
    "Freedom": "0.550026834",
    "Trust (Government Corruption)": "0.070983924",
    "Generosity": "0.210556939"
  },
  "France": {
    "Happiness Rank": "31",
    "Country": "France",
    "Region": "Western Europe",
    "Happiness Score": "6.441999912",
    "Economy (GDP per Capita)": "1.430923462",
    "Family (Social Support)": "1.387776852",
    "Health (Life Expectancy)": "0.844465852",
    "Freedom": "0.470222116",
    "Trust (Government Corruption)": "0.172502428",
    "Generosity": "0.129762307"
  },
  "Thailand": {
    "Happiness Rank": "32",
    "Country": "Thailand",
    "Region": "Southeastern Asia",
    "Happiness Score": "6.423999786",
    "Economy (GDP per Capita)": "1.127868772",
    "Family (Social Support)": "1.425792456",
    "Health (Life Expectancy)": "0.647239029",
    "Freedom": "0.580200732",
    "Trust (Government Corruption)": "0.031612735",
    "Generosity": "0.57212311"
  },
  "Taiwan Province of China": {
    "Happiness Rank": "33",
    "Country": "Taiwan Province of China",
    "Region": "-",
    "Happiness Score": "6.421999931",
    "Economy (GDP per Capita)": "1.433626533",
    "Family (Social Support)": "1.384565353",
    "Health (Life Expectancy)": "0.793984234",
    "Freedom": "0.361466587",
    "Trust (Government Corruption)": "0.063829236",
    "Generosity": "0.258360475"
  },
  "Spain": {
    "Happiness Rank": "34",
    "Country": "Spain",
    "Region": "Western Europe",
    "Happiness Score": "6.402999878",
    "Economy (GDP per Capita)": "1.384397864",
    "Family (Social Support)": "1.532090902",
    "Health (Life Expectancy)": "0.8889606",
    "Freedom": "0.40878123",
    "Trust (Government Corruption)": "0.070914097",
    "Generosity": "0.190133572"
  },
  "Qatar": {
    "Happiness Rank": "35",
    "Country": "Qatar",
    "Region": "Middle East and Northern Africa",
    "Happiness Score": "6.375",
    "Economy (GDP per Capita)": "1.870765686",
    "Family (Social Support)": "1.27429688",
    "Health (Life Expectancy)": "0.710098088",
    "Freedom": "0.604130983",
    "Trust (Government Corruption)": "0.439299256",
    "Generosity": "0.33047387"
  },
  "Colombia": {
    "Happiness Rank": "36",
    "Country": "Colombia",
    "Region": "Latin America and Caribbean",
    "Happiness Score": "6.356999874",
    "Economy (GDP per Capita)": "1.070622325",
    "Family (Social Support)": "1.402182937",
    "Health (Life Expectancy)": "0.595027924",
    "Freedom": "0.477487415",
    "Trust (Government Corruption)": "0.046668742",
    "Generosity": "0.149014473"
  },
  "Saudi Arabia": {
    "Happiness Rank": "37",
    "Country": "Saudi Arabia",
    "Region": "Middle East and Northern Africa",
    "Happiness Score": "6.343999863",
    "Economy (GDP per Capita)": "1.530623555",
    "Family (Social Support)": "1.286677599",
    "Health (Life Expectancy)": "0.59014833",
    "Freedom": "0.449750572",
    "Trust (Government Corruption)": "0.273432255",
    "Generosity": "0.147616014"
  },
  "Trinidad and Tobago": {
    "Happiness Rank": "38",
    "Country": "Trinidad and Tobago",
    "Region": "Latin America and Caribbean",
    "Happiness Score": "6.168000221",
    "Economy (GDP per Capita)": "1.361355901",
    "Family (Social Support)": "1.380228519",
    "Health (Life Expectancy)": "0.519983292",
    "Freedom": "0.518630743",
    "Trust (Government Corruption)": "0.008964816",
    "Generosity": "0.325296462"
  },
  "Kuwait": {
    "Happiness Rank": "39",
    "Country": "Kuwait",
    "Region": "Middle East and Northern Africa",
    "Happiness Score": "6.105000019",
    "Economy (GDP per Capita)": "1.632952452",
    "Family (Social Support)": "1.259698749",
    "Health (Life Expectancy)": "0.632105708",
    "Freedom": "0.496337593",
    "Trust (Government Corruption)": "0.21515955",
    "Generosity": "0.228289798"
  },
  "Slovakia": {
    "Happiness Rank": "40",
    "Country": "Slovakia",
    "Region": "Central and Eastern Europe",
    "Happiness Score": "6.09800005",
    "Economy (GDP per Capita)": "1.325393558",
    "Family (Social Support)": "1.505059242",
    "Health (Life Expectancy)": "0.712732911",
    "Freedom": "0.295817465",
    "Trust (Government Corruption)": "0.024210852",
    "Generosity": "0.136544481"
  },
  "Bahrain": {
    "Happiness Rank": "41",
    "Country": "Bahrain",
    "Region": "Middle East and Northern Africa",
    "Happiness Score": "6.086999893",
    "Economy (GDP per Capita)": "1.488412261",
    "Family (Social Support)": "1.323110461",
    "Health (Life Expectancy)": "0.653133035",
    "Freedom": "0.536746919",
    "Trust (Government Corruption)": "0.25704217",
    "Generosity": "0.172668487"
  },
  "Malaysia": {
    "Happiness Rank": "42",
    "Country": "Malaysia",
    "Region": "Southeastern Asia",
    "Happiness Score": "6.084000111",
    "Economy (GDP per Capita)": "1.29121542",
    "Family (Social Support)": "1.284646034",
    "Health (Life Expectancy)": "0.618784428",
    "Freedom": "0.402264982",
    "Trust (Government Corruption)": "0.065600708",
    "Generosity": "0.41660893"
  },
  "Nicaragua": {
    "Happiness Rank": "43",
    "Country": "Nicaragua",
    "Region": "Latin America and Caribbean",
    "Happiness Score": "6.071000099",
    "Economy (GDP per Capita)": "0.737299204",
    "Family (Social Support)": "1.28721571",
    "Health (Life Expectancy)": "0.653095961",
    "Freedom": "0.447551847",
    "Trust (Government Corruption)": "0.130687982",
    "Generosity": "0.301674217"
  },
  "Ecuador": {
    "Happiness Rank": "44",
    "Country": "Ecuador",
    "Region": "Latin America and Caribbean",
    "Happiness Score": "6.007999897",
    "Economy (GDP per Capita)": "1.000820398",
    "Family (Social Support)": "1.286168814",
    "Health (Life Expectancy)": "0.685636222",
    "Freedom": "0.455198199",
    "Trust (Government Corruption)": "0.140134647",
    "Generosity": "0.150112465"
  },
  "El Salvador": {
    "Happiness Rank": "45",
    "Country": "El Salvador",
    "Region": "Latin America and Caribbean",
    "Happiness Score": "6.002999783",
    "Economy (GDP per Capita)": "0.909784496",
    "Family (Social Support)": "1.182125092",
    "Health (Life Expectancy)": "0.596018553",
    "Freedom": "0.43245253",
    "Trust (Government Corruption)": "0.08998096",
    "Generosity": "0.078257985"
  },
  "Poland": {
    "Happiness Rank": "46",
    "Country": "Poland",
    "Region": "Central and Eastern Europe",
    "Happiness Score": "5.97300005",
    "Economy (GDP per Capita)": "1.291787863",
    "Family (Social Support)": "1.44571197",
    "Health (Life Expectancy)": "0.699475348",
    "Freedom": "0.520342112",
    "Trust (Government Corruption)": "0.059307806",
    "Generosity": "0.158465967"
  },
  "Uzbekistan": {
    "Happiness Rank": "47",
    "Country": "Uzbekistan",
    "Region": "Central and Eastern Europe",
    "Happiness Score": "5.971000195",
    "Economy (GDP per Capita)": "0.786441088",
    "Family (Social Support)": "1.54896915",
    "Health (Life Expectancy)": "0.498272628",
    "Freedom": "0.658248663",
    "Trust (Government Corruption)": "0.246528223",
    "Generosity": "0.415983647"
  },
  "Italy": {
    "Happiness Rank": "48",
    "Country": "Italy",
    "Region": "Western Europe",
    "Happiness Score": "5.964000225",
    "Economy (GDP per Capita)": "1.395066619",
    "Family (Social Support)": "1.444923282",
    "Health (Life Expectancy)": "0.853144348",
    "Freedom": "0.256450713",
    "Trust (Government Corruption)": "0.028028091",
    "Generosity": "0.172789648"
  },
  "Russia": {
    "Happiness Rank": "49",
    "Country": "Russia",
    "Region": "Central and Eastern Europe",
    "Happiness Score": "5.962999821",
    "Economy (GDP per Capita)": "1.281778097",
    "Family (Social Support)": "1.469282389",
    "Health (Life Expectancy)": "0.547349334",
    "Freedom": "0.373783112",
    "Trust (Government Corruption)": "0.032962881",
    "Generosity": "0.052263822"
  },
  "Belize": {
    "Happiness Rank": "50",
    "Country": "Belize",
    "Region": "-",
    "Happiness Score": "5.955999851",
    "Economy (GDP per Capita)": "0.907975316",
    "Family (Social Support)": "1.081417799",
    "Health (Life Expectancy)": "0.450191766",
    "Freedom": "0.547509372",
    "Trust (Government Corruption)": "0.096581072",
    "Generosity": "0.240015641"
  },
  "Japan": {
    "Happiness Rank": "51",
    "Country": "Japan",
    "Region": "Eastern Asia",
    "Happiness Score": "5.920000076",
    "Economy (GDP per Capita)": "1.416915178",
    "Family (Social Support)": "1.436337829",
    "Health (Life Expectancy)": "0.913475871",
    "Freedom": "0.505625546",
    "Trust (Government Corruption)": "0.163760737",
    "Generosity": "0.120572768"
  },
  "Lithuania": {
    "Happiness Rank": "52",
    "Country": "Lithuania",
    "Region": "Central and Eastern Europe",
    "Happiness Score": "5.90199995",
    "Economy (GDP per Capita)": "1.314582348",
    "Family (Social Support)": "1.473516107",
    "Health (Life Expectancy)": "0.62894994",
    "Freedom": "0.234231785",
    "Trust (Government Corruption)": "0.011865643",
    "Generosity": "0.010164657"
  },
  "Algeria": {
    "Happiness Rank": "53",
    "Country": "Algeria",
    "Region": "Middle East and Northern Africa",
    "Happiness Score": "5.872000217",
    "Economy (GDP per Capita)": "1.091864467",
    "Family (Social Support)": "1.146217465",
    "Health (Life Expectancy)": "0.617584646",
    "Freedom": "0.233335808",
    "Trust (Government Corruption)": "0.14609611",
    "Generosity": "0.069436647"
  },
  "Latvia": {
    "Happiness Rank": "54",
    "Country": "Latvia",
    "Region": "Central and Eastern Europe",
    "Happiness Score": "5.849999905",
    "Economy (GDP per Capita)": "1.260748625",
    "Family (Social Support)": "1.404714942",
    "Health (Life Expectancy)": "0.638566971",
    "Freedom": "0.325707912",
    "Trust (Government Corruption)": "0.073842727",
    "Generosity": "0.153074786"
  },
  "South Korea": {
    "Happiness Rank": "55",
    "Country": "South Korea",
    "Region": "Eastern Asia",
    "Happiness Score": "5.837999821",
    "Economy (GDP per Capita)": "1.401678443",
    "Family (Social Support)": "1.128274441",
    "Health (Life Expectancy)": "0.900214076",
    "Freedom": "0.257921666",
    "Trust (Government Corruption)": "0.063282669",
    "Generosity": "0.206674367"
  },
  "Moldova": {
    "Happiness Rank": "56",
    "Country": "Moldova",
    "Region": "Central and Eastern Europe",
    "Happiness Score": "5.837999821",
    "Economy (GDP per Capita)": "0.72887063",
    "Family (Social Support)": "1.251825571",
    "Health (Life Expectancy)": "0.589465201",
    "Freedom": "0.240729049",
    "Trust (Government Corruption)": "0.010091286",
    "Generosity": "0.208779126"
  },
  "Romania": {
    "Happiness Rank": "57",
    "Country": "Romania",
    "Region": "Central and Eastern Europe",
    "Happiness Score": "5.824999809",
    "Economy (GDP per Capita)": "1.217683911",
    "Family (Social Support)": "1.15009129",
    "Health (Life Expectancy)": "0.685158312",
    "Freedom": "0.457003742",
    "Trust (Government Corruption)": "0.004387901",
    "Generosity": "0.133519918"
  },
  "Bolivia": {
    "Happiness Rank": "58",
    "Country": "Bolivia",
    "Region": "Latin America and Caribbean",
    "Happiness Score": "5.822999954",
    "Economy (GDP per Capita)": "0.833756566",
    "Family (Social Support)": "1.227619052",
    "Health (Life Expectancy)": "0.47363025",
    "Freedom": "0.558732927",
    "Trust (Government Corruption)": "0.060477726",
    "Generosity": "0.225560725"
  },
  "Turkmenistan": {
    "Happiness Rank": "59",
    "Country": "Turkmenistan",
    "Region": "Central and Eastern Europe",
    "Happiness Score": "5.822000027",
    "Economy (GDP per Capita)": "1.130776763",
    "Family (Social Support)": "1.493149161",
    "Health (Life Expectancy)": "0.43772608",
    "Freedom": "0.418271929",
    "Trust (Government Corruption)": "0.25927034",
    "Generosity": "0.249924988"
  },
  "Kazakhstan": {
    "Happiness Rank": "60",
    "Country": "Kazakhstan",
    "Region": "Central and Eastern Europe",
    "Happiness Score": "5.818999767",
    "Economy (GDP per Capita)": "1.28455627",
    "Family (Social Support)": "1.384369016",
    "Health (Life Expectancy)": "0.606041551",
    "Freedom": "0.437454283",
    "Trust (Government Corruption)": "0.119282886",
    "Generosity": "0.201964423"
  },
  "North Cyprus": {
    "Happiness Rank": "61",
    "Country": "North Cyprus",
    "Region": "Western Europe",
    "Happiness Score": "5.809999943",
    "Economy (GDP per Capita)": "1.346911311",
    "Family (Social Support)": "1.186303377",
    "Health (Life Expectancy)": "0.834647238",
    "Freedom": "0.471203625",
    "Trust (Government Corruption)": "0.155353352",
    "Generosity": "0.266845703"
  },
  "Slovenia": {
    "Happiness Rank": "62",
    "Country": "Slovenia",
    "Region": "Central and Eastern Europe",
    "Happiness Score": "5.757999897",
    "Economy (GDP per Capita)": "1.341205955",
    "Family (Social Support)": "1.452518821",
    "Health (Life Expectancy)": "0.790828228",
    "Freedom": "0.572575808",
    "Trust (Government Corruption)": "0.045128979",
    "Generosity": "0.242649093"
  },
  "Peru": {
    "Happiness Rank": "63",
    "Country": "Peru",
    "Region": "Latin America and Caribbean",
    "Happiness Score": "5.715000153",
    "Economy (GDP per Capita)": "1.035225272",
    "Family (Social Support)": "1.218770385",
    "Health (Life Expectancy)": "0.630166113",
    "Freedom": "0.450002879",
    "Trust (Government Corruption)": "0.047049087",
    "Generosity": "0.126819715"
  },
  "Mauritius": {
    "Happiness Rank": "64",
    "Country": "Mauritius",
    "Region": "Sub-Saharan Africa",
    "Happiness Score": "5.629000187",
    "Economy (GDP per Capita)": "1.189395547",
    "Family (Social Support)": "1.20956099",
    "Health (Life Expectancy)": "0.638007462",
    "Freedom": "0.491247326",
    "Trust (Government Corruption)": "0.042181555",
    "Generosity": "0.360933751"
  },
  "Cyprus": {
    "Happiness Rank": "65",
    "Country": "Cyprus",
    "Region": "Western Europe",
    "Happiness Score": "5.620999813",
    "Economy (GDP per Capita)": "1.355938077",
    "Family (Social Support)": "1.131363273",
    "Health (Life Expectancy)": "0.844714701",
    "Freedom": "0.355111539",
    "Trust (Government Corruption)": "0.041237976",
    "Generosity": "0.271254301"
  },
  "Estonia": {
    "Happiness Rank": "66",
    "Country": "Estonia",
    "Region": "Central and Eastern Europe",
    "Happiness Score": "5.611000061",
    "Economy (GDP per Capita)": "1.32087934",
    "Family (Social Support)": "1.4766711",
    "Health (Life Expectancy)": "0.695168316",
    "Freedom": "0.47913143",
    "Trust (Government Corruption)": "0.183248922",
    "Generosity": "0.098890811"
  },
  "Belarus": {
    "Happiness Rank": "67",
    "Country": "Belarus",
    "Region": "Central and Eastern Europe",
    "Happiness Score": "5.568999767",
    "Economy (GDP per Capita)": "1.15655756",
    "Family (Social Support)": "1.444945216",
    "Health (Life Expectancy)": "0.637714267",
    "Freedom": "0.295400262",
    "Trust (Government Corruption)": "0.156313822",
    "Generosity": "0.155137509"
  },
  "Libya": {
    "Happiness Rank": "68",
    "Country": "Libya",
    "Region": "Middle East and Northern Africa",
    "Happiness Score": "5.525000095",
    "Economy (GDP per Capita)": "1.101803064",
    "Family (Social Support)": "1.35756433",
    "Health (Life Expectancy)": "0.52016902",
    "Freedom": "0.46573323",
    "Trust (Government Corruption)": "0.09261021",
    "Generosity": "0.152073666"
  },
  "Turkey": {
    "Happiness Rank": "69",
    "Country": "Turkey",
    "Region": "Middle East and Northern Africa",
    "Happiness Score": "5.5",
    "Economy (GDP per Capita)": "1.198274374",
    "Family (Social Support)": "1.337753177",
    "Health (Life Expectancy)": "0.637605608",
    "Freedom": "0.3007406",
    "Trust (Government Corruption)": "0.09967158",
    "Generosity": "0.046693042"
  },
  "Paraguay": {
    "Happiness Rank": "70",
    "Country": "Paraguay",
    "Region": "Latin America and Caribbean",
    "Happiness Score": "5.493000031",
    "Economy (GDP per Capita)": "0.932537317",
    "Family (Social Support)": "1.50728488",
    "Health (Life Expectancy)": "0.579250693",
    "Freedom": "0.473507792",
    "Trust (Government Corruption)": "0.091065913",
    "Generosity": "0.224150658"
  },
  "Hong Kong S.A.R., China": {
    "Happiness Rank": "71",
    "Country": "Hong Kong S.A.R., China",
    "Region": "-",
    "Happiness Score": "5.472000122",
    "Economy (GDP per Capita)": "1.551674843",
    "Family (Social Support)": "1.262790918",
    "Health (Life Expectancy)": "0.943062425",
    "Freedom": "0.490968645",
    "Trust (Government Corruption)": "0.293933749",
    "Generosity": "0.374465793"
  },
  "Philippines": {
    "Happiness Rank": "72",
    "Country": "Philippines",
    "Region": "Southeastern Asia",
    "Happiness Score": "5.429999828",
    "Economy (GDP per Capita)": "0.857699215",
    "Family (Social Support)": "1.253917575",
    "Health (Life Expectancy)": "0.468009055",
    "Freedom": "0.585214674",
    "Trust (Government Corruption)": "0.099331893",
    "Generosity": "0.193513423"
  },
  "Serbia": {
    "Happiness Rank": "73",
    "Country": "Serbia",
    "Region": "Central and Eastern Europe",
    "Happiness Score": "5.394999981",
    "Economy (GDP per Capita)": "1.069317579",
    "Family (Social Support)": "1.258189797",
    "Health (Life Expectancy)": "0.650784671",
    "Freedom": "0.208715528",
    "Trust (Government Corruption)": "0.040903781",
    "Generosity": "0.220125884"
  },
  "Jordan": {
    "Happiness Rank": "74",
    "Country": "Jordan",
    "Region": "Middle East and Northern Africa",
    "Happiness Score": "5.335999966",
    "Economy (GDP per Capita)": "0.991012394",
    "Family (Social Support)": "1.239088893",
    "Health (Life Expectancy)": "0.604590058",
    "Freedom": "0.418421149",
    "Trust (Government Corruption)": "0.119803272",
    "Generosity": "0.17217046"
  },
  "Hungary": {
    "Happiness Rank": "75",
    "Country": "Hungary",
    "Region": "Central and Eastern Europe",
    "Happiness Score": "5.323999882",
    "Economy (GDP per Capita)": "1.286011934",
    "Family (Social Support)": "1.343133092",
    "Health (Life Expectancy)": "0.687763453",
    "Freedom": "0.175863519",
    "Trust (Government Corruption)": "0.036636937",
    "Generosity": "0.078401662"
  },
  "Jamaica": {
    "Happiness Rank": "76",
    "Country": "Jamaica",
    "Region": "Latin America and Caribbean",
    "Happiness Score": "5.31099987",
    "Economy (GDP per Capita)": "0.925579309",
    "Family (Social Support)": "1.368218064",
    "Health (Life Expectancy)": "0.641022384",
    "Freedom": "0.474307239",
    "Trust (Government Corruption)": "0.055267781",
    "Generosity": "0.233818337"
  },
  "Croatia": {
    "Happiness Rank": "77",
    "Country": "Croatia",
    "Region": "Central and Eastern Europe",
    "Happiness Score": "5.293000221",
    "Economy (GDP per Capita)": "1.222556233",
    "Family (Social Support)": "0.967983007",
    "Health (Life Expectancy)": "0.701288521",
    "Freedom": "0.255772293",
    "Trust (Government Corruption)": "0.04310311",
    "Generosity": "0.248002976"
  },
  "Kosovo": {
    "Happiness Rank": "78",
    "Country": "Kosovo",
    "Region": "Central and Eastern Europe",
    "Happiness Score": "5.278999805",
    "Economy (GDP per Capita)": "0.951484382",
    "Family (Social Support)": "1.137853503",
    "Health (Life Expectancy)": "0.54145205",
    "Freedom": "0.260287941",
    "Trust (Government Corruption)": "0.057471618",
    "Generosity": "0.319931448"
  },
  "China": {
    "Happiness Rank": "79",
    "Country": "China",
    "Region": "Eastern Asia",
    "Happiness Score": "5.272999763",
    "Economy (GDP per Capita)": "1.081165791",
    "Family (Social Support)": "1.160837412",
    "Health (Life Expectancy)": "0.741415501",
    "Freedom": "0.472787708",
    "Trust (Government Corruption)": "0.022794275",
    "Generosity": "0.028806841"
  },
  "Pakistan": {
    "Happiness Rank": "80",
    "Country": "Pakistan",
    "Region": "Southern Asia",
    "Happiness Score": "5.269000053",
    "Economy (GDP per Capita)": "0.726883531",
    "Family (Social Support)": "0.67269069",
    "Health (Life Expectancy)": "0.402047783",
    "Freedom": "0.235215262",
    "Trust (Government Corruption)": "0.124348067",
    "Generosity": "0.315446019"
  },
  "Indonesia": {
    "Happiness Rank": "81",
    "Country": "Indonesia",
    "Region": "Southeastern Asia",
    "Happiness Score": "5.262000084",
    "Economy (GDP per Capita)": "0.995538592",
    "Family (Social Support)": "1.274444699",
    "Health (Life Expectancy)": "0.492345721",
    "Freedom": "0.443323463",
    "Trust (Government Corruption)": "0.015317135",
    "Generosity": "0.611704588"
  },
  "Venezuela": {
    "Happiness Rank": "82",
    "Country": "Venezuela",
    "Region": "Latin America and Caribbean",
    "Happiness Score": "5.25",
    "Economy (GDP per Capita)": "1.128431201",
    "Family (Social Support)": "1.431337595",
    "Health (Life Expectancy)": "0.617144227",
    "Freedom": "0.153997123",
    "Trust (Government Corruption)": "0.064491123",
    "Generosity": "0.06501963"
  },
  "Montenegro": {
    "Happiness Rank": "83",
    "Country": "Montenegro",
    "Region": "Central and Eastern Europe",
    "Happiness Score": "5.236999989",
    "Economy (GDP per Capita)": "1.121129036",
    "Family (Social Support)": "1.238376498",
    "Health (Life Expectancy)": "0.667464674",
    "Freedom": "0.194989055",
    "Trust (Government Corruption)": "0.088174194",
    "Generosity": "0.197911024"
  },
  "Morocco": {
    "Happiness Rank": "84",
    "Country": "Morocco",
    "Region": "Middle East and Northern Africa",
    "Happiness Score": "5.235000134",
    "Economy (GDP per Capita)": "0.878114581",
    "Family (Social Support)": "0.774864435",
    "Health (Life Expectancy)": "0.597710669",
    "Freedom": "0.408158332",
    "Trust (Government Corruption)": "0.087763183",
    "Generosity": "0.032209955"
  },
  "Azerbaijan": {
    "Happiness Rank": "85",
    "Country": "Azerbaijan",
    "Region": "Central and Eastern Europe",
    "Happiness Score": "5.234000206",
    "Economy (GDP per Capita)": "1.153601766",
    "Family (Social Support)": "1.152400255",
    "Health (Life Expectancy)": "0.540775776",
    "Freedom": "0.398155838",
    "Trust (Government Corruption)": "0.180987507",
    "Generosity": "0.04526934"
  },
  "Dominican Republic": {
    "Happiness Rank": "86",
    "Country": "Dominican Republic",
    "Region": "Latin America and Caribbean",
    "Happiness Score": "5.230000019",
    "Economy (GDP per Capita)": "1.079373837",
    "Family (Social Support)": "1.402416706",
    "Health (Life Expectancy)": "0.574873745",
    "Freedom": "0.552589834",
    "Trust (Government Corruption)": "0.113945253",
    "Generosity": "0.18696785"
  },
  "Greece": {
    "Happiness Rank": "87",
    "Country": "Greece",
    "Region": "Western Europe",
    "Happiness Score": "5.227000237",
    "Economy (GDP per Capita)": "1.289487481",
    "Family (Social Support)": "1.239414573",
    "Health (Life Expectancy)": "0.810198903",
    "Freedom": "0.095731251",
    "Trust (Government Corruption)": "0.043289777",
    "Generosity": "0"
  },
  "Lebanon": {
    "Happiness Rank": "88",
    "Country": "Lebanon",
    "Region": "Middle East and Northern Africa",
    "Happiness Score": "5.224999905",
    "Economy (GDP per Capita)": "1.074987531",
    "Family (Social Support)": "1.129624248",
    "Health (Life Expectancy)": "0.735081077",
    "Freedom": "0.288515985",
    "Trust (Government Corruption)": "0.03751383",
    "Generosity": "0.264450759"
  },
  "Portugal": {
    "Happiness Rank": "89",
    "Country": "Portugal",
    "Region": "Western Europe",
    "Happiness Score": "5.195000172",
    "Economy (GDP per Capita)": "1.315175295",
    "Family (Social Support)": "1.367043018",
    "Health (Life Expectancy)": "0.795843542",
    "Freedom": "0.4984653",
    "Trust (Government Corruption)": "0.015869452",
    "Generosity": "0.095102713"
  },
  "Bosnia and Herz.": {
    "Happiness Rank": "90",
    "Country": "Bosnia and Herz.",
    "Region": "Central and Eastern Europe",
    "Happiness Score": "5.18200016",
    "Economy (GDP per Capita)": "0.982409418",
    "Family (Social Support)": "1.069335938",
    "Health (Life Expectancy)": "0.705186307",
    "Freedom": "0.204403177",
    "Trust (Government Corruption)": "0",
    "Generosity": "0.328867495"
  },
  "Honduras": {
    "Happiness Rank": "91",
    "Country": "Honduras",
    "Region": "Latin America and Caribbean",
    "Happiness Score": "5.181000233",
    "Economy (GDP per Capita)": "0.730573118",
    "Family (Social Support)": "1.143944979",
    "Health (Life Expectancy)": "0.58256948",
    "Freedom": "0.34807986",
    "Trust (Government Corruption)": "0.073345453",
    "Generosity": "0.236188874"
  },
  "Macedonia": {
    "Happiness Rank": "92",
    "Country": "Macedonia",
    "Region": "Central and Eastern Europe",
    "Happiness Score": "5.175000191",
    "Economy (GDP per Capita)": "1.064577937",
    "Family (Social Support)": "1.207893014",
    "Health (Life Expectancy)": "0.644948184",
    "Freedom": "0.325905979",
    "Trust (Government Corruption)": "0.060277794",
    "Generosity": "0.253760964"
  },
  "Somalia": {
    "Happiness Rank": "93",
    "Country": "Somalia",
    "Region": "-",
    "Happiness Score": "5.151000023",
    "Economy (GDP per Capita)": "0.022643184",
    "Family (Social Support)": "0.721151352",
    "Health (Life Expectancy)": "0.113989137",
    "Freedom": "0.602126956",
    "Trust (Government Corruption)": "0.282410324",
    "Generosity": "0.291631311"
  },
  "Vietnam": {
    "Happiness Rank": "94",
    "Country": "Vietnam",
    "Region": "Southeastern Asia",
    "Happiness Score": "5.073999882",
    "Economy (GDP per Capita)": "0.788547575",
    "Family (Social Support)": "1.277491331",
    "Health (Life Expectancy)": "0.652168989",
    "Freedom": "0.571055591",
    "Trust (Government Corruption)": "0.087633237",
    "Generosity": "0.234968051"
  },
  "Nigeria": {
    "Happiness Rank": "95",
    "Country": "Nigeria",
    "Region": "Sub-Saharan Africa",
    "Happiness Score": "5.073999882",
    "Economy (GDP per Capita)": "0.783756256",
    "Family (Social Support)": "1.215770483",
    "Health (Life Expectancy)": "0.05691573",
    "Freedom": "0.394952565",
    "Trust (Government Corruption)": "0.026121566",
    "Generosity": "0.230947196"
  },
  "Tajikistan": {
    "Happiness Rank": "96",
    "Country": "Tajikistan",
    "Region": "Central and Eastern Europe",
    "Happiness Score": "5.040999889",
    "Economy (GDP per Capita)": "0.524713635",
    "Family (Social Support)": "1.271463275",
    "Health (Life Expectancy)": "0.529235125",
    "Freedom": "0.471566707",
    "Trust (Government Corruption)": "0.146377146",
    "Generosity": "0.248997644"
  },
  "Bhutan": {
    "Happiness Rank": "97",
    "Country": "Bhutan",
    "Region": "Southern Asia",
    "Happiness Score": "5.011000156",
    "Economy (GDP per Capita)": "0.885416389",
    "Family (Social Support)": "1.340126514",
    "Health (Life Expectancy)": "0.495879292",
    "Freedom": "0.501537681",
    "Trust (Government Corruption)": "0.17338039",
    "Generosity": "0.474054545"
  },
  "Kyrgyzstan": {
    "Happiness Rank": "98",
    "Country": "Kyrgyzstan",
    "Region": "Central and Eastern Europe",
    "Happiness Score": "5.004000187",
    "Economy (GDP per Capita)": "0.596220076",
    "Family (Social Support)": "1.394238591",
    "Health (Life Expectancy)": "0.553457797",
    "Freedom": "0.454943389",
    "Trust (Government Corruption)": "0.039439179",
    "Generosity": "0.428580374"
  },
  "Nepal": {
    "Happiness Rank": "99",
    "Country": "Nepal",
    "Region": "Southern Asia",
    "Happiness Score": "4.961999893",
    "Economy (GDP per Capita)": "0.479820192",
    "Family (Social Support)": "1.179283261",
    "Health (Life Expectancy)": "0.504130781",
    "Freedom": "0.440305948",
    "Trust (Government Corruption)": "0.072975546",
    "Generosity": "0.394096166"
  },
  "Mongolia": {
    "Happiness Rank": "100",
    "Country": "Mongolia",
    "Region": "Eastern Asia",
    "Happiness Score": "4.954999924",
    "Economy (GDP per Capita)": "1.027235866",
    "Family (Social Support)": "1.493011236",
    "Health (Life Expectancy)": "0.557783484",
    "Freedom": "0.394143969",
    "Trust (Government Corruption)": "0.032902289",
    "Generosity": "0.33846423"
  },
  "South Africa": {
    "Happiness Rank": "101",
    "Country": "South Africa",
    "Region": "Sub-Saharan Africa",
    "Happiness Score": "4.828999996",
    "Economy (GDP per Capita)": "1.054698706",
    "Family (Social Support)": "1.384788632",
    "Health (Life Expectancy)": "0.18708007",
    "Freedom": "0.479246736",
    "Trust (Government Corruption)": "0.072509497",
    "Generosity": "0.13936238"
  },
  "Tunisia": {
    "Happiness Rank": "102",
    "Country": "Tunisia",
    "Region": "Middle East and Northern Africa",
    "Happiness Score": "4.804999828",
    "Economy (GDP per Capita)": "1.007265806",
    "Family (Social Support)": "0.86835146",
    "Health (Life Expectancy)": "0.613212049",
    "Freedom": "0.28968069",
    "Trust (Government Corruption)": "0.086723149",
    "Generosity": "0.049693357"
  },
  "Palestinian Territories": {
    "Happiness Rank": "103",
    "Country": "Palestinian Territories",
    "Region": "Middle East and Northern Africa",
    "Happiness Score": "4.775000095",
    "Economy (GDP per Capita)": "0.716249228",
    "Family (Social Support)": "1.155647159",
    "Health (Life Expectancy)": "0.565666974",
    "Freedom": "0.254711062",
    "Trust (Government Corruption)": "0.089282602",
    "Generosity": "0.114173174"
  },
  "Egypt": {
    "Happiness Rank": "104",
    "Country": "Egypt",
    "Region": "Middle East and Northern Africa",
    "Happiness Score": "4.735000134",
    "Economy (GDP per Capita)": "0.989701807",
    "Family (Social Support)": "0.997471392",
    "Health (Life Expectancy)": "0.520187259",
    "Freedom": "0.282110155",
    "Trust (Government Corruption)": "0.114381365",
    "Generosity": "0.128631443"
  },
  "Bulgaria": {
    "Happiness Rank": "105",
    "Country": "Bulgaria",
    "Region": "Central and Eastern Europe",
    "Happiness Score": "4.714000225",
    "Economy (GDP per Capita)": "1.161459088",
    "Family (Social Support)": "1.434379458",
    "Health (Life Expectancy)": "0.70821768",
    "Freedom": "0.289231718",
    "Trust (Government Corruption)": "0.011051531",
    "Generosity": "0.113177694"
  },
  "Sierra Leone": {
    "Happiness Rank": "106",
    "Country": "Sierra Leone",
    "Region": "Sub-Saharan Africa",
    "Happiness Score": "4.709000111",
    "Economy (GDP per Capita)": "0.368420929",
    "Family (Social Support)": "0.984136045",
    "Health (Life Expectancy)": "0.005564754",
    "Freedom": "0.318697691",
    "Trust (Government Corruption)": "0.071095176",
    "Generosity": "0.293040901"
  },
  "Cameroon": {
    "Happiness Rank": "107",
    "Country": "Cameroon",
    "Region": "Sub-Saharan Africa",
    "Happiness Score": "4.695000172",
    "Economy (GDP per Capita)": "0.564305365",
    "Family (Social Support)": "0.946018219",
    "Health (Life Expectancy)": "0.132892117",
    "Freedom": "0.430388749",
    "Trust (Government Corruption)": "0.051306631",
    "Generosity": "0.236298457"
  },
  "Iran": {
    "Happiness Rank": "108",
    "Country": "Iran",
    "Region": "Middle East and Northern Africa",
    "Happiness Score": "4.691999912",
    "Economy (GDP per Capita)": "1.156873107",
    "Family (Social Support)": "0.711551249",
    "Health (Life Expectancy)": "0.639333189",
    "Freedom": "0.249322608",
    "Trust (Government Corruption)": "0.048761073",
    "Generosity": "0.387242913"
  },
  "Albania": {
    "Happiness Rank": "109",
    "Country": "Albania",
    "Region": "Central and Eastern Europe",
    "Happiness Score": "4.644000053",
    "Economy (GDP per Capita)": "0.996192753",
    "Family (Social Support)": "0.803685248",
    "Health (Life Expectancy)": "0.731159747",
    "Freedom": "0.381498635",
    "Trust (Government Corruption)": "0.039864216",
    "Generosity": "0.201312944"
  },
  "Bangladesh": {
    "Happiness Rank": "110",
    "Country": "Bangladesh",
    "Region": "Southern Asia",
    "Happiness Score": "4.607999802",
    "Economy (GDP per Capita)": "0.586682975",
    "Family (Social Support)": "0.735131741",
    "Health (Life Expectancy)": "0.533241034",
    "Freedom": "0.478356659",
    "Trust (Government Corruption)": "0.123717859",
    "Generosity": "0.172255352"
  },
  "Namibia": {
    "Happiness Rank": "111",
    "Country": "Namibia",
    "Region": "-",
    "Happiness Score": "4.573999882",
    "Economy (GDP per Capita)": "0.964434326",
    "Family (Social Support)": "1.098470807",
    "Health (Life Expectancy)": "0.338611811",
    "Freedom": "0.520303547",
    "Trust (Government Corruption)": "0.093146972",
    "Generosity": "0.077133745"
  },
  "Kenya": {
    "Happiness Rank": "112",
    "Country": "Kenya",
    "Region": "Sub-Saharan Africa",
    "Happiness Score": "4.552999973",
    "Economy (GDP per Capita)": "0.560479462",
    "Family (Social Support)": "1.067950726",
    "Health (Life Expectancy)": "0.30998835",
    "Freedom": "0.452763766",
    "Trust (Government Corruption)": "0.064641319",
    "Generosity": "0.444860309"
  },
  "Mozambique": {
    "Happiness Rank": "113",
    "Country": "Mozambique",
    "Region": "Sub-Saharan Africa",
    "Happiness Score": "4.550000191",
    "Economy (GDP per Capita)": "0.23430565",
    "Family (Social Support)": "0.870701015",
    "Health (Life Expectancy)": "0.106654435",
    "Freedom": "0.480791092",
    "Trust (Government Corruption)": "0.179436386",
    "Generosity": "0.322228104"
  },
  "Myanmar": {
    "Happiness Rank": "114",
    "Country": "Myanmar",
    "Region": "Southeastern Asia",
    "Happiness Score": "4.545000076",
    "Economy (GDP per Capita)": "0.36711055",
    "Family (Social Support)": "1.123235941",
    "Health (Life Expectancy)": "0.397522569",
    "Freedom": "0.514492035",
    "Trust (Government Corruption)": "0.188816205",
    "Generosity": "0.838075161"
  },
  "Senegal": {
    "Happiness Rank": "115",
    "Country": "Senegal",
    "Region": "Sub-Saharan Africa",
    "Happiness Score": "4.534999847",
    "Economy (GDP per Capita)": "0.479309022",
    "Family (Social Support)": "1.179691911",
    "Health (Life Expectancy)": "0.409362853",
    "Freedom": "0.377922267",
    "Trust (Government Corruption)": "0.115460448",
    "Generosity": "0.183468893"
  },
  "Zambia": {
    "Happiness Rank": "116",
    "Country": "Zambia",
    "Region": "Sub-Saharan Africa",
    "Happiness Score": "4.513999939",
    "Economy (GDP per Capita)": "0.636406779",
    "Family (Social Support)": "1.003187299",
    "Health (Life Expectancy)": "0.257835895",
    "Freedom": "0.461603492",
    "Trust (Government Corruption)": "0.07821355",
    "Generosity": "0.249580145"
  },
  "Iraq": {
    "Happiness Rank": "117",
    "Country": "Iraq",
    "Region": "Middle East and Northern Africa",
    "Happiness Score": "4.497000217",
    "Economy (GDP per Capita)": "1.102710485",
    "Family (Social Support)": "0.978613198",
    "Health (Life Expectancy)": "0.50118047",
    "Freedom": "0.288555533",
    "Trust (Government Corruption)": "0.107215755",
    "Generosity": "0.199637264"
  },
  "Gabon": {
    "Happiness Rank": "118",
    "Country": "Gabon",
    "Region": "Sub-Saharan Africa",
    "Happiness Score": "4.465000153",
    "Economy (GDP per Capita)": "1.198210239",
    "Family (Social Support)": "1.155620217",
    "Health (Life Expectancy)": "0.356578588",
    "Freedom": "0.312328577",
    "Trust (Government Corruption)": "0.076046787",
    "Generosity": "0.043785378"
  },
  "Ethiopia": {
    "Happiness Rank": "119",
    "Country": "Ethiopia",
    "Region": "Sub-Saharan Africa",
    "Happiness Score": "4.460000038",
    "Economy (GDP per Capita)": "0.339233845",
    "Family (Social Support)": "0.864669204",
    "Health (Life Expectancy)": "0.353409708",
    "Freedom": "0.408842742",
    "Trust (Government Corruption)": "0.165455714",
    "Generosity": "0.31265074"
  },
  "Sri Lanka": {
    "Happiness Rank": "120",
    "Country": "Sri Lanka",
    "Region": "Southern Asia",
    "Happiness Score": "4.440000057",
    "Economy (GDP per Capita)": "1.009850144",
    "Family (Social Support)": "1.259976387",
    "Health (Life Expectancy)": "0.625130832",
    "Freedom": "0.561213255",
    "Trust (Government Corruption)": "0.073653966",
    "Generosity": "0.490863562"
  },
  "Armenia": {
    "Happiness Rank": "121",
    "Country": "Armenia",
    "Region": "Central and Eastern Europe",
    "Happiness Score": "4.375999928",
    "Economy (GDP per Capita)": "0.900596738",
    "Family (Social Support)": "1.007483721",
    "Health (Life Expectancy)": "0.637524426",
    "Freedom": "0.198303267",
    "Trust (Government Corruption)": "0.026674422",
    "Generosity": "0.083488092"
  },
  "India": {
    "Happiness Rank": "122",
    "Country": "India",
    "Region": "Southern Asia",
    "Happiness Score": "4.315000057",
    "Economy (GDP per Capita)": "0.792221248",
    "Family (Social Support)": "0.754372597",
    "Health (Life Expectancy)": "0.455427617",
    "Freedom": "0.469987005",
    "Trust (Government Corruption)": "0.092226885",
    "Generosity": "0.231538489"
  },
  "Mauritania": {
    "Happiness Rank": "123",
    "Country": "Mauritania",
    "Region": "Sub-Saharan Africa",
    "Happiness Score": "4.291999817",
    "Economy (GDP per Capita)": "0.648457289",
    "Family (Social Support)": "1.27203083",
    "Health (Life Expectancy)": "0.28534928",
    "Freedom": "0.096098043",
    "Trust (Government Corruption)": "0.136957005",
    "Generosity": "0.201870024"
  },
  "Congo": {
    "Happiness Rank": "124",
    "Country": "Congo",
    "Region": "Sub-Saharan Africa",
    "Happiness Score": "4.290999889",
    "Economy (GDP per Capita)": "0.808964252",
    "Family (Social Support)": "0.832044363",
    "Health (Life Expectancy)": "0.289957434",
    "Freedom": "0.435025871",
    "Trust (Government Corruption)": "0.079618134",
    "Generosity": "0.120852128"
  },
  "Georgia": {
    "Happiness Rank": "125",
    "Country": "Georgia",
    "Region": "Central and Eastern Europe",
    "Happiness Score": "4.285999775",
    "Economy (GDP per Capita)": "0.950612664",
    "Family (Social Support)": "0.570614934",
    "Health (Life Expectancy)": "0.649546981",
    "Freedom": "0.309410036",
    "Trust (Government Corruption)": "0.251666635",
    "Generosity": "0.054008815"
  },
  "Dem. Rep. Congo": {
    "Happiness Rank": "126",
    "Country": "Dem. Rep. Congo",
    "Region": "Sub-Saharan Africa",
    "Happiness Score": "4.28000021",
    "Economy (GDP per Capita)": "0.092102349",
    "Family (Social Support)": "1.229023457",
    "Health (Life Expectancy)": "0.191407025",
    "Freedom": "0.235961348",
    "Trust (Government Corruption)": "0.060241356",
    "Generosity": "0.246455833"
  },
  "Mali": {
    "Happiness Rank": "127",
    "Country": "Mali",
    "Region": "Sub-Saharan Africa",
    "Happiness Score": "4.190000057",
    "Economy (GDP per Capita)": "0.476180494",
    "Family (Social Support)": "1.281473398",
    "Health (Life Expectancy)": "0.169365674",
    "Freedom": "0.306613743",
    "Trust (Government Corruption)": "0.104970247",
    "Generosity": "0.183354199"
  },
  "Côte d'Ivoire": {
    "Happiness Rank": "128",
    "Country": "Côte d'Ivoire",
    "Region": "Sub-Saharan Africa",
    "Happiness Score": "4.179999828",
    "Economy (GDP per Capita)": "0.603048921",
    "Family (Social Support)": "0.90478003",
    "Health (Life Expectancy)": "0.04864217",
    "Freedom": "0.447706193",
    "Trust (Government Corruption)": "0.130061775",
    "Generosity": "0.20123747"
  },
  "Cambodia": {
    "Happiness Rank": "129",
    "Country": "Cambodia",
    "Region": "Southeastern Asia",
    "Happiness Score": "4.168000221",
    "Economy (GDP per Capita)": "0.601765096",
    "Family (Social Support)": "1.006238341",
    "Health (Life Expectancy)": "0.429783404",
    "Freedom": "0.633375823",
    "Trust (Government Corruption)": "0.068105951",
    "Generosity": "0.385922968"
  },
  "Sudan": {
    "Happiness Rank": "130",
    "Country": "Sudan",
    "Region": "Sub-Saharan Africa",
    "Happiness Score": "4.138999939",
    "Economy (GDP per Capita)": "0.659516692",
    "Family (Social Support)": "1.21400857",
    "Health (Life Expectancy)": "0.290920824",
    "Freedom": "0.014995855",
    "Trust (Government Corruption)": "0.08984752",
    "Generosity": "0.182317451"
  },
  "Ghana": {
    "Happiness Rank": "131",
    "Country": "Ghana",
    "Region": "Sub-Saharan Africa",
    "Happiness Score": "4.119999886",
    "Economy (GDP per Capita)": "0.667224824",
    "Family (Social Support)": "0.873664737",
    "Health (Life Expectancy)": "0.295637727",
    "Freedom": "0.423026294",
    "Trust (Government Corruption)": "0.02533637",
    "Generosity": "0.256923944"
  },
  "Ukraine": {
    "Happiness Rank": "132",
    "Country": "Ukraine",
    "Region": "Central and Eastern Europe",
    "Happiness Score": "4.096000195",
    "Economy (GDP per Capita)": "0.894651949",
    "Family (Social Support)": "1.394537568",
    "Health (Life Expectancy)": "0.575903952",
    "Freedom": "0.122974776",
    "Trust (Government Corruption)": "0.023029471",
    "Generosity": "0.270061463"
  },
  "Uganda": {
    "Happiness Rank": "133",
    "Country": "Uganda",
    "Region": "Sub-Saharan Africa",
    "Happiness Score": "4.080999851",
    "Economy (GDP per Capita)": "0.381430715",
    "Family (Social Support)": "1.129827738",
    "Health (Life Expectancy)": "0.217632607",
    "Freedom": "0.443185955",
    "Trust (Government Corruption)": "0.057069719",
    "Generosity": "0.325766057"
  },
  "Burkina Faso": {
    "Happiness Rank": "134",
    "Country": "Burkina Faso",
    "Region": "Sub-Saharan Africa",
    "Happiness Score": "4.032000065",
    "Economy (GDP per Capita)": "0.350227714",
    "Family (Social Support)": "1.043280005",
    "Health (Life Expectancy)": "0.215844259",
    "Freedom": "0.324367851",
    "Trust (Government Corruption)": "0.120328106",
    "Generosity": "0.250864685"
  },
  "Niger": {
    "Happiness Rank": "135",
    "Country": "Niger",
    "Region": "Sub-Saharan Africa",
    "Happiness Score": "4.027999878",
    "Economy (GDP per Capita)": "0.161925331",
    "Family (Social Support)": "0.993025005",
    "Health (Life Expectancy)": "0.268505007",
    "Freedom": "0.363658696",
    "Trust (Government Corruption)": "0.138572946",
    "Generosity": "0.228673846"
  },
  "Malawi": {
    "Happiness Rank": "136",
    "Country": "Malawi",
    "Region": "Sub-Saharan Africa",
    "Happiness Score": "3.970000029",
    "Economy (GDP per Capita)": "0.233442038",
    "Family (Social Support)": "0.512568831",
    "Health (Life Expectancy)": "0.315089583",
    "Freedom": "0.466914654",
    "Trust (Government Corruption)": "0.072711654",
    "Generosity": "0.28717047"
  },
  "Chad": {
    "Happiness Rank": "137",
    "Country": "Chad",
    "Region": "Sub-Saharan Africa",
    "Happiness Score": "3.936000109",
    "Economy (GDP per Capita)": "0.438012987",
    "Family (Social Support)": "0.953855872",
    "Health (Life Expectancy)": "0.041134715",
    "Freedom": "0.162342027",
    "Trust (Government Corruption)": "0.053581882",
    "Generosity": "0.21611385"
  },
  "Zimbabwe": {
    "Happiness Rank": "138",
    "Country": "Zimbabwe",
    "Region": "Sub-Saharan Africa",
    "Happiness Score": "3.875",
    "Economy (GDP per Capita)": "0.375846535",
    "Family (Social Support)": "1.083095908",
    "Health (Life Expectancy)": "0.196763754",
    "Freedom": "0.336384207",
    "Trust (Government Corruption)": "0.095375381",
    "Generosity": "0.189143494"
  },
  "Lesotho": {
    "Happiness Rank": "139",
    "Country": "Lesotho",
    "Region": "Sub-Saharan Africa",
    "Happiness Score": "3.808000088",
    "Economy (GDP per Capita)": "0.521021247",
    "Family (Social Support)": "1.190095186",
    "Health (Life Expectancy)": "0",
    "Freedom": "0.390661299",
    "Trust (Government Corruption)": "0.11909464",
    "Generosity": "0.157497272"
  },
  "Angola": {
    "Happiness Rank": "140",
    "Country": "Angola",
    "Region": "Sub-Saharan Africa",
    "Happiness Score": "3.795000076",
    "Economy (GDP per Capita)": "0.85842818",
    "Family (Social Support)": "1.10441196",
    "Health (Life Expectancy)": "0.049868666",
    "Freedom": "0",
    "Trust (Government Corruption)": "0.069720335",
    "Generosity": "0.09792649"
  },
  "Afghanistan": {
    "Happiness Rank": "141",
    "Country": "Afghanistan",
    "Region": "Southern Asia",
    "Happiness Score": "3.79399991",
    "Economy (GDP per Capita)": "0.401477218",
    "Family (Social Support)": "0.581543326",
    "Health (Life Expectancy)": "0.180746779",
    "Freedom": "0.10617952",
    "Trust (Government Corruption)": "0.06115783",
    "Generosity": "0.311870933"
  },
  "Botswana": {
    "Happiness Rank": "142",
    "Country": "Botswana",
    "Region": "Sub-Saharan Africa",
    "Happiness Score": "3.766000032",
    "Economy (GDP per Capita)": "1.122094154",
    "Family (Social Support)": "1.221554995",
    "Health (Life Expectancy)": "0.341755509",
    "Freedom": "0.505196333",
    "Trust (Government Corruption)": "0.098583199",
    "Generosity": "0.099348448"
  },
  "Benin": {
    "Happiness Rank": "143",
    "Country": "Benin",
    "Region": "Sub-Saharan Africa",
    "Happiness Score": "3.657000065",
    "Economy (GDP per Capita)": "0.431085408",
    "Family (Social Support)": "0.435299844",
    "Health (Life Expectancy)": "0.209930211",
    "Freedom": "0.425962776",
    "Trust (Government Corruption)": "0.060929015",
    "Generosity": "0.207948461"
  },
  "Madagascar": {
    "Happiness Rank": "144",
    "Country": "Madagascar",
    "Region": "Sub-Saharan Africa",
    "Happiness Score": "3.644000053",
    "Economy (GDP per Capita)": "0.305808693",
    "Family (Social Support)": "0.913020372",
    "Health (Life Expectancy)": "0.375223309",
    "Freedom": "0.189196765",
    "Trust (Government Corruption)": "0.067231975",
    "Generosity": "0.20873253"
  },
  "Haiti": {
    "Happiness Rank": "145",
    "Country": "Haiti",
    "Region": "Latin America and Caribbean",
    "Happiness Score": "3.602999926",
    "Economy (GDP per Capita)": "0.368610263",
    "Family (Social Support)": "0.640449822",
    "Health (Life Expectancy)": "0.27732113",
    "Freedom": "0.030369857",
    "Trust (Government Corruption)": "0.09987215",
    "Generosity": "0.489203781"
  },
  "Yemen": {
    "Happiness Rank": "146",
    "Country": "Yemen",
    "Region": "Middle East and Northern Africa",
    "Happiness Score": "3.592999935",
    "Economy (GDP per Capita)": "0.591683447",
    "Family (Social Support)": "0.935382247",
    "Health (Life Expectancy)": "0.310080916",
    "Freedom": "0.249463722",
    "Trust (Government Corruption)": "0.056767423",
    "Generosity": "0.104125209"
  },
  "South Sudan": {
    "Happiness Rank": "147",
    "Country": "South Sudan",
    "Region": "-",
    "Happiness Score": "3.59100008",
    "Economy (GDP per Capita)": "0.397248626",
    "Family (Social Support)": "0.601323128",
    "Health (Life Expectancy)": "0.163486004",
    "Freedom": "0.147062436",
    "Trust (Government Corruption)": "0.116793513",
    "Generosity": "0.285670817"
  },
  "Liberia": {
    "Happiness Rank": "148",
    "Country": "Liberia",
    "Region": "Sub-Saharan Africa",
    "Happiness Score": "3.532999992",
    "Economy (GDP per Capita)": "0.119041793",
    "Family (Social Support)": "0.872117937",
    "Health (Life Expectancy)": "0.229918197",
    "Freedom": "0.332881182",
    "Trust (Government Corruption)": "0.038948249",
    "Generosity": "0.266549885"
  },
  "Guinea": {
    "Happiness Rank": "149",
    "Country": "Guinea",
    "Region": "Sub-Saharan Africa",
    "Happiness Score": "3.506999969",
    "Economy (GDP per Capita)": "0.24454993",
    "Family (Social Support)": "0.791244686",
    "Health (Life Expectancy)": "0.194129139",
    "Freedom": "0.348587513",
    "Trust (Government Corruption)": "0.110937618",
    "Generosity": "0.264815092"
  },
  "Togo": {
    "Happiness Rank": "150",
    "Country": "Togo",
    "Region": "Sub-Saharan Africa",
    "Happiness Score": "3.494999886",
    "Economy (GDP per Capita)": "0.305444717",
    "Family (Social Support)": "0.43188253",
    "Health (Life Expectancy)": "0.247105569",
    "Freedom": "0.380426139",
    "Trust (Government Corruption)": "0.095665015",
    "Generosity": "0.196896151"
  },
  "Rwanda": {
    "Happiness Rank": "151",
    "Country": "Rwanda",
    "Region": "Sub-Saharan Africa",
    "Happiness Score": "3.470999956",
    "Economy (GDP per Capita)": "0.368745893",
    "Family (Social Support)": "0.945707023",
    "Health (Life Expectancy)": "0.326424807",
    "Freedom": "0.581843853",
    "Trust (Government Corruption)": "0.455220014",
    "Generosity": "0.252756029"
  },
  "Syria": {
    "Happiness Rank": "152",
    "Country": "Syria",
    "Region": "Middle East and Northern Africa",
    "Happiness Score": "3.461999893",
    "Economy (GDP per Capita)": "0.777153134",
    "Family (Social Support)": "0.396102607",
    "Health (Life Expectancy)": "0.500533342",
    "Freedom": "0.081539445",
    "Trust (Government Corruption)": "0.151347131",
    "Generosity": "0.493663728"
  },
  "Tanzania": {
    "Happiness Rank": "153",
    "Country": "Tanzania",
    "Region": "Sub-Saharan Africa",
    "Happiness Score": "3.348999977",
    "Economy (GDP per Capita)": "0.511135876",
    "Family (Social Support)": "1.041989803",
    "Health (Life Expectancy)": "0.364509284",
    "Freedom": "0.390017778",
    "Trust (Government Corruption)": "0.066035107",
    "Generosity": "0.354256362"
  },
  "Burundi": {
    "Happiness Rank": "154",
    "Country": "Burundi",
    "Region": "Sub-Saharan Africa",
    "Happiness Score": "2.904999971",
    "Economy (GDP per Capita)": "0.091622569",
    "Family (Social Support)": "0.629793584",
    "Health (Life Expectancy)": "0.151610792",
    "Freedom": "0.059900753",
    "Trust (Government Corruption)": "0.084147945",
    "Generosity": "0.204435185"
  },
  "Central African Rep.": {
    "Happiness Rank": "155",
    "Country": "Central African Rep.",
    "Region": "Sub-Saharan Africa",
    "Happiness Score": "2.693000078",
    "Economy (GDP per Capita)": "0",
    "Family (Social Support)": "0",
    "Health (Life Expectancy)": "0.018772686",
    "Freedom": "0.270842046",
    "Trust (Government Corruption)": "0.056565076",
    "Generosity": "0.280876487"
  }
}
