{
  "Finland": {
    "Happiness Rank": "1",
    "Country": "Finland",
    "Region": "Western Europe",
    "Happiness Score": "7.632",
    "Economy (GDP per Capita)": "1.305",
    "Family (Social Support)": "1.592",
    "Health (Life Expectancy)": "0.874",
    "Freedom": "0.681",
    "Trust (Government Corruption)": "0.393",
    "Generosity": "0.202"
  },
  "Norway": {
    "Happiness Rank": "2",
    "Country": "Norway",
    "Region": "Western Europe",
    "Happiness Score": "7.594",
    "Economy (GDP per Capita)": "1.456",
    "Family (Social Support)": "1.582",
    "Health (Life Expectancy)": "0.861",
    "Freedom": "0.686",
    "Trust (Government Corruption)": "0.34",
    "Generosity": "0.286"
  },
  "Denmark": {
    "Happiness Rank": "3",
    "Country": "Denmark",
    "Region": "Western Europe",
    "Happiness Score": "7.555",
    "Economy (GDP per Capita)": "1.351",
    "Family (Social Support)": "1.59",
    "Health (Life Expectancy)": "0.868",
    "Freedom": "0.683",
    "Trust (Government Corruption)": "0.408",
    "Generosity": "0.284"
  },
  "Iceland": {
    "Happiness Rank": "4",
    "Country": "Iceland",
    "Region": "Western Europe",
    "Happiness Score": "7.495",
    "Economy (GDP per Capita)": "1.343",
    "Family (Social Support)": "1.644",
    "Health (Life Expectancy)": "0.914",
    "Freedom": "0.677",
    "Trust (Government Corruption)": "0.138",
    "Generosity": "0.353"
  },
  "Switzerland": {
    "Happiness Rank": "5",
    "Country": "Switzerland",
    "Region": "Western Europe",
    "Happiness Score": "7.487",
    "Economy (GDP per Capita)": "1.42",
    "Family (Social Support)": "1.549",
    "Health (Life Expectancy)": "0.927",
    "Freedom": "0.66",
    "Trust (Government Corruption)": "0.357",
    "Generosity": "0.256"
  },
  "Netherlands": {
    "Happiness Rank": "6",
    "Country": "Netherlands",
    "Region": "Western Europe",
    "Happiness Score": "7.441",
    "Economy (GDP per Capita)": "1.361",
    "Family (Social Support)": "1.488",
    "Health (Life Expectancy)": "0.878",
    "Freedom": "0.638",
    "Trust (Government Corruption)": "0.295",
    "Generosity": "0.333"
  },
  "Canada": {
    "Happiness Rank": "7",
    "Country": "Canada",
    "Region": "North America",
    "Happiness Score": "7.328",
    "Economy (GDP per Capita)": "1.33",
    "Family (Social Support)": "1.532",
    "Health (Life Expectancy)": "0.896",
    "Freedom": "0.653",
    "Trust (Government Corruption)": "0.291",
    "Generosity": "0.321"
  },
  "New Zealand": {
    "Happiness Rank": "8",
    "Country": "New Zealand",
    "Region": "Australia and New Zealand",
    "Happiness Score": "7.324",
    "Economy (GDP per Capita)": "1.268",
    "Family (Social Support)": "1.601",
    "Health (Life Expectancy)": "0.876",
    "Freedom": "0.669",
    "Trust (Government Corruption)": "0.389",
    "Generosity": "0.365"
  },
  "Sweden": {
    "Happiness Rank": "9",
    "Country": "Sweden",
    "Region": "Western Europe",
    "Happiness Score": "7.314",
    "Economy (GDP per Capita)": "1.355",
    "Family (Social Support)": "1.501",
    "Health (Life Expectancy)": "0.913",
    "Freedom": "0.659",
    "Trust (Government Corruption)": "0.383",
    "Generosity": "0.285"
  },
  "Australia": {
    "Happiness Rank": "10",
    "Country": "Australia",
    "Region": "Australia and New Zealand",
    "Happiness Score": "7.272",
    "Economy (GDP per Capita)": "1.34",
    "Family (Social Support)": "1.573",
    "Health (Life Expectancy)": "0.91",
    "Freedom": "0.647",
    "Trust (Government Corruption)": "0.302",
    "Generosity": "0.361"
  },
  "United Kingdom": {
    "Happiness Rank": "11",
    "Country": "United Kingdom",
    "Region": "Western Europe",
    "Happiness Score": "7.19",
    "Economy (GDP per Capita)": "1.244",
    "Family (Social Support)": "1.433",
    "Health (Life Expectancy)": "0.888",
    "Freedom": "0.464",
    "Trust (Government Corruption)": "0.082",
    "Generosity": "0.262"
  },
  "Austria": {
    "Happiness Rank": "12",
    "Country": "Austria",
    "Region": "Western Europe",
    "Happiness Score": "7.139",
    "Economy (GDP per Capita)": "1.341",
    "Family (Social Support)": "1.504",
    "Health (Life Expectancy)": "0.891",
    "Freedom": "0.617",
    "Trust (Government Corruption)": "0.224",
    "Generosity": "0.242"
  },
  "Costa Rica": {
    "Happiness Rank": "13",
    "Country": "Costa Rica",
    "Region": "Latin America and Caribbean",
    "Happiness Score": "7.072",
    "Economy (GDP per Capita)": "1.01",
    "Family (Social Support)": "1.459",
    "Health (Life Expectancy)": "0.817",
    "Freedom": "0.632",
    "Trust (Government Corruption)": "0.101",
    "Generosity": "0.143"
  },
  "Ireland": {
    "Happiness Rank": "14",
    "Country": "Ireland",
    "Region": "Western Europe",
    "Happiness Score": "6.977",
    "Economy (GDP per Capita)": "1.448",
    "Family (Social Support)": "1.583",
    "Health (Life Expectancy)": "0.876",
    "Freedom": "0.614",
    "Trust (Government Corruption)": "0.306",
    "Generosity": "0.307"
  },
  "Germany": {
    "Happiness Rank": "15",
    "Country": "Germany",
    "Region": "Western Europe",
    "Happiness Score": "6.965",
    "Economy (GDP per Capita)": "1.34",
    "Family (Social Support)": "1.474",
    "Health (Life Expectancy)": "0.861",
    "Freedom": "0.586",
    "Trust (Government Corruption)": "0.28",
    "Generosity": "0.273"
  },
  "Belgium": {
    "Happiness Rank": "16",
    "Country": "Belgium",
    "Region": "Western Europe",
    "Happiness Score": "6.927",
    "Economy (GDP per Capita)": "1.324",
    "Family (Social Support)": "1.483",
    "Health (Life Expectancy)": "0.894",
    "Freedom": "0.583",
    "Trust (Government Corruption)": "0.24",
    "Generosity": "0.188"
  },
  "Luxembourg": {
    "Happiness Rank": "17",
    "Country": "Luxembourg",
    "Region": "Western Europe",
    "Happiness Score": "6.91",
    "Economy (GDP per Capita)": "1.576",
    "Family (Social Support)": "1.52",
    "Health (Life Expectancy)": "0.896",
    "Freedom": "0.632",
    "Trust (Government Corruption)": "0.321",
    "Generosity": "0.196"
  },
  "United States of America": {
    "Happiness Rank": "18",
    "Country": "United States of America",
    "Region": "North America",
    "Happiness Score": "6.886",
    "Economy (GDP per Capita)": "1.398",
    "Family (Social Support)": "1.471",
    "Health (Life Expectancy)": "0.819",
    "Freedom": "0.547",
    "Trust (Government Corruption)": "0.133",
    "Generosity": "0.291"
  },
  "Israel": {
    "Happiness Rank": "19",
    "Country": "Israel",
    "Region": "Middle East and Northern Africa",
    "Happiness Score": "6.814",
    "Economy (GDP per Capita)": "1.301",
    "Family (Social Support)": "1.559",
    "Health (Life Expectancy)": "0.883",
    "Freedom": "0.533",
    "Trust (Government Corruption)": "0.272",
    "Generosity": "0.354"
  },
  "Czechia": {
    "Happiness Rank": "21",
    "Country": "Czechia",
    "Region": "Central and Eastern Europe",
    "Happiness Score": "6.711",
    "Economy (GDP per Capita)": "1.233",
    "Family (Social Support)": "1.489",
    "Health (Life Expectancy)": "0.854",
    "Freedom": "0.543",
    "Trust (Government Corruption)": "0.034",
    "Generosity": "0.064"
  },
  "Malta": {
    "Happiness Rank": "22",
    "Country": "Malta",
    "Region": "Western Europe",
    "Happiness Score": "6.627",
    "Economy (GDP per Capita)": "1.27",
    "Family (Social Support)": "1.525",
    "Health (Life Expectancy)": "0.884",
    "Freedom": "0.645",
    "Trust (Government Corruption)": "0.142",
    "Generosity": "0.376"
  },
  "France": {
    "Happiness Rank": "23",
    "Country": "France",
    "Region": "Western Europe",
    "Happiness Score": "6.489",
    "Economy (GDP per Capita)": "1.293",
    "Family (Social Support)": "1.466",
    "Health (Life Expectancy)": "0.908",
    "Freedom": "0.52",
    "Trust (Government Corruption)": "0.176",
    "Generosity": "0.098"
  },
  "Mexico": {
    "Happiness Rank": "24",
    "Country": "Mexico",
    "Region": "Latin America and Caribbean",
    "Happiness Score": "6.488",
    "Economy (GDP per Capita)": "1.038",
    "Family (Social Support)": "1.252",
    "Health (Life Expectancy)": "0.761",
    "Freedom": "0.479",
    "Trust (Government Corruption)": "0.095",
    "Generosity": "0.069"
  },
  "Chile": {
    "Happiness Rank": "25",
    "Country": "Chile",
    "Region": "Latin America and Caribbean",
    "Happiness Score": "6.476",
    "Economy (GDP per Capita)": "1.131",
    "Family (Social Support)": "1.331",
    "Health (Life Expectancy)": "0.808",
    "Freedom": "0.431",
    "Trust (Government Corruption)": "0.061",
    "Generosity": "0.197"
  },
  "Taiwan": {
    "Happiness Rank": "26",
    "Country": "Taiwan",
    "Region": "Eastern Asia",
    "Happiness Score": "6.441",
    "Economy (GDP per Capita)": "1.365",
    "Family (Social Support)": "1.436",
    "Health (Life Expectancy)": "0.857",
    "Freedom": "0.418",
    "Trust (Government Corruption)": "0.078",
    "Generosity": "0.151"
  },
  "Panama": {
    "Happiness Rank": "27",
    "Country": "Panama",
    "Region": "Latin America and Caribbean",
    "Happiness Score": "6.43",
    "Economy (GDP per Capita)": "1.112",
    "Family (Social Support)": "1.438",
    "Health (Life Expectancy)": "0.759",
    "Freedom": "0.597",
    "Trust (Government Corruption)": "0.063",
    "Generosity": "0.125"
  },
  "Brazil": {
    "Happiness Rank": "28",
    "Country": "Brazil",
    "Region": "Latin America and Caribbean",
    "Happiness Score": "6.419",
    "Economy (GDP per Capita)": "0.986",
    "Family (Social Support)": "1.474",
    "Health (Life Expectancy)": "0.675",
    "Freedom": "0.493",
    "Trust (Government Corruption)": "0.088",
    "Generosity": "0.11"
  },
  "Argentina": {
    "Happiness Rank": "29",
    "Country": "Argentina",
    "Region": "Latin America and Caribbean",
    "Happiness Score": "6.388",
    "Economy (GDP per Capita)": "1.073",
    "Family (Social Support)": "1.468",
    "Health (Life Expectancy)": "0.744",
    "Freedom": "0.57",
    "Trust (Government Corruption)": "0.054",
    "Generosity": "0.062"
  },
  "Guatemala": {
    "Happiness Rank": "30",
    "Country": "Guatemala",
    "Region": "Latin America and Caribbean",
    "Happiness Score": "6.382",
    "Economy (GDP per Capita)": "0.781",
    "Family (Social Support)": "1.268",
    "Health (Life Expectancy)": "0.608",
    "Freedom": "0.604",
    "Trust (Government Corruption)": "0.071",
    "Generosity": "0.179"
  },
  "Uruguay": {
    "Happiness Rank": "31",
    "Country": "Uruguay",
    "Region": "Latin America and Caribbean",
    "Happiness Score": "6.379",
    "Economy (GDP per Capita)": "1.093",
    "Family (Social Support)": "1.459",
    "Health (Life Expectancy)": "0.771",
    "Freedom": "0.625",
    "Trust (Government Corruption)": "0.155",
    "Generosity": "0.13"
  },
  "Qatar": {
    "Happiness Rank": "32",
    "Country": "Qatar",
    "Region": "Middle East and Northern Africa",
    "Happiness Score": "6.374",
    "Economy (GDP per Capita)": "1.649",
    "Family (Social Support)": "1.303",
    "Health (Life Expectancy)": "0.748",
    "Freedom": "0.654",
    "Trust (Government Corruption)": "0.171",
    "Generosity": "0.256"
  },
  "Saudi Arabia": {
    "Happiness Rank": "33",
    "Country": "Saudi Arabia",
    "Region": "Middle East and Northern Africa",
    "Happiness Score": "6.371",
    "Economy (GDP per Capita)": "1.379",
    "Family (Social Support)": "1.331",
    "Health (Life Expectancy)": "0.633",
    "Freedom": "0.509",
    "Trust (Government Corruption)": "0.127",
    "Generosity": "0.098"
  },
  "Singapore": {
    "Happiness Rank": "34",
    "Country": "Singapore",
    "Region": "Southeastern Asia",
    "Happiness Score": "6.343",
    "Economy (GDP per Capita)": "1.529",
    "Family (Social Support)": "1.451",
    "Health (Life Expectancy)": "1.008",
    "Freedom": "0.631",
    "Trust (Government Corruption)": "0.457",
    "Generosity": "0.261"
  },
  "Malaysia": {
    "Happiness Rank": "35",
    "Country": "Malaysia",
    "Region": "Southeastern Asia",
    "Happiness Score": "6.322",
    "Economy (GDP per Capita)": "1.161",
    "Family (Social Support)": "1.258",
    "Health (Life Expectancy)": "0.669",
    "Freedom": "0.356",
    "Trust (Government Corruption)": "0.059",
    "Generosity": "0.311"
  },
  "Spain": {
    "Happiness Rank": "36",
    "Country": "Spain",
    "Region": "Western Europe",
    "Happiness Score": "6.31",
    "Economy (GDP per Capita)": "1.251",
    "Family (Social Support)": "1.538",
    "Health (Life Expectancy)": "0.965",
    "Freedom": "0.449",
    "Trust (Government Corruption)": "0.074",
    "Generosity": "0.142"
  },
  "Colombia": {
    "Happiness Rank": "37",
    "Country": "Colombia",
    "Region": "Latin America and Caribbean",
    "Happiness Score": "6.26",
    "Economy (GDP per Capita)": "0.96",
    "Family (Social Support)": "1.439",
    "Health (Life Expectancy)": "0.635",
    "Freedom": "0.531",
    "Trust (Government Corruption)": "0.039",
    "Generosity": "0.099"
  },
  "Trinidad & Tobago": {
    "Happiness Rank": "38",
    "Country": "Trinidad & Tobago",
    "Region": "-",
    "Happiness Score": "6.192",
    "Economy (GDP per Capita)": "1.223",
    "Family (Social Support)": "1.492",
    "Health (Life Expectancy)": "0.564",
    "Freedom": "0.575",
    "Trust (Government Corruption)": "0.019",
    "Generosity": "0.171"
  },
  "Slovakia": {
    "Happiness Rank": "39",
    "Country": "Slovakia",
    "Region": "Central and Eastern Europe",
    "Happiness Score": "6.173",
    "Economy (GDP per Capita)": "1.21",
    "Family (Social Support)": "1.537",
    "Health (Life Expectancy)": "0.776",
    "Freedom": "0.354",
    "Trust (Government Corruption)": "0.014",
    "Generosity": "0.118"
  },
  "El Salvador": {
    "Happiness Rank": "40",
    "Country": "El Salvador",
    "Region": "Latin America and Caribbean",
    "Happiness Score": "6.167",
    "Economy (GDP per Capita)": "0.806",
    "Family (Social Support)": "1.231",
    "Health (Life Expectancy)": "0.639",
    "Freedom": "0.461",
    "Trust (Government Corruption)": "0.082",
    "Generosity": "0.065"
  },
  "Nicaragua": {
    "Happiness Rank": "41",
    "Country": "Nicaragua",
    "Region": "Latin America and Caribbean",
    "Happiness Score": "6.141",
    "Economy (GDP per Capita)": "0.668",
    "Family (Social Support)": "1.319",
    "Health (Life Expectancy)": "0.7",
    "Freedom": "0.527",
    "Trust (Government Corruption)": "0.128",
    "Generosity": "0.208"
  },
  "Poland": {
    "Happiness Rank": "42",
    "Country": "Poland",
    "Region": "Central and Eastern Europe",
    "Happiness Score": "6.123",
    "Economy (GDP per Capita)": "1.176",
    "Family (Social Support)": "1.448",
    "Health (Life Expectancy)": "0.781",
    "Freedom": "0.546",
    "Trust (Government Corruption)": "0.064",
    "Generosity": "0.108"
  },
  "Bahrain": {
    "Happiness Rank": "43",
    "Country": "Bahrain",
    "Region": "Middle East and Northern Africa",
    "Happiness Score": "6.105",
    "Economy (GDP per Capita)": "1.338",
    "Family (Social Support)": "1.366",
    "Health (Life Expectancy)": "0.698",
    "Freedom": "0.594",
    "Trust (Government Corruption)": "0.123",
    "Generosity": "0.243"
  },
  "Uzbekistan": {
    "Happiness Rank": "44",
    "Country": "Uzbekistan",
    "Region": "Central and Eastern Europe",
    "Happiness Score": "6.096",
    "Economy (GDP per Capita)": "0.719",
    "Family (Social Support)": "1.584",
    "Health (Life Expectancy)": "0.605",
    "Freedom": "0.724",
    "Trust (Government Corruption)": "0.259",
    "Generosity": "0.328"
  },
  "Kuwait": {
    "Happiness Rank": "45",
    "Country": "Kuwait",
    "Region": "Middle East and Northern Africa",
    "Happiness Score": "6.083",
    "Economy (GDP per Capita)": "1.474",
    "Family (Social Support)": "1.301",
    "Health (Life Expectancy)": "0.675",
    "Freedom": "0.554",
    "Trust (Government Corruption)": "0.106",
    "Generosity": "0.167"
  },
  "Thailand": {
    "Happiness Rank": "46",
    "Country": "Thailand",
    "Region": "Southeastern Asia",
    "Happiness Score": "6.072",
    "Economy (GDP per Capita)": "1.016",
    "Family (Social Support)": "1.417",
    "Health (Life Expectancy)": "0.707",
    "Freedom": "0.637",
    "Trust (Government Corruption)": "0.029",
    "Generosity": "0.364"
  },
  "Italy": {
    "Happiness Rank": "47",
    "Country": "Italy",
    "Region": "Western Europe",
    "Happiness Score": "6",
    "Economy (GDP per Capita)": "1.264",
    "Family (Social Support)": "1.501",
    "Health (Life Expectancy)": "0.946",
    "Freedom": "0.281",
    "Trust (Government Corruption)": "0.028",
    "Generosity": "0.137"
  },
  "Ecuador": {
    "Happiness Rank": "48",
    "Country": "Ecuador",
    "Region": "Latin America and Caribbean",
    "Happiness Score": "5.973",
    "Economy (GDP per Capita)": "0.889",
    "Family (Social Support)": "1.33",
    "Health (Life Expectancy)": "0.736",
    "Freedom": "0.556",
    "Trust (Government Corruption)": "0.12",
    "Generosity": "0.114"
  },
  "Belize": {
    "Happiness Rank": "49",
    "Country": "Belize",
    "Region": "-",
    "Happiness Score": "5.956",
    "Economy (GDP per Capita)": "0.807",
    "Family (Social Support)": "1.101",
    "Health (Life Expectancy)": "0.474",
    "Freedom": "0.593",
    "Trust (Government Corruption)": "0.089",
    "Generosity": "0.183"
  },
  "Lithuania": {
    "Happiness Rank": "50",
    "Country": "Lithuania",
    "Region": "Central and Eastern Europe",
    "Happiness Score": "5.952",
    "Economy (GDP per Capita)": "1.197",
    "Family (Social Support)": "1.527",
    "Health (Life Expectancy)": "0.716",
    "Freedom": "0.35",
    "Trust (Government Corruption)": "0.006",
    "Generosity": "0.026"
  },
  "Slovenia": {
    "Happiness Rank": "51",
    "Country": "Slovenia",
    "Region": "Central and Eastern Europe",
    "Happiness Score": "5.948",
    "Economy (GDP per Capita)": "1.219",
    "Family (Social Support)": "1.506",
    "Health (Life Expectancy)": "0.856",
    "Freedom": "0.633",
    "Trust (Government Corruption)": "0.051",
    "Generosity": "0.16"
  },
  "Romania": {
    "Happiness Rank": "52",
    "Country": "Romania",
    "Region": "Central and Eastern Europe",
    "Happiness Score": "5.945",
    "Economy (GDP per Capita)": "1.116",
    "Family (Social Support)": "1.219",
    "Health (Life Expectancy)": "0.726",
    "Freedom": "0.528",
    "Trust (Government Corruption)": "0.001",
    "Generosity": "0.088"
  },
  "Latvia": {
    "Happiness Rank": "53",
    "Country": "Latvia",
    "Region": "Central and Eastern Europe",
    "Happiness Score": "5.933",
    "Economy (GDP per Capita)": "1.148",
    "Family (Social Support)": "1.454",
    "Health (Life Expectancy)": "0.671",
    "Freedom": "0.363",
    "Trust (Government Corruption)": "0.066",
    "Generosity": "0.092"
  },
  "Japan": {
    "Happiness Rank": "54",
    "Country": "Japan",
    "Region": "Eastern Asia",
    "Happiness Score": "5.915",
    "Economy (GDP per Capita)": "1.294",
    "Family (Social Support)": "1.462",
    "Health (Life Expectancy)": "0.988",
    "Freedom": "0.553",
    "Trust (Government Corruption)": "0.15",
    "Generosity": "0.079"
  },
  "Mauritius": {
    "Happiness Rank": "55",
    "Country": "Mauritius",
    "Region": "Sub-Saharan Africa",
    "Happiness Score": "5.891",
    "Economy (GDP per Capita)": "1.09",
    "Family (Social Support)": "1.387",
    "Health (Life Expectancy)": "0.684",
    "Freedom": "0.584",
    "Trust (Government Corruption)": "0.05",
    "Generosity": "0.245"
  },
  "Jamaica": {
    "Happiness Rank": "56",
    "Country": "Jamaica",
    "Region": "Latin America and Caribbean",
    "Happiness Score": "5.89",
    "Economy (GDP per Capita)": "0.819",
    "Family (Social Support)": "1.493",
    "Health (Life Expectancy)": "0.693",
    "Freedom": "0.575",
    "Trust (Government Corruption)": "0.031",
    "Generosity": "0.096"
  },
  "South Korea": {
    "Happiness Rank": "57",
    "Country": "South Korea",
    "Region": "Eastern Asia",
    "Happiness Score": "5.875",
    "Economy (GDP per Capita)": "1.266",
    "Family (Social Support)": "1.204",
    "Health (Life Expectancy)": "0.955",
    "Freedom": "0.244",
    "Trust (Government Corruption)": "0.051",
    "Generosity": "0.175"
  },
  "Northern Cyprus": {
    "Happiness Rank": "58",
    "Country": "Northern Cyprus",
    "Region": "-",
    "Happiness Score": "5.835",
    "Economy (GDP per Capita)": "1.229",
    "Family (Social Support)": "1.211",
    "Health (Life Expectancy)": "0.909",
    "Freedom": "0.495",
    "Trust (Government Corruption)": "0.154",
    "Generosity": "0.179"
  },
  "Russia": {
    "Happiness Rank": "59",
    "Country": "Russia",
    "Region": "Central and Eastern Europe",
    "Happiness Score": "5.81",
    "Economy (GDP per Capita)": "1.151",
    "Family (Social Support)": "1.479",
    "Health (Life Expectancy)": "0.599",
    "Freedom": "0.399",
    "Trust (Government Corruption)": "0.025",
    "Generosity": "0.065"
  },
  "Kazakhstan": {
    "Happiness Rank": "60",
    "Country": "Kazakhstan",
    "Region": "Central and Eastern Europe",
    "Happiness Score": "5.79",
    "Economy (GDP per Capita)": "1.143",
    "Family (Social Support)": "1.516",
    "Health (Life Expectancy)": "0.631",
    "Freedom": "0.454",
    "Trust (Government Corruption)": "0.121",
    "Generosity": "0.148"
  },
  "Cyprus": {
    "Happiness Rank": "61",
    "Country": "Cyprus",
    "Region": "Western Europe",
    "Happiness Score": "5.762",
    "Economy (GDP per Capita)": "1.229",
    "Family (Social Support)": "1.191",
    "Health (Life Expectancy)": "0.909",
    "Freedom": "0.423",
    "Trust (Government Corruption)": "0.035",
    "Generosity": "0.202"
  },
  "Bolivia": {
    "Happiness Rank": "62",
    "Country": "Bolivia",
    "Region": "Latin America and Caribbean",
    "Happiness Score": "5.752",
    "Economy (GDP per Capita)": "0.751",
    "Family (Social Support)": "1.223",
    "Health (Life Expectancy)": "0.508",
    "Freedom": "0.606",
    "Trust (Government Corruption)": "0.054",
    "Generosity": "0.141"
  },
  "Estonia": {
    "Happiness Rank": "63",
    "Country": "Estonia",
    "Region": "Central and Eastern Europe",
    "Happiness Score": "5.739",
    "Economy (GDP per Capita)": "1.2",
    "Family (Social Support)": "1.532",
    "Health (Life Expectancy)": "0.737",
    "Freedom": "0.553",
    "Trust (Government Corruption)": "0.174",
    "Generosity": "0.086"
  },
  "Paraguay": {
    "Happiness Rank": "64",
    "Country": "Paraguay",
    "Region": "Latin America and Caribbean",
    "Happiness Score": "5.681",
    "Economy (GDP per Capita)": "0.835",
    "Family (Social Support)": "1.522",
    "Health (Life Expectancy)": "0.615",
    "Freedom": "0.541",
    "Trust (Government Corruption)": "0.074",
    "Generosity": "0.162"
  },
  "Peru": {
    "Happiness Rank": "65",
    "Country": "Peru",
    "Region": "Latin America and Caribbean",
    "Happiness Score": "5.663",
    "Economy (GDP per Capita)": "0.934",
    "Family (Social Support)": "1.249",
    "Health (Life Expectancy)": "0.674",
    "Freedom": "0.53",
    "Trust (Government Corruption)": "0.034",
    "Generosity": "0.092"
  },
  "Kosovo": {
    "Happiness Rank": "66",
    "Country": "Kosovo",
    "Region": "Central and Eastern Europe",
    "Happiness Score": "5.662",
    "Economy (GDP per Capita)": "0.855",
    "Family (Social Support)": "1.23",
    "Health (Life Expectancy)": "0.578",
    "Freedom": "0.448",
    "Trust (Government Corruption)": "0.023",
    "Generosity": "0.274"
  },
  "Moldova": {
    "Happiness Rank": "67",
    "Country": "Moldova",
    "Region": "Central and Eastern Europe",
    "Happiness Score": "5.64",
    "Economy (GDP per Capita)": "0.657",
    "Family (Social Support)": "1.301",
    "Health (Life Expectancy)": "0.62",
    "Freedom": "0.232",
    "Trust (Government Corruption)": "0",
    "Generosity": "0.171"
  },
  "Turkmenistan": {
    "Happiness Rank": "68",
    "Country": "Turkmenistan",
    "Region": "Central and Eastern Europe",
    "Happiness Score": "5.636",
    "Economy (GDP per Capita)": "1.016",
    "Family (Social Support)": "1.533",
    "Health (Life Expectancy)": "0.517",
    "Freedom": "0.417",
    "Trust (Government Corruption)": "0.037",
    "Generosity": "0.199"
  },
  "Hungary": {
    "Happiness Rank": "69",
    "Country": "Hungary",
    "Region": "Central and Eastern Europe",
    "Happiness Score": "5.62",
    "Economy (GDP per Capita)": "1.171",
    "Family (Social Support)": "1.401",
    "Health (Life Expectancy)": "0.732",
    "Freedom": "0.259",
    "Trust (Government Corruption)": "0.022",
    "Generosity": "0.061"
  },
  "Libya": {
    "Happiness Rank": "70",
    "Country": "Libya",
    "Region": "Middle East and Northern Africa",
    "Happiness Score": "5.566",
    "Economy (GDP per Capita)": "0.985",
    "Family (Social Support)": "1.35",
    "Health (Life Expectancy)": "0.553",
    "Freedom": "0.496",
    "Trust (Government Corruption)": "0.148",
    "Generosity": "0.116"
  },
  "Philippines": {
    "Happiness Rank": "71",
    "Country": "Philippines",
    "Region": "Southeastern Asia",
    "Happiness Score": "5.524",
    "Economy (GDP per Capita)": "0.775",
    "Family (Social Support)": "1.312",
    "Health (Life Expectancy)": "0.513",
    "Freedom": "0.643",
    "Trust (Government Corruption)": "0.105",
    "Generosity": "0.12"
  },
  "Honduras": {
    "Happiness Rank": "72",
    "Country": "Honduras",
    "Region": "Latin America and Caribbean",
    "Happiness Score": "5.504",
    "Economy (GDP per Capita)": "0.62",
    "Family (Social Support)": "1.205",
    "Health (Life Expectancy)": "0.622",
    "Freedom": "0.459",
    "Trust (Government Corruption)": "0.074",
    "Generosity": "0.197"
  },
  "Belarus": {
    "Happiness Rank": "73",
    "Country": "Belarus",
    "Region": "Central and Eastern Europe",
    "Happiness Score": "5.483",
    "Economy (GDP per Capita)": "1.039",
    "Family (Social Support)": "1.498",
    "Health (Life Expectancy)": "0.7",
    "Freedom": "0.307",
    "Trust (Government Corruption)": "0.154",
    "Generosity": "0.101"
  },
  "Turkey": {
    "Happiness Rank": "74",
    "Country": "Turkey",
    "Region": "Middle East and Northern Africa",
    "Happiness Score": "5.483",
    "Economy (GDP per Capita)": "1.148",
    "Family (Social Support)": "1.38",
    "Health (Life Expectancy)": "0.686",
    "Freedom": "0.324",
    "Trust (Government Corruption)": "0.109",
    "Generosity": "0.106"
  },
  "Pakistan": {
    "Happiness Rank": "75",
    "Country": "Pakistan",
    "Region": "Southern Asia",
    "Happiness Score": "5.472",
    "Economy (GDP per Capita)": "0.652",
    "Family (Social Support)": "0.81",
    "Health (Life Expectancy)": "0.424",
    "Freedom": "0.334",
    "Trust (Government Corruption)": "0.113",
    "Generosity": "0.216"
  },
  "Hong Kong": {
    "Happiness Rank": "76",
    "Country": "Hong Kong",
    "Region": "Eastern Asia",
    "Happiness Score": "5.43",
    "Economy (GDP per Capita)": "1.405",
    "Family (Social Support)": "1.29",
    "Health (Life Expectancy)": "1.03",
    "Freedom": "0.524",
    "Trust (Government Corruption)": "0.291",
    "Generosity": "0.246"
  },
  "Portugal": {
    "Happiness Rank": "77",
    "Country": "Portugal",
    "Region": "Western Europe",
    "Happiness Score": "5.41",
    "Economy (GDP per Capita)": "1.188",
    "Family (Social Support)": "1.429",
    "Health (Life Expectancy)": "0.884",
    "Freedom": "0.562",
    "Trust (Government Corruption)": "0.017",
    "Generosity": "0.055"
  },
  "Serbia": {
    "Happiness Rank": "78",
    "Country": "Serbia",
    "Region": "Central and Eastern Europe",
    "Happiness Score": "5.398",
    "Economy (GDP per Capita)": "0.975",
    "Family (Social Support)": "1.369",
    "Health (Life Expectancy)": "0.685",
    "Freedom": "0.288",
    "Trust (Government Corruption)": "0.043",
    "Generosity": "0.134"
  },
  "Greece": {
    "Happiness Rank": "79",
    "Country": "Greece",
    "Region": "Western Europe",
    "Happiness Score": "5.358",
    "Economy (GDP per Capita)": "1.154",
    "Family (Social Support)": "1.202",
    "Health (Life Expectancy)": "0.879",
    "Freedom": "0.131",
    "Trust (Government Corruption)": "0.044",
    "Generosity": "0"
  },
  "Lebanon": {
    "Happiness Rank": "80",
    "Country": "Lebanon",
    "Region": "Middle East and Northern Africa",
    "Happiness Score": "5.358",
    "Economy (GDP per Capita)": "0.965",
    "Family (Social Support)": "1.179",
    "Health (Life Expectancy)": "0.785",
    "Freedom": "0.503",
    "Trust (Government Corruption)": "0.136",
    "Generosity": "0.214"
  },
  "Montenegro": {
    "Happiness Rank": "81",
    "Country": "Montenegro",
    "Region": "Central and Eastern Europe",
    "Happiness Score": "5.347",
    "Economy (GDP per Capita)": "1.017",
    "Family (Social Support)": "1.279",
    "Health (Life Expectancy)": "0.729",
    "Freedom": "0.259",
    "Trust (Government Corruption)": "0.081",
    "Generosity": "0.111"
  },
  "Croatia": {
    "Happiness Rank": "82",
    "Country": "Croatia",
    "Region": "Central and Eastern Europe",
    "Happiness Score": "5.321",
    "Economy (GDP per Capita)": "1.115",
    "Family (Social Support)": "1.161",
    "Health (Life Expectancy)": "0.737",
    "Freedom": "0.38",
    "Trust (Government Corruption)": "0.039",
    "Generosity": "0.12"
  },
  "Dominican Republic": {
    "Happiness Rank": "83",
    "Country": "Dominican Republic",
    "Region": "Latin America and Caribbean",
    "Happiness Score": "5.302",
    "Economy (GDP per Capita)": "0.982",
    "Family (Social Support)": "1.441",
    "Health (Life Expectancy)": "0.614",
    "Freedom": "0.578",
    "Trust (Government Corruption)": "0.106",
    "Generosity": "0.12"
  },
  "Algeria": {
    "Happiness Rank": "84",
    "Country": "Algeria",
    "Region": "Middle East and Northern Africa",
    "Happiness Score": "5.295",
    "Economy (GDP per Capita)": "0.979",
    "Family (Social Support)": "1.154",
    "Health (Life Expectancy)": "0.687",
    "Freedom": "0.077",
    "Trust (Government Corruption)": "0.135",
    "Generosity": "0.055"
  },
  "Morocco": {
    "Happiness Rank": "85",
    "Country": "Morocco",
    "Region": "Middle East and Northern Africa",
    "Happiness Score": "5.254",
    "Economy (GDP per Capita)": "0.779",
    "Family (Social Support)": "0.797",
    "Health (Life Expectancy)": "0.669",
    "Freedom": "0.46",
    "Trust (Government Corruption)": "0.074",
    "Generosity": "0.026"
  },
  "China": {
    "Happiness Rank": "86",
    "Country": "China",
    "Region": "Eastern Asia",
    "Happiness Score": "5.246",
    "Economy (GDP per Capita)": "0.989",
    "Family (Social Support)": "1.142",
    "Health (Life Expectancy)": "0.799",
    "Freedom": "0.597",
    "Trust (Government Corruption)": "0.103",
    "Generosity": "0.029"
  },
  "Azerbaijan": {
    "Happiness Rank": "87",
    "Country": "Azerbaijan",
    "Region": "Central and Eastern Europe",
    "Happiness Score": "5.201",
    "Economy (GDP per Capita)": "1.024",
    "Family (Social Support)": "1.161",
    "Health (Life Expectancy)": "0.603",
    "Freedom": "0.43",
    "Trust (Government Corruption)": "0.176",
    "Generosity": "0.031"
  },
  "Tajikistan": {
    "Happiness Rank": "88",
    "Country": "Tajikistan",
    "Region": "Central and Eastern Europe",
    "Happiness Score": "5.199",
    "Economy (GDP per Capita)": "0.474",
    "Family (Social Support)": "1.166",
    "Health (Life Expectancy)": "0.598",
    "Freedom": "0.292",
    "Trust (Government Corruption)": "0.034",
    "Generosity": "0.187"
  },
  "Macedonia": {
    "Happiness Rank": "89",
    "Country": "Macedonia",
    "Region": "Central and Eastern Europe",
    "Happiness Score": "5.185",
    "Economy (GDP per Capita)": "0.959",
    "Family (Social Support)": "1.239",
    "Health (Life Expectancy)": "0.691",
    "Freedom": "0.394",
    "Trust (Government Corruption)": "0.052",
    "Generosity": "0.173"
  },
  "Jordan": {
    "Happiness Rank": "90",
    "Country": "Jordan",
    "Region": "Middle East and Northern Africa",
    "Happiness Score": "5.161",
    "Economy (GDP per Capita)": "0.822",
    "Family (Social Support)": "1.265",
    "Health (Life Expectancy)": "0.645",
    "Freedom": "0.468",
    "Trust (Government Corruption)": "0.134",
    "Generosity": "0.13"
  },
  "Nigeria": {
    "Happiness Rank": "91",
    "Country": "Nigeria",
    "Region": "Sub-Saharan Africa",
    "Happiness Score": "5.155",
    "Economy (GDP per Capita)": "0.689",
    "Family (Social Support)": "1.172",
    "Health (Life Expectancy)": "0.048",
    "Freedom": "0.462",
    "Trust (Government Corruption)": "0.032",
    "Generosity": "0.201"
  },
  "Kyrgyzstan": {
    "Happiness Rank": "92",
    "Country": "Kyrgyzstan",
    "Region": "Central and Eastern Europe",
    "Happiness Score": "5.131",
    "Economy (GDP per Capita)": "0.53",
    "Family (Social Support)": "1.416",
    "Health (Life Expectancy)": "0.594",
    "Freedom": "0.54",
    "Trust (Government Corruption)": "0.035",
    "Generosity": "0.281"
  },
  "Bosnia and Herz.": {
    "Happiness Rank": "93",
    "Country": "Bosnia and Herz.",
    "Region": "Central and Eastern Europe",
    "Happiness Score": "5.129",
    "Economy (GDP per Capita)": "0.915",
    "Family (Social Support)": "1.078",
    "Health (Life Expectancy)": "0.758",
    "Freedom": "0.28",
    "Trust (Government Corruption)": "0",
    "Generosity": "0.216"
  },
  "Mongolia": {
    "Happiness Rank": "94",
    "Country": "Mongolia",
    "Region": "Eastern Asia",
    "Happiness Score": "5.125",
    "Economy (GDP per Capita)": "0.914",
    "Family (Social Support)": "1.517",
    "Health (Life Expectancy)": "0.575",
    "Freedom": "0.395",
    "Trust (Government Corruption)": "0.032",
    "Generosity": "0.253"
  },
  "Vietnam": {
    "Happiness Rank": "95",
    "Country": "Vietnam",
    "Region": "Southeastern Asia",
    "Happiness Score": "5.103",
    "Economy (GDP per Capita)": "0.715",
    "Family (Social Support)": "1.365",
    "Health (Life Expectancy)": "0.702",
    "Freedom": "0.618",
    "Trust (Government Corruption)": "0.079",
    "Generosity": "0.177"
  },
  "Indonesia": {
    "Happiness Rank": "96",
    "Country": "Indonesia",
    "Region": "Southeastern Asia",
    "Happiness Score": "5.093",
    "Economy (GDP per Capita)": "0.899",
    "Family (Social Support)": "1.215",
    "Health (Life Expectancy)": "0.522",
    "Freedom": "0.538",
    "Trust (Government Corruption)": "0.018",
    "Generosity": "0.484"
  },
  "Bhutan": {
    "Happiness Rank": "97",
    "Country": "Bhutan",
    "Region": "Southern Asia",
    "Happiness Score": "5.082",
    "Economy (GDP per Capita)": "0.796",
    "Family (Social Support)": "1.335",
    "Health (Life Expectancy)": "0.527",
    "Freedom": "0.541",
    "Trust (Government Corruption)": "0.171",
    "Generosity": "0.364"
  },
  "Somalia": {
    "Happiness Rank": "98",
    "Country": "Somalia",
    "Region": "-",
    "Happiness Score": "4.982",
    "Economy (GDP per Capita)": "0",
    "Family (Social Support)": "0.712",
    "Health (Life Expectancy)": "0.115",
    "Freedom": "0.674",
    "Trust (Government Corruption)": "0.282",
    "Generosity": "0.238"
  },
  "Cameroon": {
    "Happiness Rank": "99",
    "Country": "Cameroon",
    "Region": "Sub-Saharan Africa",
    "Happiness Score": "4.975",
    "Economy (GDP per Capita)": "0.535",
    "Family (Social Support)": "0.891",
    "Health (Life Expectancy)": "0.182",
    "Freedom": "0.454",
    "Trust (Government Corruption)": "0.043",
    "Generosity": "0.183"
  },
  "Bulgaria": {
    "Happiness Rank": "100",
    "Country": "Bulgaria",
    "Region": "Central and Eastern Europe",
    "Happiness Score": "4.933",
    "Economy (GDP per Capita)": "1.054",
    "Family (Social Support)": "1.515",
    "Health (Life Expectancy)": "0.712",
    "Freedom": "0.359",
    "Trust (Government Corruption)": "0.009",
    "Generosity": "0.064"
  },
  "Nepal": {
    "Happiness Rank": "101",
    "Country": "Nepal",
    "Region": "Southern Asia",
    "Happiness Score": "4.88",
    "Economy (GDP per Capita)": "0.425",
    "Family (Social Support)": "1.228",
    "Health (Life Expectancy)": "0.539",
    "Freedom": "0.526",
    "Trust (Government Corruption)": "0.078",
    "Generosity": "0.302"
  },
  "Venezuela": {
    "Happiness Rank": "102",
    "Country": "Venezuela",
    "Region": "Latin America and Caribbean",
    "Happiness Score": "4.806",
    "Economy (GDP per Capita)": "0.996",
    "Family (Social Support)": "1.469",
    "Health (Life Expectancy)": "0.657",
    "Freedom": "0.133",
    "Trust (Government Corruption)": "0.052",
    "Generosity": "0.056"
  },
  "Gabon": {
    "Happiness Rank": "103",
    "Country": "Gabon",
    "Region": "Sub-Saharan Africa",
    "Happiness Score": "4.758",
    "Economy (GDP per Capita)": "1.036",
    "Family (Social Support)": "1.164",
    "Health (Life Expectancy)": "0.404",
    "Freedom": "0.356",
    "Trust (Government Corruption)": "0.052",
    "Generosity": "0.032"
  },
  "Palestinian Territories": {
    "Happiness Rank": "104",
    "Country": "Palestinian Territories",
    "Region": "Middle East and Northern Africa",
    "Happiness Score": "4.743",
    "Economy (GDP per Capita)": "0.642",
    "Family (Social Support)": "1.217",
    "Health (Life Expectancy)": "0.602",
    "Freedom": "0.266",
    "Trust (Government Corruption)": "0.076",
    "Generosity": "0.086"
  },
  "South Africa": {
    "Happiness Rank": "105",
    "Country": "South Africa",
    "Region": "Sub-Saharan Africa",
    "Happiness Score": "4.724",
    "Economy (GDP per Capita)": "0.94",
    "Family (Social Support)": "1.41",
    "Health (Life Expectancy)": "0.33",
    "Freedom": "0.516",
    "Trust (Government Corruption)": "0.056",
    "Generosity": "0.103"
  },
  "Iran": {
    "Happiness Rank": "106",
    "Country": "Iran",
    "Region": "Middle East and Northern Africa",
    "Happiness Score": "4.707",
    "Economy (GDP per Capita)": "1.059",
    "Family (Social Support)": "0.771",
    "Health (Life Expectancy)": "0.691",
    "Freedom": "0.459",
    "Trust (Government Corruption)": "0.129",
    "Generosity": "0.282"
  },
  "Côte d'Ivoire": {
    "Happiness Rank": "107",
    "Country": "Côte d'Ivoire",
    "Region": "Sub-Saharan Africa",
    "Happiness Score": "4.671",
    "Economy (GDP per Capita)": "0.541",
    "Family (Social Support)": "0.872",
    "Health (Life Expectancy)": "0.08",
    "Freedom": "0.467",
    "Trust (Government Corruption)": "0.103",
    "Generosity": "0.146"
  },
  "Ghana": {
    "Happiness Rank": "108",
    "Country": "Ghana",
    "Region": "Sub-Saharan Africa",
    "Happiness Score": "4.657",
    "Economy (GDP per Capita)": "0.592",
    "Family (Social Support)": "0.896",
    "Health (Life Expectancy)": "0.337",
    "Freedom": "0.499",
    "Trust (Government Corruption)": "0.029",
    "Generosity": "0.212"
  },
  "Senegal": {
    "Happiness Rank": "109",
    "Country": "Senegal",
    "Region": "Sub-Saharan Africa",
    "Happiness Score": "4.631",
    "Economy (GDP per Capita)": "0.429",
    "Family (Social Support)": "1.117",
    "Health (Life Expectancy)": "0.433",
    "Freedom": "0.406",
    "Trust (Government Corruption)": "0.082",
    "Generosity": "0.138"
  },
  "Laos": {
    "Happiness Rank": "110",
    "Country": "Laos",
    "Region": "Southeastern Asia",
    "Happiness Score": "4.623",
    "Economy (GDP per Capita)": "0.72",
    "Family (Social Support)": "1.034",
    "Health (Life Expectancy)": "0.441",
    "Freedom": "0.626",
    "Trust (Government Corruption)": "0.174",
    "Generosity": "0.23"
  },
  "Tunisia": {
    "Happiness Rank": "111",
    "Country": "Tunisia",
    "Region": "Middle East and Northern Africa",
    "Happiness Score": "4.592",
    "Economy (GDP per Capita)": "0.9",
    "Family (Social Support)": "0.906",
    "Health (Life Expectancy)": "0.69",
    "Freedom": "0.271",
    "Trust (Government Corruption)": "0.063",
    "Generosity": "0.04"
  },
  "Albania": {
    "Happiness Rank": "112",
    "Country": "Albania",
    "Region": "Central and Eastern Europe",
    "Happiness Score": "4.586",
    "Economy (GDP per Capita)": "0.916",
    "Family (Social Support)": "0.817",
    "Health (Life Expectancy)": "0.79",
    "Freedom": "0.419",
    "Trust (Government Corruption)": "0.032",
    "Generosity": "0.149"
  },
  "Sierra Leone": {
    "Happiness Rank": "113",
    "Country": "Sierra Leone",
    "Region": "Sub-Saharan Africa",
    "Happiness Score": "4.571",
    "Economy (GDP per Capita)": "0.256",
    "Family (Social Support)": "0.813",
    "Health (Life Expectancy)": "0",
    "Freedom": "0.355",
    "Trust (Government Corruption)": "0.053",
    "Generosity": "0.238"
  },
  "Congo": {
    "Happiness Rank": "114",
    "Country": "Congo",
    "Region": "Sub-Saharan Africa",
    "Happiness Score": "4.559",
    "Economy (GDP per Capita)": "0.682",
    "Family (Social Support)": "0.811",
    "Health (Life Expectancy)": "0.343",
    "Freedom": "0.514",
    "Trust (Government Corruption)": "0.077",
    "Generosity": "0.091"
  },
  "Bangladesh": {
    "Happiness Rank": "115",
    "Country": "Bangladesh",
    "Region": "Southern Asia",
    "Happiness Score": "4.5",
    "Economy (GDP per Capita)": "0.532",
    "Family (Social Support)": "0.85",
    "Health (Life Expectancy)": "0.579",
    "Freedom": "0.58",
    "Trust (Government Corruption)": "0.144",
    "Generosity": "0.153"
  },
  "Sri Lanka": {
    "Happiness Rank": "116",
    "Country": "Sri Lanka",
    "Region": "Southern Asia",
    "Happiness Score": "4.471",
    "Economy (GDP per Capita)": "0.918",
    "Family (Social Support)": "1.314",
    "Health (Life Expectancy)": "0.672",
    "Freedom": "0.585",
    "Trust (Government Corruption)": "0.05",
    "Generosity": "0.307"
  },
  "Iraq": {
    "Happiness Rank": "117",
    "Country": "Iraq",
    "Region": "Middle East and Northern Africa",
    "Happiness Score": "4.456",
    "Economy (GDP per Capita)": "1.01",
    "Family (Social Support)": "0.971",
    "Health (Life Expectancy)": "0.536",
    "Freedom": "0.304",
    "Trust (Government Corruption)": "0.095",
    "Generosity": "0.148"
  },
  "Mali": {
    "Happiness Rank": "118",
    "Country": "Mali",
    "Region": "Sub-Saharan Africa",
    "Happiness Score": "4.447",
    "Economy (GDP per Capita)": "0.37",
    "Family (Social Support)": "1.233",
    "Health (Life Expectancy)": "0.152",
    "Freedom": "0.367",
    "Trust (Government Corruption)": "0.056",
    "Generosity": "0.139"
  },
  "Namibia": {
    "Happiness Rank": "119",
    "Country": "Namibia",
    "Region": "-",
    "Happiness Score": "4.441",
    "Economy (GDP per Capita)": "0.874",
    "Family (Social Support)": "1.281",
    "Health (Life Expectancy)": "0.365",
    "Freedom": "0.519",
    "Trust (Government Corruption)": "0.064",
    "Generosity": "0.051"
  },
  "Cambodia": {
    "Happiness Rank": "120",
    "Country": "Cambodia",
    "Region": "Southeastern Asia",
    "Happiness Score": "4.433",
    "Economy (GDP per Capita)": "0.549",
    "Family (Social Support)": "1.088",
    "Health (Life Expectancy)": "0.457",
    "Freedom": "0.696",
    "Trust (Government Corruption)": "0.065",
    "Generosity": "0.256"
  },
  "Burkina Faso": {
    "Happiness Rank": "121",
    "Country": "Burkina Faso",
    "Region": "Sub-Saharan Africa",
    "Happiness Score": "4.424",
    "Economy (GDP per Capita)": "0.314",
    "Family (Social Support)": "1.097",
    "Health (Life Expectancy)": "0.254",
    "Freedom": "0.312",
    "Trust (Government Corruption)": "0.128",
    "Generosity": "0.175"
  },
  "Egypt": {
    "Happiness Rank": "122",
    "Country": "Egypt",
    "Region": "Middle East and Northern Africa",
    "Happiness Score": "4.419",
    "Economy (GDP per Capita)": "0.885",
    "Family (Social Support)": "1.025",
    "Health (Life Expectancy)": "0.553",
    "Freedom": "0.312",
    "Trust (Government Corruption)": "0.107",
    "Generosity": "0.092"
  },
  "Mozambique": {
    "Happiness Rank": "123",
    "Country": "Mozambique",
    "Region": "Sub-Saharan Africa",
    "Happiness Score": "4.417",
    "Economy (GDP per Capita)": "0.198",
    "Family (Social Support)": "0.902",
    "Health (Life Expectancy)": "0.173",
    "Freedom": "0.531",
    "Trust (Government Corruption)": "0.158",
    "Generosity": "0.206"
  },
  "Kenya": {
    "Happiness Rank": "124",
    "Country": "Kenya",
    "Region": "Sub-Saharan Africa",
    "Happiness Score": "4.41",
    "Economy (GDP per Capita)": "0.493",
    "Family (Social Support)": "1.048",
    "Health (Life Expectancy)": "0.454",
    "Freedom": "0.504",
    "Trust (Government Corruption)": "0.055",
    "Generosity": "0.352"
  },
  "Zambia": {
    "Happiness Rank": "125",
    "Country": "Zambia",
    "Region": "Sub-Saharan Africa",
    "Happiness Score": "4.377",
    "Economy (GDP per Capita)": "0.562",
    "Family (Social Support)": "1.047",
    "Health (Life Expectancy)": "0.295",
    "Freedom": "0.503",
    "Trust (Government Corruption)": "0.082",
    "Generosity": "0.221"
  },
  "Mauritania": {
    "Happiness Rank": "126",
    "Country": "Mauritania",
    "Region": "Sub-Saharan Africa",
    "Happiness Score": "4.356",
    "Economy (GDP per Capita)": "0.557",
    "Family (Social Support)": "1.245",
    "Health (Life Expectancy)": "0.292",
    "Freedom": "0.129",
    "Trust (Government Corruption)": "0.093",
    "Generosity": "0.134"
  },
  "Ethiopia": {
    "Happiness Rank": "127",
    "Country": "Ethiopia",
    "Region": "Sub-Saharan Africa",
    "Happiness Score": "4.35",
    "Economy (GDP per Capita)": "0.308",
    "Family (Social Support)": "0.95",
    "Health (Life Expectancy)": "0.391",
    "Freedom": "0.452",
    "Trust (Government Corruption)": "0.146",
    "Generosity": "0.22"
  },
  "Georgia": {
    "Happiness Rank": "128",
    "Country": "Georgia",
    "Region": "Central and Eastern Europe",
    "Happiness Score": "4.34",
    "Economy (GDP per Capita)": "0.853",
    "Family (Social Support)": "0.592",
    "Health (Life Expectancy)": "0.643",
    "Freedom": "0.375",
    "Trust (Government Corruption)": "0.215",
    "Generosity": "0.038"
  },
  "Armenia": {
    "Happiness Rank": "129",
    "Country": "Armenia",
    "Region": "Central and Eastern Europe",
    "Happiness Score": "4.321",
    "Economy (GDP per Capita)": "0.816",
    "Family (Social Support)": "0.99",
    "Health (Life Expectancy)": "0.666",
    "Freedom": "0.26",
    "Trust (Government Corruption)": "0.028",
    "Generosity": "0.077"
  },
  "Myanmar": {
    "Happiness Rank": "130",
    "Country": "Myanmar",
    "Region": "Southeastern Asia",
    "Happiness Score": "4.308",
    "Economy (GDP per Capita)": "0.682",
    "Family (Social Support)": "1.174",
    "Health (Life Expectancy)": "0.429",
    "Freedom": "0.58",
    "Trust (Government Corruption)": "0.178",
    "Generosity": "0.598"
  },
  "Chad": {
    "Happiness Rank": "131",
    "Country": "Chad",
    "Region": "Sub-Saharan Africa",
    "Happiness Score": "4.301",
    "Economy (GDP per Capita)": "0.358",
    "Family (Social Support)": "0.907",
    "Health (Life Expectancy)": "0.053",
    "Freedom": "0.189",
    "Trust (Government Corruption)": "0.06",
    "Generosity": "0.181"
  },
  "Dem. Rep. Congo": {
    "Happiness Rank": "132",
    "Country": "Dem. Rep. Congo",
    "Region": "Sub-Saharan Africa",
    "Happiness Score": "4.245",
    "Economy (GDP per Capita)": "0.069",
    "Family (Social Support)": "1.136",
    "Health (Life Expectancy)": "0.204",
    "Freedom": "0.312",
    "Trust (Government Corruption)": "0.052",
    "Generosity": "0.197"
  },
  "India": {
    "Happiness Rank": "133",
    "Country": "India",
    "Region": "Southern Asia",
    "Happiness Score": "4.19",
    "Economy (GDP per Capita)": "0.721",
    "Family (Social Support)": "0.747",
    "Health (Life Expectancy)": "0.485",
    "Freedom": "0.539",
    "Trust (Government Corruption)": "0.093",
    "Generosity": "0.172"
  },
  "Niger": {
    "Happiness Rank": "134",
    "Country": "Niger",
    "Region": "Sub-Saharan Africa",
    "Happiness Score": "4.166",
    "Economy (GDP per Capita)": "0.131",
    "Family (Social Support)": "0.867",
    "Health (Life Expectancy)": "0.221",
    "Freedom": "0.39",
    "Trust (Government Corruption)": "0.099",
    "Generosity": "0.175"
  },
  "Uganda": {
    "Happiness Rank": "135",
    "Country": "Uganda",
    "Region": "Sub-Saharan Africa",
    "Happiness Score": "4.161",
    "Economy (GDP per Capita)": "0.322",
    "Family (Social Support)": "1.09",
    "Health (Life Expectancy)": "0.237",
    "Freedom": "0.45",
    "Trust (Government Corruption)": "0.061",
    "Generosity": "0.259"
  },
  "Benin": {
    "Happiness Rank": "136",
    "Country": "Benin",
    "Region": "Sub-Saharan Africa",
    "Happiness Score": "4.141",
    "Economy (GDP per Capita)": "0.378",
    "Family (Social Support)": "0.372",
    "Health (Life Expectancy)": "0.24",
    "Freedom": "0.44",
    "Trust (Government Corruption)": "0.067",
    "Generosity": "0.163"
  },
  "Sudan": {
    "Happiness Rank": "137",
    "Country": "Sudan",
    "Region": "Sub-Saharan Africa",
    "Happiness Score": "4.139",
    "Economy (GDP per Capita)": "0.605",
    "Family (Social Support)": "1.24",
    "Health (Life Expectancy)": "0.312",
    "Freedom": "0.016",
    "Trust (Government Corruption)": "0.082",
    "Generosity": "0.134"
  },
  "Ukraine": {
    "Happiness Rank": "138",
    "Country": "Ukraine",
    "Region": "Central and Eastern Europe",
    "Happiness Score": "4.103",
    "Economy (GDP per Capita)": "0.793",
    "Family (Social Support)": "1.413",
    "Health (Life Expectancy)": "0.609",
    "Freedom": "0.163",
    "Trust (Government Corruption)": "0.011",
    "Generosity": "0.187"
  },
  "Togo": {
    "Happiness Rank": "139",
    "Country": "Togo",
    "Region": "Sub-Saharan Africa",
    "Happiness Score": "3.999",
    "Economy (GDP per Capita)": "0.259",
    "Family (Social Support)": "0.474",
    "Health (Life Expectancy)": "0.253",
    "Freedom": "0.434",
    "Trust (Government Corruption)": "0.101",
    "Generosity": "0.158"
  },
  "Guinea": {
    "Happiness Rank": "140",
    "Country": "Guinea",
    "Region": "Sub-Saharan Africa",
    "Happiness Score": "3.964",
    "Economy (GDP per Capita)": "0.344",
    "Family (Social Support)": "0.792",
    "Health (Life Expectancy)": "0.211",
    "Freedom": "0.394",
    "Trust (Government Corruption)": "0.094",
    "Generosity": "0.185"
  },
  "Lesotho": {
    "Happiness Rank": "141",
    "Country": "Lesotho",
    "Region": "Sub-Saharan Africa",
    "Happiness Score": "3.808",
    "Economy (GDP per Capita)": "0.472",
    "Family (Social Support)": "1.215",
    "Health (Life Expectancy)": "0.079",
    "Freedom": "0.423",
    "Trust (Government Corruption)": "0.112",
    "Generosity": "0.116"
  },
  "Angola": {
    "Happiness Rank": "142",
    "Country": "Angola",
    "Region": "Sub-Saharan Africa",
    "Happiness Score": "3.795",
    "Economy (GDP per Capita)": "0.73",
    "Family (Social Support)": "1.125",
    "Health (Life Expectancy)": "0.269",
    "Freedom": "0",
    "Trust (Government Corruption)": "0.061",
    "Generosity": "0.079"
  },
  "Madagascar": {
    "Happiness Rank": "143",
    "Country": "Madagascar",
    "Region": "Sub-Saharan Africa",
    "Happiness Score": "3.774",
    "Economy (GDP per Capita)": "0.262",
    "Family (Social Support)": "0.908",
    "Health (Life Expectancy)": "0.402",
    "Freedom": "0.221",
    "Trust (Government Corruption)": "0.049",
    "Generosity": "0.155"
  },
  "Zimbabwe": {
    "Happiness Rank": "144",
    "Country": "Zimbabwe",
    "Region": "Sub-Saharan Africa",
    "Happiness Score": "3.692",
    "Economy (GDP per Capita)": "0.357",
    "Family (Social Support)": "1.094",
    "Health (Life Expectancy)": "0.248",
    "Freedom": "0.406",
    "Trust (Government Corruption)": "0.099",
    "Generosity": "0.132"
  },
  "Afghanistan": {
    "Happiness Rank": "145",
    "Country": "Afghanistan",
    "Region": "Southern Asia",
    "Happiness Score": "3.632",
    "Economy (GDP per Capita)": "0.332",
    "Family (Social Support)": "0.537",
    "Health (Life Expectancy)": "0.255",
    "Freedom": "0.085",
    "Trust (Government Corruption)": "0.036",
    "Generosity": "0.191"
  },
  "Botswana": {
    "Happiness Rank": "146",
    "Country": "Botswana",
    "Region": "Sub-Saharan Africa",
    "Happiness Score": "3.59",
    "Economy (GDP per Capita)": "1.017",
    "Family (Social Support)": "1.174",
    "Health (Life Expectancy)": "0.417",
    "Freedom": "0.557",
    "Trust (Government Corruption)": "0.092",
    "Generosity": "0.042"
  },
  "Malawi": {
    "Happiness Rank": "147",
    "Country": "Malawi",
    "Region": "Sub-Saharan Africa",
    "Happiness Score": "3.587",
    "Economy (GDP per Capita)": "0.186",
    "Family (Social Support)": "0.541",
    "Health (Life Expectancy)": "0.306",
    "Freedom": "0.531",
    "Trust (Government Corruption)": "0.08",
    "Generosity": "0.21"
  },
  "Haiti": {
    "Happiness Rank": "148",
    "Country": "Haiti",
    "Region": "Latin America and Caribbean",
    "Happiness Score": "3.582",
    "Economy (GDP per Capita)": "0.315",
    "Family (Social Support)": "0.714",
    "Health (Life Expectancy)": "0.289",
    "Freedom": "0.025",
    "Trust (Government Corruption)": "0.104",
    "Generosity": "0.392"
  },
  "Liberia": {
    "Happiness Rank": "149",
    "Country": "Liberia",
    "Region": "Sub-Saharan Africa",
    "Happiness Score": "3.495",
    "Economy (GDP per Capita)": "0.076",
    "Family (Social Support)": "0.858",
    "Health (Life Expectancy)": "0.267",
    "Freedom": "0.419",
    "Trust (Government Corruption)": "0.03",
    "Generosity": "0.206"
  },
  "Syria": {
    "Happiness Rank": "150",
    "Country": "Syria",
    "Region": "Middle East and Northern Africa",
    "Happiness Score": "3.462",
    "Economy (GDP per Capita)": "0.689",
    "Family (Social Support)": "0.382",
    "Health (Life Expectancy)": "0.539",
    "Freedom": "0.088",
    "Trust (Government Corruption)": "0.144",
    "Generosity": "0.376"
  },
  "Rwanda": {
    "Happiness Rank": "151",
    "Country": "Rwanda",
    "Region": "Sub-Saharan Africa",
    "Happiness Score": "3.408",
    "Economy (GDP per Capita)": "0.332",
    "Family (Social Support)": "0.896",
    "Health (Life Expectancy)": "0.4",
    "Freedom": "0.636",
    "Trust (Government Corruption)": "0.444",
    "Generosity": "0.2"
  },
  "Yemen": {
    "Happiness Rank": "152",
    "Country": "Yemen",
    "Region": "Middle East and Northern Africa",
    "Happiness Score": "3.355",
    "Economy (GDP per Capita)": "0.442",
    "Family (Social Support)": "1.073",
    "Health (Life Expectancy)": "0.343",
    "Freedom": "0.244",
    "Trust (Government Corruption)": "0.064",
    "Generosity": "0.083"
  },
  "Tanzania": {
    "Happiness Rank": "153",
    "Country": "Tanzania",
    "Region": "Sub-Saharan Africa",
    "Happiness Score": "3.303",
    "Economy (GDP per Capita)": "0.455",
    "Family (Social Support)": "0.991",
    "Health (Life Expectancy)": "0.381",
    "Freedom": "0.481",
    "Trust (Government Corruption)": "0.097",
    "Generosity": "0.27"
  },
  "South Sudan": {
    "Happiness Rank": "154",
    "Country": "South Sudan",
    "Region": "-",
    "Happiness Score": "3.254",
    "Economy (GDP per Capita)": "0.337",
    "Family (Social Support)": "0.608",
    "Health (Life Expectancy)": "0.177",
    "Freedom": "0.112",
    "Trust (Government Corruption)": "0.106",
    "Generosity": "0.224"
  },
  "Central African Rep.": {
    "Happiness Rank": "155",
    "Country": "Central African Rep.",
    "Region": "Sub-Saharan Africa",
    "Happiness Score": "3.083",
    "Economy (GDP per Capita)": "0.024",
    "Family (Social Support)": "0",
    "Health (Life Expectancy)": "0.01",
    "Freedom": "0.305",
    "Trust (Government Corruption)": "0.038",
    "Generosity": "0.218"
  },
  "Burundi": {
    "Happiness Rank": "156",
    "Country": "Burundi",
    "Region": "Sub-Saharan Africa",
    "Happiness Score": "2.905",
    "Economy (GDP per Capita)": "0.091",
    "Family (Social Support)": "0.627",
    "Health (Life Expectancy)": "0.145",
    "Freedom": "0.065",
    "Trust (Government Corruption)": "0.076",
    "Generosity": "0.149"
  }
}
