{
  "Finland": {
    "Happiness Rank": "1",
    "Country": "Finland",
    "Region": "Western Europe",
    "Happiness Score": "7.769",
    "Economy (GDP per Capita)": "1.34",
    "Family (Social Support)": "1.587",
    "Health (Life Expectancy)": "0.986",
    "Freedom": "0.596",
    "Trust (Government Corruption)": "0.393",
    "Generosity": "0.153"
  },
  "Denmark": {
    "Happiness Rank": "2",
    "Country": "Denmark",
    "Region": "Western Europe",
    "Happiness Score": "7.6",
    "Economy (GDP per Capita)": "1.383",
    "Family (Social Support)": "1.573",
    "Health (Life Expectancy)": "0.996",
    "Freedom": "0.592",
    "Trust (Government Corruption)": "0.41",
    "Generosity": "0.252"
  },
  "Norway": {
    "Happiness Rank": "3",
    "Country": "Norway",
    "Region": "Western Europe",
    "Happiness Score": "7.554",
    "Economy (GDP per Capita)": "1.488",
    "Family (Social Support)": "1.582",
    "Health (Life Expectancy)": "1.028",
    "Freedom": "0.603",
    "Trust (Government Corruption)": "0.341",
    "Generosity": "0.271"
  },
  "Iceland": {
    "Happiness Rank": "4",
    "Country": "Iceland",
    "Region": "Western Europe",
    "Happiness Score": "7.494",
    "Economy (GDP per Capita)": "1.38",
    "Family (Social Support)": "1.624",
    "Health (Life Expectancy)": "1.026",
    "Freedom": "0.591",
    "Trust (Government Corruption)": "0.118",
    "Generosity": "0.354"
  },
  "Netherlands": {
    "Happiness Rank": "5",
    "Country": "Netherlands",
    "Region": "Western Europe",
    "Happiness Score": "7.488",
    "Economy (GDP per Capita)": "1.396",
    "Family (Social Support)": "1.522",
    "Health (Life Expectancy)": "0.999",
    "Freedom": "0.557",
    "Trust (Government Corruption)": "0.298",
    "Generosity": "0.322"
  },
  "Switzerland": {
    "Happiness Rank": "6",
    "Country": "Switzerland",
    "Region": "Western Europe",
    "Happiness Score": "7.48",
    "Economy (GDP per Capita)": "1.452",
    "Family (Social Support)": "1.526",
    "Health (Life Expectancy)": "1.052",
    "Freedom": "0.572",
    "Trust (Government Corruption)": "0.343",
    "Generosity": "0.263"
  },
  "Sweden": {
    "Happiness Rank": "7",
    "Country": "Sweden",
    "Region": "Western Europe",
    "Happiness Score": "7.343",
    "Economy (GDP per Capita)": "1.387",
    "Family (Social Support)": "1.487",
    "Health (Life Expectancy)": "1.009",
    "Freedom": "0.574",
    "Trust (Government Corruption)": "0.373",
    "Generosity": "0.267"
  },
  "New Zealand": {
    "Happiness Rank": "8",
    "Country": "New Zealand",
    "Region": "Australia and New Zealand",
    "Happiness Score": "7.307",
    "Economy (GDP per Capita)": "1.303",
    "Family (Social Support)": "1.557",
    "Health (Life Expectancy)": "1.026",
    "Freedom": "0.585",
    "Trust (Government Corruption)": "0.38",
    "Generosity": "0.33"
  },
  "Canada": {
    "Happiness Rank": "9",
    "Country": "Canada",
    "Region": "North America",
    "Happiness Score": "7.278",
    "Economy (GDP per Capita)": "1.365",
    "Family (Social Support)": "1.505",
    "Health (Life Expectancy)": "1.039",
    "Freedom": "0.584",
    "Trust (Government Corruption)": "0.308",
    "Generosity": "0.285"
  },
  "Austria": {
    "Happiness Rank": "10",
    "Country": "Austria",
    "Region": "Western Europe",
    "Happiness Score": "7.246",
    "Economy (GDP per Capita)": "1.376",
    "Family (Social Support)": "1.475",
    "Health (Life Expectancy)": "1.016",
    "Freedom": "0.532",
    "Trust (Government Corruption)": "0.226",
    "Generosity": "0.244"
  },
  "Australia": {
    "Happiness Rank": "11",
    "Country": "Australia",
    "Region": "Australia and New Zealand",
    "Happiness Score": "7.228",
    "Economy (GDP per Capita)": "1.372",
    "Family (Social Support)": "1.548",
    "Health (Life Expectancy)": "1.036",
    "Freedom": "0.557",
    "Trust (Government Corruption)": "0.29",
    "Generosity": "0.332"
  },
  "Costa Rica": {
    "Happiness Rank": "12",
    "Country": "Costa Rica",
    "Region": "Latin America and Caribbean",
    "Happiness Score": "7.167",
    "Economy (GDP per Capita)": "1.034",
    "Family (Social Support)": "1.441",
    "Health (Life Expectancy)": "0.963",
    "Freedom": "0.558",
    "Trust (Government Corruption)": "0.093",
    "Generosity": "0.144"
  },
  "Israel": {
    "Happiness Rank": "13",
    "Country": "Israel",
    "Region": "Middle East and Northern Africa",
    "Happiness Score": "7.139",
    "Economy (GDP per Capita)": "1.276",
    "Family (Social Support)": "1.455",
    "Health (Life Expectancy)": "1.029",
    "Freedom": "0.371",
    "Trust (Government Corruption)": "0.082",
    "Generosity": "0.261"
  },
  "Luxembourg": {
    "Happiness Rank": "14",
    "Country": "Luxembourg",
    "Region": "Western Europe",
    "Happiness Score": "7.09",
    "Economy (GDP per Capita)": "1.609",
    "Family (Social Support)": "1.479",
    "Health (Life Expectancy)": "1.012",
    "Freedom": "0.526",
    "Trust (Government Corruption)": "0.316",
    "Generosity": "0.194"
  },
  "United Kingdom": {
    "Happiness Rank": "15",
    "Country": "United Kingdom",
    "Region": "Western Europe",
    "Happiness Score": "7.054",
    "Economy (GDP per Capita)": "1.333",
    "Family (Social Support)": "1.538",
    "Health (Life Expectancy)": "0.996",
    "Freedom": "0.45",
    "Trust (Government Corruption)": "0.278",
    "Generosity": "0.348"
  },
  "Ireland": {
    "Happiness Rank": "16",
    "Country": "Ireland",
    "Region": "Western Europe",
    "Happiness Score": "7.021",
    "Economy (GDP per Capita)": "1.499",
    "Family (Social Support)": "1.553",
    "Health (Life Expectancy)": "0.999",
    "Freedom": "0.516",
    "Trust (Government Corruption)": "0.31",
    "Generosity": "0.298"
  },
  "Germany": {
    "Happiness Rank": "17",
    "Country": "Germany",
    "Region": "Western Europe",
    "Happiness Score": "6.985",
    "Economy (GDP per Capita)": "1.373",
    "Family (Social Support)": "1.454",
    "Health (Life Expectancy)": "0.987",
    "Freedom": "0.495",
    "Trust (Government Corruption)": "0.265",
    "Generosity": "0.261"
  },
  "Belgium": {
    "Happiness Rank": "18",
    "Country": "Belgium",
    "Region": "Western Europe",
    "Happiness Score": "6.923",
    "Economy (GDP per Capita)": "1.356",
    "Family (Social Support)": "1.504",
    "Health (Life Expectancy)": "0.986",
    "Freedom": "0.473",
    "Trust (Government Corruption)": "0.21",
    "Generosity": "0.16"
  },
  "United States of America": {
    "Happiness Rank": "19",
    "Country": "United States of America",
    "Region": "North America",
    "Happiness Score": "6.892",
    "Economy (GDP per Capita)": "1.433",
    "Family (Social Support)": "1.457",
    "Health (Life Expectancy)": "0.874",
    "Freedom": "0.454",
    "Trust (Government Corruption)": "0.128",
    "Generosity": "0.28"
  },
  "Czechia": {
    "Happiness Rank": "20",
    "Country": "Czechia",
    "Region": "Central and Eastern Europe",
    "Happiness Score": "6.852",
    "Economy (GDP per Capita)": "1.269",
    "Family (Social Support)": "1.487",
    "Health (Life Expectancy)": "0.92",
    "Freedom": "0.457",
    "Trust (Government Corruption)": "0.036",
    "Generosity": "0.046"
  },
  "United Arab Emirates": {
    "Happiness Rank": "21",
    "Country": "United Arab Emirates",
    "Region": "Middle East and Northern Africa",
    "Happiness Score": "6.825",
    "Economy (GDP per Capita)": "1.503",
    "Family (Social Support)": "1.31",
    "Health (Life Expectancy)": "0.825",
    "Freedom": "0.598",
    "Trust (Government Corruption)": "0.182",
    "Generosity": "0.262"
  },
  "Malta": {
    "Happiness Rank": "22",
    "Country": "Malta",
    "Region": "Western Europe",
    "Happiness Score": "6.726",
    "Economy (GDP per Capita)": "1.3",
    "Family (Social Support)": "1.52",
    "Health (Life Expectancy)": "0.999",
    "Freedom": "0.564",
    "Trust (Government Corruption)": "0.151",
    "Generosity": "0.375"
  },
  "Mexico": {
    "Happiness Rank": "23",
    "Country": "Mexico",
    "Region": "Latin America and Caribbean",
    "Happiness Score": "6.595",
    "Economy (GDP per Capita)": "1.07",
    "Family (Social Support)": "1.323",
    "Health (Life Expectancy)": "0.861",
    "Freedom": "0.433",
    "Trust (Government Corruption)": "0.073",
    "Generosity": "0.074"
  },
  "France": {
    "Happiness Rank": "24",
    "Country": "France",
    "Region": "Western Europe",
    "Happiness Score": "6.592",
    "Economy (GDP per Capita)": "1.324",
    "Family (Social Support)": "1.472",
    "Health (Life Expectancy)": "1.045",
    "Freedom": "0.436",
    "Trust (Government Corruption)": "0.183",
    "Generosity": "0.111"
  },
  "Taiwan": {
    "Happiness Rank": "25",
    "Country": "Taiwan",
    "Region": "Eastern Asia",
    "Happiness Score": "6.446",
    "Economy (GDP per Capita)": "1.368",
    "Family (Social Support)": "1.43",
    "Health (Life Expectancy)": "0.914",
    "Freedom": "0.351",
    "Trust (Government Corruption)": "0.097",
    "Generosity": "0.242"
  },
  "Chile": {
    "Happiness Rank": "26",
    "Country": "Chile",
    "Region": "Latin America and Caribbean",
    "Happiness Score": "6.444",
    "Economy (GDP per Capita)": "1.159",
    "Family (Social Support)": "1.369",
    "Health (Life Expectancy)": "0.92",
    "Freedom": "0.357",
    "Trust (Government Corruption)": "0.056",
    "Generosity": "0.187"
  },
  "Guatemala": {
    "Happiness Rank": "27",
    "Country": "Guatemala",
    "Region": "Latin America and Caribbean",
    "Happiness Score": "6.436",
    "Economy (GDP per Capita)": "0.8",
    "Family (Social Support)": "1.269",
    "Health (Life Expectancy)": "0.746",
    "Freedom": "0.535",
    "Trust (Government Corruption)": "0.078",
    "Generosity": "0.175"
  },
  "Saudi Arabia": {
    "Happiness Rank": "28",
    "Country": "Saudi Arabia",
    "Region": "Middle East and Northern Africa",
    "Happiness Score": "6.375",
    "Economy (GDP per Capita)": "1.403",
    "Family (Social Support)": "1.357",
    "Health (Life Expectancy)": "0.795",
    "Freedom": "0.439",
    "Trust (Government Corruption)": "0.132",
    "Generosity": "0.08"
  },
  "Qatar": {
    "Happiness Rank": "29",
    "Country": "Qatar",
    "Region": "Middle East and Northern Africa",
    "Happiness Score": "6.374",
    "Economy (GDP per Capita)": "1.684",
    "Family (Social Support)": "1.313",
    "Health (Life Expectancy)": "0.871",
    "Freedom": "0.555",
    "Trust (Government Corruption)": "0.167",
    "Generosity": "0.22"
  },
  "Spain": {
    "Happiness Rank": "30",
    "Country": "Spain",
    "Region": "Western Europe",
    "Happiness Score": "6.354",
    "Economy (GDP per Capita)": "1.286",
    "Family (Social Support)": "1.484",
    "Health (Life Expectancy)": "1.062",
    "Freedom": "0.362",
    "Trust (Government Corruption)": "0.079",
    "Generosity": "0.153"
  },
  "Panama": {
    "Happiness Rank": "31",
    "Country": "Panama",
    "Region": "Latin America and Caribbean",
    "Happiness Score": "6.321",
    "Economy (GDP per Capita)": "1.149",
    "Family (Social Support)": "1.442",
    "Health (Life Expectancy)": "0.91",
    "Freedom": "0.516",
    "Trust (Government Corruption)": "0.054",
    "Generosity": "0.109"
  },
  "Brazil": {
    "Happiness Rank": "32",
    "Country": "Brazil",
    "Region": "Latin America and Caribbean",
    "Happiness Score": "6.3",
    "Economy (GDP per Capita)": "1.004",
    "Family (Social Support)": "1.439",
    "Health (Life Expectancy)": "0.802",
    "Freedom": "0.39",
    "Trust (Government Corruption)": "0.086",
    "Generosity": "0.099"
  },
  "Uruguay": {
    "Happiness Rank": "33",
    "Country": "Uruguay",
    "Region": "Latin America and Caribbean",
    "Happiness Score": "6.293",
    "Economy (GDP per Capita)": "1.124",
    "Family (Social Support)": "1.465",
    "Health (Life Expectancy)": "0.891",
    "Freedom": "0.523",
    "Trust (Government Corruption)": "0.15",
    "Generosity": "0.127"
  },
  "Singapore": {
    "Happiness Rank": "34",
    "Country": "Singapore",
    "Region": "Southeastern Asia",
    "Happiness Score": "6.262",
    "Economy (GDP per Capita)": "1.572",
    "Family (Social Support)": "1.463",
    "Health (Life Expectancy)": "1.141",
    "Freedom": "0.556",
    "Trust (Government Corruption)": "0.453",
    "Generosity": "0.271"
  },
  "El Salvador": {
    "Happiness Rank": "35",
    "Country": "El Salvador",
    "Region": "Latin America and Caribbean",
    "Happiness Score": "6.253",
    "Economy (GDP per Capita)": "0.794",
    "Family (Social Support)": "1.242",
    "Health (Life Expectancy)": "0.789",
    "Freedom": "0.43",
    "Trust (Government Corruption)": "0.074",
    "Generosity": "0.093"
  },
  "Italy": {
    "Happiness Rank": "36",
    "Country": "Italy",
    "Region": "Western Europe",
    "Happiness Score": "6.223",
    "Economy (GDP per Capita)": "1.294",
    "Family (Social Support)": "1.488",
    "Health (Life Expectancy)": "1.039",
    "Freedom": "0.231",
    "Trust (Government Corruption)": "0.03",
    "Generosity": "0.158"
  },
  "Bahrain": {
    "Happiness Rank": "37",
    "Country": "Bahrain",
    "Region": "Middle East and Northern Africa",
    "Happiness Score": "6.199",
    "Economy (GDP per Capita)": "1.362",
    "Family (Social Support)": "1.368",
    "Health (Life Expectancy)": "0.871",
    "Freedom": "0.536",
    "Trust (Government Corruption)": "0.11",
    "Generosity": "0.255"
  },
  "Slovakia": {
    "Happiness Rank": "38",
    "Country": "Slovakia",
    "Region": "Central and Eastern Europe",
    "Happiness Score": "6.198",
    "Economy (GDP per Capita)": "1.246",
    "Family (Social Support)": "1.504",
    "Health (Life Expectancy)": "0.881",
    "Freedom": "0.334",
    "Trust (Government Corruption)": "0.014",
    "Generosity": "0.121"
  },
  "Trinidad & Tobago": {
    "Happiness Rank": "39",
    "Country": "Trinidad & Tobago",
    "Region": "-",
    "Happiness Score": "6.192",
    "Economy (GDP per Capita)": "1.231",
    "Family (Social Support)": "1.477",
    "Health (Life Expectancy)": "0.713",
    "Freedom": "0.489",
    "Trust (Government Corruption)": "0.016",
    "Generosity": "0.185"
  },
  "Poland": {
    "Happiness Rank": "40",
    "Country": "Poland",
    "Region": "Central and Eastern Europe",
    "Happiness Score": "6.182",
    "Economy (GDP per Capita)": "1.206",
    "Family (Social Support)": "1.438",
    "Health (Life Expectancy)": "0.884",
    "Freedom": "0.483",
    "Trust (Government Corruption)": "0.05",
    "Generosity": "0.117"
  },
  "Uzbekistan": {
    "Happiness Rank": "41",
    "Country": "Uzbekistan",
    "Region": "Central and Eastern Europe",
    "Happiness Score": "6.174",
    "Economy (GDP per Capita)": "0.745",
    "Family (Social Support)": "1.529",
    "Health (Life Expectancy)": "0.756",
    "Freedom": "0.631",
    "Trust (Government Corruption)": "0.24",
    "Generosity": "0.322"
  },
  "Lithuania": {
    "Happiness Rank": "42",
    "Country": "Lithuania",
    "Region": "Central and Eastern Europe",
    "Happiness Score": "6.149",
    "Economy (GDP per Capita)": "1.238",
    "Family (Social Support)": "1.515",
    "Health (Life Expectancy)": "0.818",
    "Freedom": "0.291",
    "Trust (Government Corruption)": "0.042",
    "Generosity": "0.043"
  },
  "Colombia": {
    "Happiness Rank": "43",
    "Country": "Colombia",
    "Region": "Latin America and Caribbean",
    "Happiness Score": "6.125",
    "Economy (GDP per Capita)": "0.985",
    "Family (Social Support)": "1.41",
    "Health (Life Expectancy)": "0.841",
    "Freedom": "0.47",
    "Trust (Government Corruption)": "0.034",
    "Generosity": "0.099"
  },
  "Slovenia": {
    "Happiness Rank": "44",
    "Country": "Slovenia",
    "Region": "Central and Eastern Europe",
    "Happiness Score": "6.118",
    "Economy (GDP per Capita)": "1.258",
    "Family (Social Support)": "1.523",
    "Health (Life Expectancy)": "0.953",
    "Freedom": "0.564",
    "Trust (Government Corruption)": "0.057",
    "Generosity": "0.144"
  },
  "Nicaragua": {
    "Happiness Rank": "45",
    "Country": "Nicaragua",
    "Region": "Latin America and Caribbean",
    "Happiness Score": "6.105",
    "Economy (GDP per Capita)": "0.694",
    "Family (Social Support)": "1.325",
    "Health (Life Expectancy)": "0.835",
    "Freedom": "0.435",
    "Trust (Government Corruption)": "0.127",
    "Generosity": "0.2"
  },
  "Kosovo": {
    "Happiness Rank": "46",
    "Country": "Kosovo",
    "Region": "Central and Eastern Europe",
    "Happiness Score": "6.1",
    "Economy (GDP per Capita)": "0.882",
    "Family (Social Support)": "1.232",
    "Health (Life Expectancy)": "0.758",
    "Freedom": "0.489",
    "Trust (Government Corruption)": "0.006",
    "Generosity": "0.262"
  },
  "Argentina": {
    "Happiness Rank": "47",
    "Country": "Argentina",
    "Region": "Latin America and Caribbean",
    "Happiness Score": "6.086",
    "Economy (GDP per Capita)": "1.092",
    "Family (Social Support)": "1.432",
    "Health (Life Expectancy)": "0.881",
    "Freedom": "0.471",
    "Trust (Government Corruption)": "0.05",
    "Generosity": "0.066"
  },
  "Romania": {
    "Happiness Rank": "48",
    "Country": "Romania",
    "Region": "Central and Eastern Europe",
    "Happiness Score": "6.07",
    "Economy (GDP per Capita)": "1.162",
    "Family (Social Support)": "1.232",
    "Health (Life Expectancy)": "0.825",
    "Freedom": "0.462",
    "Trust (Government Corruption)": "0.005",
    "Generosity": "0.083"
  },
  "Cyprus": {
    "Happiness Rank": "49",
    "Country": "Cyprus",
    "Region": "Western Europe",
    "Happiness Score": "6.046",
    "Economy (GDP per Capita)": "1.263",
    "Family (Social Support)": "1.223",
    "Health (Life Expectancy)": "1.042",
    "Freedom": "0.406",
    "Trust (Government Corruption)": "0.041",
    "Generosity": "0.19"
  },
  "Ecuador": {
    "Happiness Rank": "50",
    "Country": "Ecuador",
    "Region": "Latin America and Caribbean",
    "Happiness Score": "6.028",
    "Economy (GDP per Capita)": "0.912",
    "Family (Social Support)": "1.312",
    "Health (Life Expectancy)": "0.868",
    "Freedom": "0.498",
    "Trust (Government Corruption)": "0.087",
    "Generosity": "0.126"
  },
  "Kuwait": {
    "Happiness Rank": "51",
    "Country": "Kuwait",
    "Region": "Middle East and Northern Africa",
    "Happiness Score": "6.021",
    "Economy (GDP per Capita)": "1.5",
    "Family (Social Support)": "1.319",
    "Health (Life Expectancy)": "0.808",
    "Freedom": "0.493",
    "Trust (Government Corruption)": "0.097",
    "Generosity": "0.142"
  },
  "Thailand": {
    "Happiness Rank": "52",
    "Country": "Thailand",
    "Region": "Southeastern Asia",
    "Happiness Score": "6.008",
    "Economy (GDP per Capita)": "1.05",
    "Family (Social Support)": "1.409",
    "Health (Life Expectancy)": "0.828",
    "Freedom": "0.557",
    "Trust (Government Corruption)": "0.028",
    "Generosity": "0.359"
  },
  "Latvia": {
    "Happiness Rank": "53",
    "Country": "Latvia",
    "Region": "Central and Eastern Europe",
    "Happiness Score": "5.94",
    "Economy (GDP per Capita)": "1.187",
    "Family (Social Support)": "1.465",
    "Health (Life Expectancy)": "0.812",
    "Freedom": "0.264",
    "Trust (Government Corruption)": "0.064",
    "Generosity": "0.075"
  },
  "South Korea": {
    "Happiness Rank": "54",
    "Country": "South Korea",
    "Region": "Eastern Asia",
    "Happiness Score": "5.895",
    "Economy (GDP per Capita)": "1.301",
    "Family (Social Support)": "1.219",
    "Health (Life Expectancy)": "1.036",
    "Freedom": "0.159",
    "Trust (Government Corruption)": "0.056",
    "Generosity": "0.175"
  },
  "Estonia": {
    "Happiness Rank": "55",
    "Country": "Estonia",
    "Region": "Central and Eastern Europe",
    "Happiness Score": "5.893",
    "Economy (GDP per Capita)": "1.237",
    "Family (Social Support)": "1.528",
    "Health (Life Expectancy)": "0.874",
    "Freedom": "0.495",
    "Trust (Government Corruption)": "0.161",
    "Generosity": "0.103"
  },
  "Jamaica": {
    "Happiness Rank": "56",
    "Country": "Jamaica",
    "Region": "Latin America and Caribbean",
    "Happiness Score": "5.89",
    "Economy (GDP per Capita)": "0.831",
    "Family (Social Support)": "1.478",
    "Health (Life Expectancy)": "0.831",
    "Freedom": "0.49",
    "Trust (Government Corruption)": "0.028",
    "Generosity": "0.107"
  },
  "Mauritius": {
    "Happiness Rank": "57",
    "Country": "Mauritius",
    "Region": "Sub-Saharan Africa",
    "Happiness Score": "5.888",
    "Economy (GDP per Capita)": "1.12",
    "Family (Social Support)": "1.402",
    "Health (Life Expectancy)": "0.798",
    "Freedom": "0.498",
    "Trust (Government Corruption)": "0.06",
    "Generosity": "0.215"
  },
  "Japan": {
    "Happiness Rank": "58",
    "Country": "Japan",
    "Region": "Eastern Asia",
    "Happiness Score": "5.886",
    "Economy (GDP per Capita)": "1.327",
    "Family (Social Support)": "1.419",
    "Health (Life Expectancy)": "1.088",
    "Freedom": "0.445",
    "Trust (Government Corruption)": "0.14",
    "Generosity": "0.069"
  },
  "Honduras": {
    "Happiness Rank": "59",
    "Country": "Honduras",
    "Region": "Latin America and Caribbean",
    "Happiness Score": "5.86",
    "Economy (GDP per Capita)": "0.642",
    "Family (Social Support)": "1.236",
    "Health (Life Expectancy)": "0.828",
    "Freedom": "0.507",
    "Trust (Government Corruption)": "0.078",
    "Generosity": "0.246"
  },
  "Kazakhstan": {
    "Happiness Rank": "60",
    "Country": "Kazakhstan",
    "Region": "Central and Eastern Europe",
    "Happiness Score": "5.809",
    "Economy (GDP per Capita)": "1.173",
    "Family (Social Support)": "1.508",
    "Health (Life Expectancy)": "0.729",
    "Freedom": "0.41",
    "Trust (Government Corruption)": "0.096",
    "Generosity": "0.146"
  },
  "Bolivia": {
    "Happiness Rank": "61",
    "Country": "Bolivia",
    "Region": "Latin America and Caribbean",
    "Happiness Score": "5.779",
    "Economy (GDP per Capita)": "0.776",
    "Family (Social Support)": "1.209",
    "Health (Life Expectancy)": "0.706",
    "Freedom": "0.511",
    "Trust (Government Corruption)": "0.064",
    "Generosity": "0.137"
  },
  "Hungary": {
    "Happiness Rank": "62",
    "Country": "Hungary",
    "Region": "Central and Eastern Europe",
    "Happiness Score": "5.758",
    "Economy (GDP per Capita)": "1.201",
    "Family (Social Support)": "1.41",
    "Health (Life Expectancy)": "0.828",
    "Freedom": "0.199",
    "Trust (Government Corruption)": "0.02",
    "Generosity": "0.081"
  },
  "Paraguay": {
    "Happiness Rank": "63",
    "Country": "Paraguay",
    "Region": "Latin America and Caribbean",
    "Happiness Score": "5.743",
    "Economy (GDP per Capita)": "0.855",
    "Family (Social Support)": "1.475",
    "Health (Life Expectancy)": "0.777",
    "Freedom": "0.514",
    "Trust (Government Corruption)": "0.08",
    "Generosity": "0.184"
  },
  "Northern Cyprus": {
    "Happiness Rank": "64",
    "Country": "Northern Cyprus",
    "Region": "-",
    "Happiness Score": "5.718",
    "Economy (GDP per Capita)": "1.263",
    "Family (Social Support)": "1.252",
    "Health (Life Expectancy)": "1.042",
    "Freedom": "0.417",
    "Trust (Government Corruption)": "0.162",
    "Generosity": "0.191"
  },
  "Peru": {
    "Happiness Rank": "65",
    "Country": "Peru",
    "Region": "Latin America and Caribbean",
    "Happiness Score": "5.697",
    "Economy (GDP per Capita)": "0.96",
    "Family (Social Support)": "1.274",
    "Health (Life Expectancy)": "0.854",
    "Freedom": "0.455",
    "Trust (Government Corruption)": "0.027",
    "Generosity": "0.083"
  },
  "Portugal": {
    "Happiness Rank": "66",
    "Country": "Portugal",
    "Region": "Western Europe",
    "Happiness Score": "5.693",
    "Economy (GDP per Capita)": "1.221",
    "Family (Social Support)": "1.431",
    "Health (Life Expectancy)": "0.999",
    "Freedom": "0.508",
    "Trust (Government Corruption)": "0.025",
    "Generosity": "0.047"
  },
  "Pakistan": {
    "Happiness Rank": "67",
    "Country": "Pakistan",
    "Region": "Southern Asia",
    "Happiness Score": "5.653",
    "Economy (GDP per Capita)": "0.677",
    "Family (Social Support)": "0.886",
    "Health (Life Expectancy)": "0.535",
    "Freedom": "0.313",
    "Trust (Government Corruption)": "0.098",
    "Generosity": "0.22"
  },
  "Russia": {
    "Happiness Rank": "68",
    "Country": "Russia",
    "Region": "Central and Eastern Europe",
    "Happiness Score": "5.648",
    "Economy (GDP per Capita)": "1.183",
    "Family (Social Support)": "1.452",
    "Health (Life Expectancy)": "0.726",
    "Freedom": "0.334",
    "Trust (Government Corruption)": "0.031",
    "Generosity": "0.082"
  },
  "Philippines": {
    "Happiness Rank": "69",
    "Country": "Philippines",
    "Region": "Southeastern Asia",
    "Happiness Score": "5.631",
    "Economy (GDP per Capita)": "0.807",
    "Family (Social Support)": "1.293",
    "Health (Life Expectancy)": "0.657",
    "Freedom": "0.558",
    "Trust (Government Corruption)": "0.107",
    "Generosity": "0.117"
  },
  "Serbia": {
    "Happiness Rank": "70",
    "Country": "Serbia",
    "Region": "Central and Eastern Europe",
    "Happiness Score": "5.603",
    "Economy (GDP per Capita)": "1.004",
    "Family (Social Support)": "1.383",
    "Health (Life Expectancy)": "0.854",
    "Freedom": "0.282",
    "Trust (Government Corruption)": "0.039",
    "Generosity": "0.137"
  },
  "Moldova": {
    "Happiness Rank": "71",
    "Country": "Moldova",
    "Region": "Central and Eastern Europe",
    "Happiness Score": "5.529",
    "Economy (GDP per Capita)": "0.685",
    "Family (Social Support)": "1.328",
    "Health (Life Expectancy)": "0.739",
    "Freedom": "0.245",
    "Trust (Government Corruption)": "0",
    "Generosity": "0.181"
  },
  "Libya": {
    "Happiness Rank": "72",
    "Country": "Libya",
    "Region": "Middle East and Northern Africa",
    "Happiness Score": "5.525",
    "Economy (GDP per Capita)": "1.044",
    "Family (Social Support)": "1.303",
    "Health (Life Expectancy)": "0.673",
    "Freedom": "0.416",
    "Trust (Government Corruption)": "0.152",
    "Generosity": "0.133"
  },
  "Montenegro": {
    "Happiness Rank": "73",
    "Country": "Montenegro",
    "Region": "Central and Eastern Europe",
    "Happiness Score": "5.523",
    "Economy (GDP per Capita)": "1.051",
    "Family (Social Support)": "1.361",
    "Health (Life Expectancy)": "0.871",
    "Freedom": "0.197",
    "Trust (Government Corruption)": "0.08",
    "Generosity": "0.142"
  },
  "Tajikistan": {
    "Happiness Rank": "74",
    "Country": "Tajikistan",
    "Region": "Central and Eastern Europe",
    "Happiness Score": "5.467",
    "Economy (GDP per Capita)": "0.493",
    "Family (Social Support)": "1.098",
    "Health (Life Expectancy)": "0.718",
    "Freedom": "0.389",
    "Trust (Government Corruption)": "0.144",
    "Generosity": "0.23"
  },
  "Croatia": {
    "Happiness Rank": "75",
    "Country": "Croatia",
    "Region": "Central and Eastern Europe",
    "Happiness Score": "5.432",
    "Economy (GDP per Capita)": "1.155",
    "Family (Social Support)": "1.266",
    "Health (Life Expectancy)": "0.914",
    "Freedom": "0.296",
    "Trust (Government Corruption)": "0.022",
    "Generosity": "0.119"
  },
  "Hong Kong": {
    "Happiness Rank": "76",
    "Country": "Hong Kong",
    "Region": "Eastern Asia",
    "Happiness Score": "5.43",
    "Economy (GDP per Capita)": "1.438",
    "Family (Social Support)": "1.277",
    "Health (Life Expectancy)": "1.122",
    "Freedom": "0.44",
    "Trust (Government Corruption)": "0.287",
    "Generosity": "0.258"
  },
  "Dominican Republic": {
    "Happiness Rank": "77",
    "Country": "Dominican Republic",
    "Region": "Latin America and Caribbean",
    "Happiness Score": "5.425",
    "Economy (GDP per Capita)": "1.015",
    "Family (Social Support)": "1.401",
    "Health (Life Expectancy)": "0.779",
    "Freedom": "0.497",
    "Trust (Government Corruption)": "0.101",
    "Generosity": "0.113"
  },
  "Bosnia and Herz.": {
    "Happiness Rank": "78",
    "Country": "Bosnia and Herz.",
    "Region": "Central and Eastern Europe",
    "Happiness Score": "5.386",
    "Economy (GDP per Capita)": "0.945",
    "Family (Social Support)": "1.212",
    "Health (Life Expectancy)": "0.845",
    "Freedom": "0.212",
    "Trust (Government Corruption)": "0.006",
    "Generosity": "0.263"
  },
  "Turkey": {
    "Happiness Rank": "79",
    "Country": "Turkey",
    "Region": "Middle East and Northern Africa",
    "Happiness Score": "5.373",
    "Economy (GDP per Capita)": "1.183",
    "Family (Social Support)": "1.36",
    "Health (Life Expectancy)": "0.808",
    "Freedom": "0.195",
    "Trust (Government Corruption)": "0.106",
    "Generosity": "0.083"
  },
  "Malaysia": {
    "Happiness Rank": "80",
    "Country": "Malaysia",
    "Region": "Southeastern Asia",
    "Happiness Score": "5.339",
    "Economy (GDP per Capita)": "1.221",
    "Family (Social Support)": "1.171",
    "Health (Life Expectancy)": "0.828",
    "Freedom": "0.508",
    "Trust (Government Corruption)": "0.024",
    "Generosity": "0.26"
  },
  "Belarus": {
    "Happiness Rank": "81",
    "Country": "Belarus",
    "Region": "Central and Eastern Europe",
    "Happiness Score": "5.323",
    "Economy (GDP per Capita)": "1.067",
    "Family (Social Support)": "1.465",
    "Health (Life Expectancy)": "0.789",
    "Freedom": "0.235",
    "Trust (Government Corruption)": "0.142",
    "Generosity": "0.094"
  },
  "Greece": {
    "Happiness Rank": "82",
    "Country": "Greece",
    "Region": "Western Europe",
    "Happiness Score": "5.287",
    "Economy (GDP per Capita)": "1.181",
    "Family (Social Support)": "1.156",
    "Health (Life Expectancy)": "0.999",
    "Freedom": "0.067",
    "Trust (Government Corruption)": "0.034",
    "Generosity": "0"
  },
  "Mongolia": {
    "Happiness Rank": "83",
    "Country": "Mongolia",
    "Region": "Eastern Asia",
    "Happiness Score": "5.285",
    "Economy (GDP per Capita)": "0.948",
    "Family (Social Support)": "1.531",
    "Health (Life Expectancy)": "0.667",
    "Freedom": "0.317",
    "Trust (Government Corruption)": "0.038",
    "Generosity": "0.235"
  },
  "North Macedonia": {
    "Happiness Rank": "84",
    "Country": "North Macedonia",
    "Region": "-",
    "Happiness Score": "5.274",
    "Economy (GDP per Capita)": "0.983",
    "Family (Social Support)": "1.294",
    "Health (Life Expectancy)": "0.838",
    "Freedom": "0.345",
    "Trust (Government Corruption)": "0.034",
    "Generosity": "0.185"
  },
  "Nigeria": {
    "Happiness Rank": "85",
    "Country": "Nigeria",
    "Region": "Sub-Saharan Africa",
    "Happiness Score": "5.265",
    "Economy (GDP per Capita)": "0.696",
    "Family (Social Support)": "1.111",
    "Health (Life Expectancy)": "0.245",
    "Freedom": "0.426",
    "Trust (Government Corruption)": "0.041",
    "Generosity": "0.215"
  },
  "Kyrgyzstan": {
    "Happiness Rank": "86",
    "Country": "Kyrgyzstan",
    "Region": "Central and Eastern Europe",
    "Happiness Score": "5.261",
    "Economy (GDP per Capita)": "0.551",
    "Family (Social Support)": "1.438",
    "Health (Life Expectancy)": "0.723",
    "Freedom": "0.508",
    "Trust (Government Corruption)": "0.023",
    "Generosity": "0.3"
  },
  "Turkmenistan": {
    "Happiness Rank": "87",
    "Country": "Turkmenistan",
    "Region": "Central and Eastern Europe",
    "Happiness Score": "5.247",
    "Economy (GDP per Capita)": "1.052",
    "Family (Social Support)": "1.538",
    "Health (Life Expectancy)": "0.657",
    "Freedom": "0.394",
    "Trust (Government Corruption)": "0.028",
    "Generosity": "0.244"
  },
  "Algeria": {
    "Happiness Rank": "88",
    "Country": "Algeria",
    "Region": "Middle East and Northern Africa",
    "Happiness Score": "5.211",
    "Economy (GDP per Capita)": "1.002",
    "Family (Social Support)": "1.16",
    "Health (Life Expectancy)": "0.785",
    "Freedom": "0.086",
    "Trust (Government Corruption)": "0.114",
    "Generosity": "0.073"
  },
  "Morocco": {
    "Happiness Rank": "89",
    "Country": "Morocco",
    "Region": "Middle East and Northern Africa",
    "Happiness Score": "5.208",
    "Economy (GDP per Capita)": "0.801",
    "Family (Social Support)": "0.782",
    "Health (Life Expectancy)": "0.782",
    "Freedom": "0.418",
    "Trust (Government Corruption)": "0.076",
    "Generosity": "0.036"
  },
  "Azerbaijan": {
    "Happiness Rank": "90",
    "Country": "Azerbaijan",
    "Region": "Central and Eastern Europe",
    "Happiness Score": "5.208",
    "Economy (GDP per Capita)": "1.043",
    "Family (Social Support)": "1.147",
    "Health (Life Expectancy)": "0.769",
    "Freedom": "0.351",
    "Trust (Government Corruption)": "0.182",
    "Generosity": "0.035"
  },
  "Lebanon": {
    "Happiness Rank": "91",
    "Country": "Lebanon",
    "Region": "Middle East and Northern Africa",
    "Happiness Score": "5.197",
    "Economy (GDP per Capita)": "0.987",
    "Family (Social Support)": "1.224",
    "Health (Life Expectancy)": "0.815",
    "Freedom": "0.216",
    "Trust (Government Corruption)": "0.027",
    "Generosity": "0.166"
  },
  "Indonesia": {
    "Happiness Rank": "92",
    "Country": "Indonesia",
    "Region": "Southeastern Asia",
    "Happiness Score": "5.192",
    "Economy (GDP per Capita)": "0.931",
    "Family (Social Support)": "1.203",
    "Health (Life Expectancy)": "0.66",
    "Freedom": "0.491",
    "Trust (Government Corruption)": "0.028",
    "Generosity": "0.498"
  },
  "China": {
    "Happiness Rank": "93",
    "Country": "China",
    "Region": "Eastern Asia",
    "Happiness Score": "5.191",
    "Economy (GDP per Capita)": "1.029",
    "Family (Social Support)": "1.125",
    "Health (Life Expectancy)": "0.893",
    "Freedom": "0.521",
    "Trust (Government Corruption)": "0.1",
    "Generosity": "0.058"
  },
  "Vietnam": {
    "Happiness Rank": "94",
    "Country": "Vietnam",
    "Region": "Southeastern Asia",
    "Happiness Score": "5.175",
    "Economy (GDP per Capita)": "0.741",
    "Family (Social Support)": "1.346",
    "Health (Life Expectancy)": "0.851",
    "Freedom": "0.543",
    "Trust (Government Corruption)": "0.073",
    "Generosity": "0.147"
  },
  "Bhutan": {
    "Happiness Rank": "95",
    "Country": "Bhutan",
    "Region": "Southern Asia",
    "Happiness Score": "5.082",
    "Economy (GDP per Capita)": "0.813",
    "Family (Social Support)": "1.321",
    "Health (Life Expectancy)": "0.604",
    "Freedom": "0.457",
    "Trust (Government Corruption)": "0.167",
    "Generosity": "0.37"
  },
  "Cameroon": {
    "Happiness Rank": "96",
    "Country": "Cameroon",
    "Region": "Sub-Saharan Africa",
    "Happiness Score": "5.044",
    "Economy (GDP per Capita)": "0.549",
    "Family (Social Support)": "0.91",
    "Health (Life Expectancy)": "0.331",
    "Freedom": "0.381",
    "Trust (Government Corruption)": "0.037",
    "Generosity": "0.187"
  },
  "Bulgaria": {
    "Happiness Rank": "97",
    "Country": "Bulgaria",
    "Region": "Central and Eastern Europe",
    "Happiness Score": "5.011",
    "Economy (GDP per Capita)": "1.092",
    "Family (Social Support)": "1.513",
    "Health (Life Expectancy)": "0.815",
    "Freedom": "0.311",
    "Trust (Government Corruption)": "0.004",
    "Generosity": "0.081"
  },
  "Ghana": {
    "Happiness Rank": "98",
    "Country": "Ghana",
    "Region": "Sub-Saharan Africa",
    "Happiness Score": "4.996",
    "Economy (GDP per Capita)": "0.611",
    "Family (Social Support)": "0.868",
    "Health (Life Expectancy)": "0.486",
    "Freedom": "0.381",
    "Trust (Government Corruption)": "0.04",
    "Generosity": "0.245"
  },
  "Côte d'Ivoire": {
    "Happiness Rank": "99",
    "Country": "Côte d'Ivoire",
    "Region": "Sub-Saharan Africa",
    "Happiness Score": "4.944",
    "Economy (GDP per Capita)": "0.569",
    "Family (Social Support)": "0.808",
    "Health (Life Expectancy)": "0.232",
    "Freedom": "0.352",
    "Trust (Government Corruption)": "0.09",
    "Generosity": "0.154"
  },
  "Nepal": {
    "Happiness Rank": "100",
    "Country": "Nepal",
    "Region": "Southern Asia",
    "Happiness Score": "4.913",
    "Economy (GDP per Capita)": "0.446",
    "Family (Social Support)": "1.226",
    "Health (Life Expectancy)": "0.677",
    "Freedom": "0.439",
    "Trust (Government Corruption)": "0.089",
    "Generosity": "0.285"
  },
  "Jordan": {
    "Happiness Rank": "101",
    "Country": "Jordan",
    "Region": "Middle East and Northern Africa",
    "Happiness Score": "4.906",
    "Economy (GDP per Capita)": "0.837",
    "Family (Social Support)": "1.225",
    "Health (Life Expectancy)": "0.815",
    "Freedom": "0.383",
    "Trust (Government Corruption)": "0.13",
    "Generosity": "0.11"
  },
  "Benin": {
    "Happiness Rank": "102",
    "Country": "Benin",
    "Region": "Sub-Saharan Africa",
    "Happiness Score": "4.883",
    "Economy (GDP per Capita)": "0.393",
    "Family (Social Support)": "0.437",
    "Health (Life Expectancy)": "0.397",
    "Freedom": "0.349",
    "Trust (Government Corruption)": "0.082",
    "Generosity": "0.175"
  },
  "Congo": {
    "Happiness Rank": "103",
    "Country": "Congo",
    "Region": "Sub-Saharan Africa",
    "Happiness Score": "4.812",
    "Economy (GDP per Capita)": "0.673",
    "Family (Social Support)": "0.799",
    "Health (Life Expectancy)": "0.508",
    "Freedom": "0.372",
    "Trust (Government Corruption)": "0.093",
    "Generosity": "0.105"
  },
  "Gabon": {
    "Happiness Rank": "104",
    "Country": "Gabon",
    "Region": "Sub-Saharan Africa",
    "Happiness Score": "4.799",
    "Economy (GDP per Capita)": "1.057",
    "Family (Social Support)": "1.183",
    "Health (Life Expectancy)": "0.571",
    "Freedom": "0.295",
    "Trust (Government Corruption)": "0.055",
    "Generosity": "0.043"
  },
  "Laos": {
    "Happiness Rank": "105",
    "Country": "Laos",
    "Region": "Southeastern Asia",
    "Happiness Score": "4.796",
    "Economy (GDP per Capita)": "0.764",
    "Family (Social Support)": "1.03",
    "Health (Life Expectancy)": "0.551",
    "Freedom": "0.547",
    "Trust (Government Corruption)": "0.164",
    "Generosity": "0.266"
  },
  "South Africa": {
    "Happiness Rank": "106",
    "Country": "South Africa",
    "Region": "Sub-Saharan Africa",
    "Happiness Score": "4.722",
    "Economy (GDP per Capita)": "0.96",
    "Family (Social Support)": "1.351",
    "Health (Life Expectancy)": "0.469",
    "Freedom": "0.389",
    "Trust (Government Corruption)": "0.055",
    "Generosity": "0.13"
  },
  "Albania": {
    "Happiness Rank": "107",
    "Country": "Albania",
    "Region": "Central and Eastern Europe",
    "Happiness Score": "4.719",
    "Economy (GDP per Capita)": "0.947",
    "Family (Social Support)": "0.848",
    "Health (Life Expectancy)": "0.874",
    "Freedom": "0.383",
    "Trust (Government Corruption)": "0.027",
    "Generosity": "0.178"
  },
  "Venezuela": {
    "Happiness Rank": "108",
    "Country": "Venezuela",
    "Region": "Latin America and Caribbean",
    "Happiness Score": "4.707",
    "Economy (GDP per Capita)": "0.96",
    "Family (Social Support)": "1.427",
    "Health (Life Expectancy)": "0.805",
    "Freedom": "0.154",
    "Trust (Government Corruption)": "0.047",
    "Generosity": "0.064"
  },
  "Cambodia": {
    "Happiness Rank": "109",
    "Country": "Cambodia",
    "Region": "Southeastern Asia",
    "Happiness Score": "4.7",
    "Economy (GDP per Capita)": "0.574",
    "Family (Social Support)": "1.122",
    "Health (Life Expectancy)": "0.637",
    "Freedom": "0.609",
    "Trust (Government Corruption)": "0.062",
    "Generosity": "0.232"
  },
  "Palestinian Territories": {
    "Happiness Rank": "110",
    "Country": "Palestinian Territories",
    "Region": "Middle East and Northern Africa",
    "Happiness Score": "4.696",
    "Economy (GDP per Capita)": "0.657",
    "Family (Social Support)": "1.247",
    "Health (Life Expectancy)": "0.672",
    "Freedom": "0.225",
    "Trust (Government Corruption)": "0.066",
    "Generosity": "0.103"
  },
  "Senegal": {
    "Happiness Rank": "111",
    "Country": "Senegal",
    "Region": "Sub-Saharan Africa",
    "Happiness Score": "4.681",
    "Economy (GDP per Capita)": "0.45",
    "Family (Social Support)": "1.134",
    "Health (Life Expectancy)": "0.571",
    "Freedom": "0.292",
    "Trust (Government Corruption)": "0.072",
    "Generosity": "0.153"
  },
  "Somalia": {
    "Happiness Rank": "112",
    "Country": "Somalia",
    "Region": "-",
    "Happiness Score": "4.668",
    "Economy (GDP per Capita)": "0",
    "Family (Social Support)": "0.698",
    "Health (Life Expectancy)": "0.268",
    "Freedom": "0.559",
    "Trust (Government Corruption)": "0.27",
    "Generosity": "0.243"
  },
  "Namibia": {
    "Happiness Rank": "113",
    "Country": "Namibia",
    "Region": "-",
    "Happiness Score": "4.639",
    "Economy (GDP per Capita)": "0.879",
    "Family (Social Support)": "1.313",
    "Health (Life Expectancy)": "0.477",
    "Freedom": "0.401",
    "Trust (Government Corruption)": "0.056",
    "Generosity": "0.07"
  },
  "Niger": {
    "Happiness Rank": "114",
    "Country": "Niger",
    "Region": "Sub-Saharan Africa",
    "Happiness Score": "4.628",
    "Economy (GDP per Capita)": "0.138",
    "Family (Social Support)": "0.774",
    "Health (Life Expectancy)": "0.366",
    "Freedom": "0.318",
    "Trust (Government Corruption)": "0.102",
    "Generosity": "0.188"
  },
  "Burkina Faso": {
    "Happiness Rank": "115",
    "Country": "Burkina Faso",
    "Region": "Sub-Saharan Africa",
    "Happiness Score": "4.587",
    "Economy (GDP per Capita)": "0.331",
    "Family (Social Support)": "1.056",
    "Health (Life Expectancy)": "0.38",
    "Freedom": "0.255",
    "Trust (Government Corruption)": "0.113",
    "Generosity": "0.177"
  },
  "Armenia": {
    "Happiness Rank": "116",
    "Country": "Armenia",
    "Region": "Central and Eastern Europe",
    "Happiness Score": "4.559",
    "Economy (GDP per Capita)": "0.85",
    "Family (Social Support)": "1.055",
    "Health (Life Expectancy)": "0.815",
    "Freedom": "0.283",
    "Trust (Government Corruption)": "0.064",
    "Generosity": "0.095"
  },
  "Iran": {
    "Happiness Rank": "117",
    "Country": "Iran",
    "Region": "Middle East and Northern Africa",
    "Happiness Score": "4.548",
    "Economy (GDP per Capita)": "1.1",
    "Family (Social Support)": "0.842",
    "Health (Life Expectancy)": "0.785",
    "Freedom": "0.305",
    "Trust (Government Corruption)": "0.125",
    "Generosity": "0.27"
  },
  "Guinea": {
    "Happiness Rank": "118",
    "Country": "Guinea",
    "Region": "Sub-Saharan Africa",
    "Happiness Score": "4.534",
    "Economy (GDP per Capita)": "0.38",
    "Family (Social Support)": "0.829",
    "Health (Life Expectancy)": "0.375",
    "Freedom": "0.332",
    "Trust (Government Corruption)": "0.086",
    "Generosity": "0.207"
  },
  "Georgia": {
    "Happiness Rank": "119",
    "Country": "Georgia",
    "Region": "Central and Eastern Europe",
    "Happiness Score": "4.519",
    "Economy (GDP per Capita)": "0.886",
    "Family (Social Support)": "0.666",
    "Health (Life Expectancy)": "0.752",
    "Freedom": "0.346",
    "Trust (Government Corruption)": "0.164",
    "Generosity": "0.043"
  },
  "Gambia": {
    "Happiness Rank": "120",
    "Country": "Gambia",
    "Region": "-",
    "Happiness Score": "4.516",
    "Economy (GDP per Capita)": "0.308",
    "Family (Social Support)": "0.939",
    "Health (Life Expectancy)": "0.428",
    "Freedom": "0.382",
    "Trust (Government Corruption)": "0.167",
    "Generosity": "0.269"
  },
  "Kenya": {
    "Happiness Rank": "121",
    "Country": "Kenya",
    "Region": "Sub-Saharan Africa",
    "Happiness Score": "4.509",
    "Economy (GDP per Capita)": "0.512",
    "Family (Social Support)": "0.983",
    "Health (Life Expectancy)": "0.581",
    "Freedom": "0.431",
    "Trust (Government Corruption)": "0.053",
    "Generosity": "0.372"
  },
  "Mauritania": {
    "Happiness Rank": "122",
    "Country": "Mauritania",
    "Region": "Sub-Saharan Africa",
    "Happiness Score": "4.49",
    "Economy (GDP per Capita)": "0.57",
    "Family (Social Support)": "1.167",
    "Health (Life Expectancy)": "0.489",
    "Freedom": "0.066",
    "Trust (Government Corruption)": "0.088",
    "Generosity": "0.106"
  },
  "Mozambique": {
    "Happiness Rank": "123",
    "Country": "Mozambique",
    "Region": "Sub-Saharan Africa",
    "Happiness Score": "4.466",
    "Economy (GDP per Capita)": "0.204",
    "Family (Social Support)": "0.986",
    "Health (Life Expectancy)": "0.39",
    "Freedom": "0.494",
    "Trust (Government Corruption)": "0.138",
    "Generosity": "0.197"
  },
  "Tunisia": {
    "Happiness Rank": "124",
    "Country": "Tunisia",
    "Region": "Middle East and Northern Africa",
    "Happiness Score": "4.461",
    "Economy (GDP per Capita)": "0.921",
    "Family (Social Support)": "1",
    "Health (Life Expectancy)": "0.815",
    "Freedom": "0.167",
    "Trust (Government Corruption)": "0.055",
    "Generosity": "0.059"
  },
  "Bangladesh": {
    "Happiness Rank": "125",
    "Country": "Bangladesh",
    "Region": "Southern Asia",
    "Happiness Score": "4.456",
    "Economy (GDP per Capita)": "0.562",
    "Family (Social Support)": "0.928",
    "Health (Life Expectancy)": "0.723",
    "Freedom": "0.527",
    "Trust (Government Corruption)": "0.143",
    "Generosity": "0.166"
  },
  "Iraq": {
    "Happiness Rank": "126",
    "Country": "Iraq",
    "Region": "Middle East and Northern Africa",
    "Happiness Score": "4.437",
    "Economy (GDP per Capita)": "1.043",
    "Family (Social Support)": "0.98",
    "Health (Life Expectancy)": "0.574",
    "Freedom": "0.241",
    "Trust (Government Corruption)": "0.089",
    "Generosity": "0.148"
  },
  "Dem. Rep. Congo": {
    "Happiness Rank": "127",
    "Country": "Dem. Rep. Congo",
    "Region": "Sub-Saharan Africa",
    "Happiness Score": "4.418",
    "Economy (GDP per Capita)": "0.094",
    "Family (Social Support)": "1.125",
    "Health (Life Expectancy)": "0.357",
    "Freedom": "0.269",
    "Trust (Government Corruption)": "0.053",
    "Generosity": "0.212"
  },
  "Mali": {
    "Happiness Rank": "128",
    "Country": "Mali",
    "Region": "Sub-Saharan Africa",
    "Happiness Score": "4.39",
    "Economy (GDP per Capita)": "0.385",
    "Family (Social Support)": "1.105",
    "Health (Life Expectancy)": "0.308",
    "Freedom": "0.327",
    "Trust (Government Corruption)": "0.052",
    "Generosity": "0.153"
  },
  "Sierra Leone": {
    "Happiness Rank": "129",
    "Country": "Sierra Leone",
    "Region": "Sub-Saharan Africa",
    "Happiness Score": "4.374",
    "Economy (GDP per Capita)": "0.268",
    "Family (Social Support)": "0.841",
    "Health (Life Expectancy)": "0.242",
    "Freedom": "0.309",
    "Trust (Government Corruption)": "0.045",
    "Generosity": "0.252"
  },
  "Sri Lanka": {
    "Happiness Rank": "130",
    "Country": "Sri Lanka",
    "Region": "Southern Asia",
    "Happiness Score": "4.366",
    "Economy (GDP per Capita)": "0.949",
    "Family (Social Support)": "1.265",
    "Health (Life Expectancy)": "0.831",
    "Freedom": "0.47",
    "Trust (Government Corruption)": "0.047",
    "Generosity": "0.244"
  },
  "Myanmar": {
    "Happiness Rank": "131",
    "Country": "Myanmar",
    "Region": "Southeastern Asia",
    "Happiness Score": "4.36",
    "Economy (GDP per Capita)": "0.71",
    "Family (Social Support)": "1.181",
    "Health (Life Expectancy)": "0.555",
    "Freedom": "0.525",
    "Trust (Government Corruption)": "0.172",
    "Generosity": "0.566"
  },
  "Chad": {
    "Happiness Rank": "132",
    "Country": "Chad",
    "Region": "Sub-Saharan Africa",
    "Happiness Score": "4.35",
    "Economy (GDP per Capita)": "0.35",
    "Family (Social Support)": "0.766",
    "Health (Life Expectancy)": "0.192",
    "Freedom": "0.174",
    "Trust (Government Corruption)": "0.078",
    "Generosity": "0.198"
  },
  "Ukraine": {
    "Happiness Rank": "133",
    "Country": "Ukraine",
    "Region": "Central and Eastern Europe",
    "Happiness Score": "4.332",
    "Economy (GDP per Capita)": "0.82",
    "Family (Social Support)": "1.39",
    "Health (Life Expectancy)": "0.739",
    "Freedom": "0.178",
    "Trust (Government Corruption)": "0.01",
    "Generosity": "0.187"
  },
  "Ethiopia": {
    "Happiness Rank": "134",
    "Country": "Ethiopia",
    "Region": "Sub-Saharan Africa",
    "Happiness Score": "4.286",
    "Economy (GDP per Capita)": "0.336",
    "Family (Social Support)": "1.033",
    "Health (Life Expectancy)": "0.532",
    "Freedom": "0.344",
    "Trust (Government Corruption)": "0.1",
    "Generosity": "0.209"
  },
  "Swaziland": {
    "Happiness Rank": "135",
    "Country": "Swaziland",
    "Region": "Sub-Saharan Africa",
    "Happiness Score": "4.212",
    "Economy (GDP per Capita)": "0.811",
    "Family (Social Support)": "1.149",
    "Health (Life Expectancy)": "0",
    "Freedom": "0.313",
    "Trust (Government Corruption)": "0.135",
    "Generosity": "0.074"
  },
  "Uganda": {
    "Happiness Rank": "136",
    "Country": "Uganda",
    "Region": "Sub-Saharan Africa",
    "Happiness Score": "4.189",
    "Economy (GDP per Capita)": "0.332",
    "Family (Social Support)": "1.069",
    "Health (Life Expectancy)": "0.443",
    "Freedom": "0.356",
    "Trust (Government Corruption)": "0.06",
    "Generosity": "0.252"
  },
  "Egypt": {
    "Happiness Rank": "137",
    "Country": "Egypt",
    "Region": "Middle East and Northern Africa",
    "Happiness Score": "4.166",
    "Economy (GDP per Capita)": "0.913",
    "Family (Social Support)": "1.039",
    "Health (Life Expectancy)": "0.644",
    "Freedom": "0.241",
    "Trust (Government Corruption)": "0.067",
    "Generosity": "0.076"
  },
  "Zambia": {
    "Happiness Rank": "138",
    "Country": "Zambia",
    "Region": "Sub-Saharan Africa",
    "Happiness Score": "4.107",
    "Economy (GDP per Capita)": "0.578",
    "Family (Social Support)": "1.058",
    "Health (Life Expectancy)": "0.426",
    "Freedom": "0.431",
    "Trust (Government Corruption)": "0.087",
    "Generosity": "0.247"
  },
  "Togo": {
    "Happiness Rank": "139",
    "Country": "Togo",
    "Region": "Sub-Saharan Africa",
    "Happiness Score": "4.085",
    "Economy (GDP per Capita)": "0.275",
    "Family (Social Support)": "0.572",
    "Health (Life Expectancy)": "0.41",
    "Freedom": "0.293",
    "Trust (Government Corruption)": "0.085",
    "Generosity": "0.177"
  },
  "India": {
    "Happiness Rank": "140",
    "Country": "India",
    "Region": "Southern Asia",
    "Happiness Score": "4.015",
    "Economy (GDP per Capita)": "0.755",
    "Family (Social Support)": "0.765",
    "Health (Life Expectancy)": "0.588",
    "Freedom": "0.498",
    "Trust (Government Corruption)": "0.085",
    "Generosity": "0.2"
  },
  "Liberia": {
    "Happiness Rank": "141",
    "Country": "Liberia",
    "Region": "Sub-Saharan Africa",
    "Happiness Score": "3.975",
    "Economy (GDP per Capita)": "0.073",
    "Family (Social Support)": "0.922",
    "Health (Life Expectancy)": "0.443",
    "Freedom": "0.37",
    "Trust (Government Corruption)": "0.033",
    "Generosity": "0.233"
  },
  "Comoros": {
    "Happiness Rank": "142",
    "Country": "Comoros",
    "Region": "Sub-Saharan Africa",
    "Happiness Score": "3.973",
    "Economy (GDP per Capita)": "0.274",
    "Family (Social Support)": "0.757",
    "Health (Life Expectancy)": "0.505",
    "Freedom": "0.142",
    "Trust (Government Corruption)": "0.078",
    "Generosity": "0.275"
  },
  "Madagascar": {
    "Happiness Rank": "143",
    "Country": "Madagascar",
    "Region": "Sub-Saharan Africa",
    "Happiness Score": "3.933",
    "Economy (GDP per Capita)": "0.274",
    "Family (Social Support)": "0.916",
    "Health (Life Expectancy)": "0.555",
    "Freedom": "0.148",
    "Trust (Government Corruption)": "0.041",
    "Generosity": "0.169"
  },
  "Lesotho": {
    "Happiness Rank": "144",
    "Country": "Lesotho",
    "Region": "Sub-Saharan Africa",
    "Happiness Score": "3.802",
    "Economy (GDP per Capita)": "0.489",
    "Family (Social Support)": "1.169",
    "Health (Life Expectancy)": "0.168",
    "Freedom": "0.359",
    "Trust (Government Corruption)": "0.093",
    "Generosity": "0.107"
  },
  "Burundi": {
    "Happiness Rank": "145",
    "Country": "Burundi",
    "Region": "Sub-Saharan Africa",
    "Happiness Score": "3.775",
    "Economy (GDP per Capita)": "0.046",
    "Family (Social Support)": "0.447",
    "Health (Life Expectancy)": "0.38",
    "Freedom": "0.22",
    "Trust (Government Corruption)": "0.18",
    "Generosity": "0.176"
  },
  "Zimbabwe": {
    "Happiness Rank": "146",
    "Country": "Zimbabwe",
    "Region": "Sub-Saharan Africa",
    "Happiness Score": "3.663",
    "Economy (GDP per Capita)": "0.366",
    "Family (Social Support)": "1.114",
    "Health (Life Expectancy)": "0.433",
    "Freedom": "0.361",
    "Trust (Government Corruption)": "0.089",
    "Generosity": "0.151"
  },
  "Haiti": {
    "Happiness Rank": "147",
    "Country": "Haiti",
    "Region": "Latin America and Caribbean",
    "Happiness Score": "3.597",
    "Economy (GDP per Capita)": "0.323",
    "Family (Social Support)": "0.688",
    "Health (Life Expectancy)": "0.449",
    "Freedom": "0.026",
    "Trust (Government Corruption)": "0.11",
    "Generosity": "0.419"
  },
  "Botswana": {
    "Happiness Rank": "148",
    "Country": "Botswana",
    "Region": "Sub-Saharan Africa",
    "Happiness Score": "3.488",
    "Economy (GDP per Capita)": "1.041",
    "Family (Social Support)": "1.145",
    "Health (Life Expectancy)": "0.538",
    "Freedom": "0.455",
    "Trust (Government Corruption)": "0.1",
    "Generosity": "0.025"
  },
  "Syria": {
    "Happiness Rank": "149",
    "Country": "Syria",
    "Region": "Middle East and Northern Africa",
    "Happiness Score": "3.462",
    "Economy (GDP per Capita)": "0.619",
    "Family (Social Support)": "0.378",
    "Health (Life Expectancy)": "0.44",
    "Freedom": "0.013",
    "Trust (Government Corruption)": "0.141",
    "Generosity": "0.331"
  },
  "Malawi": {
    "Happiness Rank": "150",
    "Country": "Malawi",
    "Region": "Sub-Saharan Africa",
    "Happiness Score": "3.41",
    "Economy (GDP per Capita)": "0.191",
    "Family (Social Support)": "0.56",
    "Health (Life Expectancy)": "0.495",
    "Freedom": "0.443",
    "Trust (Government Corruption)": "0.089",
    "Generosity": "0.218"
  },
  "Yemen": {
    "Happiness Rank": "151",
    "Country": "Yemen",
    "Region": "Middle East and Northern Africa",
    "Happiness Score": "3.38",
    "Economy (GDP per Capita)": "0.287",
    "Family (Social Support)": "1.163",
    "Health (Life Expectancy)": "0.463",
    "Freedom": "0.143",
    "Trust (Government Corruption)": "0.077",
    "Generosity": "0.108"
  },
  "Rwanda": {
    "Happiness Rank": "152",
    "Country": "Rwanda",
    "Region": "Sub-Saharan Africa",
    "Happiness Score": "3.334",
    "Economy (GDP per Capita)": "0.359",
    "Family (Social Support)": "0.711",
    "Health (Life Expectancy)": "0.614",
    "Freedom": "0.555",
    "Trust (Government Corruption)": "0.411",
    "Generosity": "0.217"
  },
  "Tanzania": {
    "Happiness Rank": "153",
    "Country": "Tanzania",
    "Region": "Sub-Saharan Africa",
    "Happiness Score": "3.231",
    "Economy (GDP per Capita)": "0.476",
    "Family (Social Support)": "0.885",
    "Health (Life Expectancy)": "0.499",
    "Freedom": "0.417",
    "Trust (Government Corruption)": "0.147",
    "Generosity": "0.276"
  },
  "Afghanistan": {
    "Happiness Rank": "154",
    "Country": "Afghanistan",
    "Region": "Southern Asia",
    "Happiness Score": "3.203",
    "Economy (GDP per Capita)": "0.35",
    "Family (Social Support)": "0.517",
    "Health (Life Expectancy)": "0.361",
    "Freedom": "0",
    "Trust (Government Corruption)": "0.025",
    "Generosity": "0.158"
  },
  "Central African Rep.": {
    "Happiness Rank": "155",
    "Country": "Central African Rep.",
    "Region": "Sub-Saharan Africa",
    "Happiness Score": "3.083",
    "Economy (GDP per Capita)": "0.026",
    "Family (Social Support)": "0",
    "Health (Life Expectancy)": "0.105",
    "Freedom": "0.225",
    "Trust (Government Corruption)": "0.035",
    "Generosity": "0.235"
  },
  "S. Sudan": {
    "Happiness Rank": "156",
    "Country": "S. Sudan",
    "Region": "-",
    "Happiness Score": "2.853",
    "Economy (GDP per Capita)": "0.306",
    "Family (Social Support)": "0.575",
    "Health (Life Expectancy)": "0.295",
    "Freedom": "0.01",
    "Trust (Government Corruption)": "0.091",
    "Generosity": "0.202"
  }
}
