{
  "Finland": {
    "Happiness Rank": "1",
    "Country": "Finland",
    "Region": "Western Europe",
    "Happiness Score": "7.808700085",
    "Economy (GDP per Capita)": "1.285189509",
    "Family (Social Support)": "1.499525905",
    "Health (Life Expectancy)": "0.961271405",
    "Freedom": "0.66231674",
    "Trust (Government Corruption)": "0.477857262",
    "Generosity": "0.159670442"
  },
  "Denmark": {
    "Happiness Rank": "2",
    "Country": "Denmark",
    "Region": "Western Europe",
    "Happiness Score": "7.645599842",
    "Economy (GDP per Capita)": "1.326948524",
    "Family (Social Support)": "1.503449202",
    "Health (Life Expectancy)": "0.979332566",
    "Freedom": "0.665039897",
    "Trust (Government Corruption)": "0.495260328",
    "Generosity": "0.242793396"
  },
  "Switzerland": {
    "Happiness Rank": "3",
    "Country": "Switzerland",
    "Region": "Western Europe",
    "Happiness Score": "7.559899807",
    "Economy (GDP per Capita)": "1.39077425",
    "Family (Social Support)": "1.472403407",
    "Health (Life Expectancy)": "1.040533185",
    "Freedom": "0.62895447",
    "Trust (Government Corruption)": "0.407945901",
    "Generosity": "0.269055754"
  },
  "Iceland": {
    "Happiness Rank": "4",
    "Country": "Iceland",
    "Region": "Western Europe",
    "Happiness Score": "7.504499912",
    "Economy (GDP per Capita)": "1.326501608",
    "Family (Social Support)": "1.547567487",
    "Health (Life Expectancy)": "1.000843406",
    "Freedom": "0.661980748",
    "Trust (Government Corruption)": "0.144540772",
    "Generosity": "0.362330228"
  },
  "Norway": {
    "Happiness Rank": "5",
    "Country": "Norway",
    "Region": "Western Europe",
    "Happiness Score": "7.487999916",
    "Economy (GDP per Capita)": "1.42420733",
    "Family (Social Support)": "1.495172501",
    "Health (Life Expectancy)": "1.008071899",
    "Freedom": "0.670200884",
    "Trust (Government Corruption)": "0.434100568",
    "Generosity": "0.287985086"
  },
  "Netherlands": {
    "Happiness Rank": "6",
    "Country": "Netherlands",
    "Region": "Western Europe",
    "Happiness Score": "7.448900223",
    "Economy (GDP per Capita)": "1.338946342",
    "Family (Social Support)": "1.463645935",
    "Health (Life Expectancy)": "0.975675344",
    "Freedom": "0.61362648",
    "Trust (Government Corruption)": "0.368569762",
    "Generosity": "0.336317569"
  },
  "Sweden": {
    "Happiness Rank": "7",
    "Country": "Sweden",
    "Region": "Western Europe",
    "Happiness Score": "7.353499889",
    "Economy (GDP per Capita)": "1.322235227",
    "Family (Social Support)": "1.433347702",
    "Health (Life Expectancy)": "0.986470461",
    "Freedom": "0.650297701",
    "Trust (Government Corruption)": "0.442066371",
    "Generosity": "0.272827893"
  },
  "New Zealand": {
    "Happiness Rank": "8",
    "Country": "New Zealand",
    "Region": "North America and ANZ",
    "Happiness Score": "7.299600124",
    "Economy (GDP per Capita)": "1.242317915",
    "Family (Social Support)": "1.48721838",
    "Health (Life Expectancy)": "1.008138299",
    "Freedom": "0.646789908",
    "Trust (Government Corruption)": "0.461268276",
    "Generosity": "0.325726211"
  },
  "Austria": {
    "Happiness Rank": "9",
    "Country": "Austria",
    "Region": "Western Europe",
    "Happiness Score": "7.294199944",
    "Economy (GDP per Capita)": "1.317285538",
    "Family (Social Support)": "1.437444925",
    "Health (Life Expectancy)": "1.000933528",
    "Freedom": "0.603368878",
    "Trust (Government Corruption)": "0.281256139",
    "Generosity": "0.255509764"
  },
  "Luxembourg": {
    "Happiness Rank": "10",
    "Country": "Luxembourg",
    "Region": "Western Europe",
    "Happiness Score": "7.237500191",
    "Economy (GDP per Capita)": "1.536676049",
    "Family (Social Support)": "1.387528419",
    "Health (Life Expectancy)": "0.986442685",
    "Freedom": "0.610137045",
    "Trust (Government Corruption)": "0.367041469",
    "Generosity": "0.19595392"
  },
  "Canada": {
    "Happiness Rank": "11",
    "Country": "Canada",
    "Region": "North America and ANZ",
    "Happiness Score": "7.23210001",
    "Economy (GDP per Capita)": "1.301647663",
    "Family (Social Support)": "1.435391903",
    "Health (Life Expectancy)": "1.022501945",
    "Freedom": "0.644028127",
    "Trust (Government Corruption)": "0.351701856",
    "Generosity": "0.28152892"
  },
  "Australia": {
    "Happiness Rank": "12",
    "Country": "Australia",
    "Region": "North America and ANZ",
    "Happiness Score": "7.222799778",
    "Economy (GDP per Capita)": "1.310396433",
    "Family (Social Support)": "1.477146268",
    "Health (Life Expectancy)": "1.022607684",
    "Freedom": "0.621877193",
    "Trust (Government Corruption)": "0.335996419",
    "Generosity": "0.324973613"
  },
  "United Kingdom": {
    "Happiness Rank": "13",
    "Country": "United Kingdom",
    "Region": "Western Europe",
    "Happiness Score": "7.164500237",
    "Economy (GDP per Capita)": "1.273061037",
    "Family (Social Support)": "1.457844973",
    "Health (Life Expectancy)": "0.97570008",
    "Freedom": "0.525168657",
    "Trust (Government Corruption)": "0.322601646",
    "Generosity": "0.373433441"
  },
  "Israel": {
    "Happiness Rank": "14",
    "Country": "Israel",
    "Region": "Middle East and North Africa",
    "Happiness Score": "7.128600121",
    "Economy (GDP per Capita)": "1.216463685",
    "Family (Social Support)": "1.403256774",
    "Health (Life Expectancy)": "1.008052945",
    "Freedom": "0.420699477",
    "Trust (Government Corruption)": "0.09989845",
    "Generosity": "0.266861796"
  },
  "Costa Rica": {
    "Happiness Rank": "15",
    "Country": "Costa Rica",
    "Region": "Latin America and Caribbean",
    "Happiness Score": "7.121399879",
    "Economy (GDP per Capita)": "0.981107712",
    "Family (Social Support)": "1.374853611",
    "Health (Life Expectancy)": "0.939635336",
    "Freedom": "0.645017743",
    "Trust (Government Corruption)": "0.096362092",
    "Generosity": "0.131266311"
  },
  "Ireland": {
    "Happiness Rank": "16",
    "Country": "Ireland",
    "Region": "Western Europe",
    "Happiness Score": "7.093699932",
    "Economy (GDP per Capita)": "1.446886778",
    "Family (Social Support)": "1.470596433",
    "Health (Life Expectancy)": "0.975670695",
    "Freedom": "0.587779939",
    "Trust (Government Corruption)": "0.373433262",
    "Generosity": "0.295426995"
  },
  "Germany": {
    "Happiness Rank": "17",
    "Country": "Germany",
    "Region": "Western Europe",
    "Happiness Score": "7.075799942",
    "Economy (GDP per Capita)": "1.314184546",
    "Family (Social Support)": "1.368543744",
    "Health (Life Expectancy)": "0.972114801",
    "Freedom": "0.564274132",
    "Trust (Government Corruption)": "0.309362292",
    "Generosity": "0.252037704"
  },
  "United States of America": {
    "Happiness Rank": "18",
    "Country": "United States of America",
    "Region": "North America and ANZ",
    "Happiness Score": "6.939599991",
    "Economy (GDP per Capita)": "1.37398684",
    "Family (Social Support)": "1.404786706",
    "Health (Life Expectancy)": "0.831618011",
    "Freedom": "0.534608245",
    "Trust (Government Corruption)": "0.152284741",
    "Generosity": "0.298143059"
  },
  "Czechia": {
    "Happiness Rank": "19",
    "Country": "Czechia",
    "Region": "Central and Eastern Europe",
    "Happiness Score": "6.910900116",
    "Economy (GDP per Capita)": "1.212322354",
    "Family (Social Support)": "1.40528667",
    "Health (Life Expectancy)": "0.89456445",
    "Freedom": "0.505744576",
    "Trust (Government Corruption)": "0.049803223",
    "Generosity": "0.046325929"
  },
  "Belgium": {
    "Happiness Rank": "20",
    "Country": "Belgium",
    "Region": "Western Europe",
    "Happiness Score": "6.863500118",
    "Economy (GDP per Capita)": "1.295842767",
    "Family (Social Support)": "1.398677588",
    "Health (Life Expectancy)": "0.964901149",
    "Freedom": "0.499805421",
    "Trust (Government Corruption)": "0.208724052",
    "Generosity": "0.146966159"
  },
  "United Arab Emirates": {
    "Happiness Rank": "21",
    "Country": "United Arab Emirates",
    "Region": "Middle East and North Africa",
    "Happiness Score": "6.790800095",
    "Economy (GDP per Capita)": "1.431086421",
    "Family (Social Support)": "1.251170993",
    "Health (Life Expectancy)": "0.787814438",
    "Freedom": "0.652936101",
    "Trust (Government Corruption)": "0.220213518",
    "Generosity": "0.28065598"
  },
  "Malta": {
    "Happiness Rank": "22",
    "Country": "Malta",
    "Region": "Western Europe",
    "Happiness Score": "6.772799969",
    "Economy (GDP per Capita)": "1.252513289",
    "Family (Social Support)": "1.442956924",
    "Health (Life Expectancy)": "0.972042024",
    "Freedom": "0.633239031",
    "Trust (Government Corruption)": "0.178864077",
    "Generosity": "0.341180831"
  },
  "France": {
    "Happiness Rank": "23",
    "Country": "France",
    "Region": "Western Europe",
    "Happiness Score": "6.663799763",
    "Economy (GDP per Capita)": "1.268129349",
    "Family (Social Support)": "1.458839178",
    "Health (Life Expectancy)": "1.029714227",
    "Freedom": "0.514050901",
    "Trust (Government Corruption)": "0.227303237",
    "Generosity": "0.112607703"
  },
  "Mexico": {
    "Happiness Rank": "24",
    "Country": "Mexico",
    "Region": "Latin America and Caribbean",
    "Happiness Score": "6.465000153",
    "Economy (GDP per Capita)": "1.024387479",
    "Family (Social Support)": "1.226333499",
    "Health (Life Expectancy)": "0.831601024",
    "Freedom": "0.553892553",
    "Trust (Government Corruption)": "0.083133668",
    "Generosity": "0.083094485"
  },
  "Taiwan Province of China": {
    "Happiness Rank": "25",
    "Country": "Taiwan Province of China",
    "Region": "East Asia",
    "Happiness Score": "6.45539999",
    "Economy (GDP per Capita)": "1.327470541",
    "Family (Social Support)": "1.357760668",
    "Health (Life Expectancy)": "0.878437996",
    "Freedom": "0.449404389",
    "Trust (Government Corruption)": "0.131516352",
    "Generosity": "0.150598705"
  },
  "Uruguay": {
    "Happiness Rank": "26",
    "Country": "Uruguay",
    "Region": "Latin America and Caribbean",
    "Happiness Score": "6.440100193",
    "Economy (GDP per Capita)": "1.071000457",
    "Family (Social Support)": "1.425081134",
    "Health (Life Expectancy)": "0.856928885",
    "Freedom": "0.59426707",
    "Trust (Government Corruption)": "0.193425074",
    "Generosity": "0.132143691"
  },
  "Saudi Arabia": {
    "Happiness Rank": "27",
    "Country": "Saudi Arabia",
    "Region": "Middle East and North Africa",
    "Happiness Score": "6.406499863",
    "Economy (GDP per Capita)": "1.334328532",
    "Family (Social Support)": "1.309950113",
    "Health (Life Expectancy)": "0.759818137",
    "Freedom": "0.548477471",
    "Trust (Government Corruption)": "0.163322315",
    "Generosity": "0.087440684"
  },
  "Spain": {
    "Happiness Rank": "28",
    "Country": "Spain",
    "Region": "Western Europe",
    "Happiness Score": "6.400899887",
    "Economy (GDP per Capita)": "1.230535269",
    "Family (Social Support)": "1.421099186",
    "Health (Life Expectancy)": "1.051343083",
    "Freedom": "0.425983816",
    "Trust (Government Corruption)": "0.109579779",
    "Generosity": "0.16530548"
  },
  "Guatemala": {
    "Happiness Rank": "29",
    "Country": "Guatemala",
    "Region": "Latin America and Caribbean",
    "Happiness Score": "6.398900032",
    "Economy (GDP per Capita)": "0.753815711",
    "Family (Social Support)": "1.174267054",
    "Health (Life Expectancy)": "0.705952585",
    "Freedom": "0.613146722",
    "Trust (Government Corruption)": "0.0983603",
    "Generosity": "0.170611665"
  },
  "Italy": {
    "Happiness Rank": "30",
    "Country": "Italy",
    "Region": "Western Europe",
    "Happiness Score": "6.38740015",
    "Economy (GDP per Capita)": "1.236396074",
    "Family (Social Support)": "1.347296",
    "Health (Life Expectancy)": "1.022504926",
    "Freedom": "0.321305573",
    "Trust (Government Corruption)": "0.040145598",
    "Generosity": "0.170266211"
  },
  "Singapore": {
    "Happiness Rank": "31",
    "Country": "Singapore",
    "Region": "Southeast Asia",
    "Happiness Score": "6.377099991",
    "Economy (GDP per Capita)": "1.519580126",
    "Family (Social Support)": "1.39545691",
    "Health (Life Expectancy)": "1.137814283",
    "Freedom": "0.635317206",
    "Trust (Government Corruption)": "0.533162236",
    "Generosity": "0.218770906"
  },
  "Brazil": {
    "Happiness Rank": "32",
    "Country": "Brazil",
    "Region": "Latin America and Caribbean",
    "Happiness Score": "6.375599861",
    "Economy (GDP per Capita)": "0.952679873",
    "Family (Social Support)": "1.363464117",
    "Health (Life Expectancy)": "0.766119063",
    "Freedom": "0.483292729",
    "Trust (Government Corruption)": "0.106518604",
    "Generosity": "0.131674588"
  },
  "Slovenia": {
    "Happiness Rank": "33",
    "Country": "Slovenia",
    "Region": "Central and Eastern Europe",
    "Happiness Score": "6.363399982",
    "Economy (GDP per Capita)": "1.208652496",
    "Family (Social Support)": "1.464677691",
    "Health (Life Expectancy)": "0.932548046",
    "Freedom": "0.646700144",
    "Trust (Government Corruption)": "0.076516323",
    "Generosity": "0.145701498"
  },
  "El Salvador": {
    "Happiness Rank": "34",
    "Country": "El Salvador",
    "Region": "Latin America and Caribbean",
    "Happiness Score": "6.34829998",
    "Economy (GDP per Capita)": "0.748940408",
    "Family (Social Support)": "1.149397612",
    "Health (Life Expectancy)": "0.752730012",
    "Freedom": "0.524043918",
    "Trust (Government Corruption)": "0.117030352",
    "Generosity": "0.1189363"
  },
  "Kosovo": {
    "Happiness Rank": "35",
    "Country": "Kosovo",
    "Region": "Central and Eastern Europe",
    "Happiness Score": "6.325200081",
    "Economy (GDP per Capita)": "0.840481341",
    "Family (Social Support)": "1.183962822",
    "Health (Life Expectancy)": "0.672709167",
    "Freedom": "0.557280421",
    "Trust (Government Corruption)": "0.008559024",
    "Generosity": "0.325286865"
  },
  "Panama": {
    "Happiness Rank": "36",
    "Country": "Panama",
    "Region": "Latin America and Caribbean",
    "Happiness Score": "6.304800034",
    "Economy (GDP per Capita)": "1.097667813",
    "Family (Social Support)": "1.376149297",
    "Health (Life Expectancy)": "0.878546536",
    "Freedom": "0.57984978",
    "Trust (Government Corruption)": "0.054230526",
    "Generosity": "0.097207308"
  },
  "Slovakia": {
    "Happiness Rank": "37",
    "Country": "Slovakia",
    "Region": "Central and Eastern Europe",
    "Happiness Score": "6.280600071",
    "Economy (GDP per Capita)": "1.194837689",
    "Family (Social Support)": "1.424331188",
    "Health (Life Expectancy)": "0.853465259",
    "Freedom": "0.423542529",
    "Trust (Government Corruption)": "0.011291441",
    "Generosity": "0.116729774"
  },
  "Uzbekistan": {
    "Happiness Rank": "38",
    "Country": "Uzbekistan",
    "Region": "Commonwealth of Independent States",
    "Happiness Score": "6.257599831",
    "Economy (GDP per Capita)": "0.696652949",
    "Family (Social Support)": "1.434020042",
    "Health (Life Expectancy)": "0.716703713",
    "Freedom": "0.693270326",
    "Trust (Government Corruption)": "0.280260265",
    "Generosity": "0.363311023"
  },
  "Chile": {
    "Happiness Rank": "39",
    "Country": "Chile",
    "Region": "Latin America and Caribbean",
    "Happiness Score": "6.228499889",
    "Economy (GDP per Capita)": "1.096992493",
    "Family (Social Support)": "1.323286891",
    "Health (Life Expectancy)": "0.889260828",
    "Freedom": "0.417482227",
    "Trust (Government Corruption)": "0.06284935",
    "Generosity": "0.155579001"
  },
  "Bahrain": {
    "Happiness Rank": "40",
    "Country": "Bahrain",
    "Region": "Middle East and North Africa",
    "Happiness Score": "6.227300167",
    "Economy (GDP per Capita)": "1.296692252",
    "Family (Social Support)": "1.31532371",
    "Health (Life Expectancy)": "0.838836372",
    "Freedom": "0.610399902",
    "Trust (Government Corruption)": "0.126697257",
    "Generosity": "0.287453711"
  },
  "Lithuania": {
    "Happiness Rank": "41",
    "Country": "Lithuania",
    "Region": "Central and Eastern Europe",
    "Happiness Score": "6.215499878",
    "Economy (GDP per Capita)": "1.193559647",
    "Family (Social Support)": "1.432865739",
    "Health (Life Expectancy)": "0.795421183",
    "Freedom": "0.42046079",
    "Trust (Government Corruption)": "0.081350274",
    "Generosity": "0.053691041"
  },
  "Trinidad and Tobago": {
    "Happiness Rank": "42",
    "Country": "Trinidad and Tobago",
    "Region": "Latin America and Caribbean",
    "Happiness Score": "6.191899776",
    "Economy (GDP per Capita)": "1.167641521",
    "Family (Social Support)": "1.407326221",
    "Health (Life Expectancy)": "0.658828557",
    "Freedom": "0.55293113",
    "Trust (Government Corruption)": "0.015078396",
    "Generosity": "0.199358255"
  },
  "Poland": {
    "Happiness Rank": "43",
    "Country": "Poland",
    "Region": "Central and Eastern Europe",
    "Happiness Score": "6.186299801",
    "Economy (GDP per Capita)": "1.16922915",
    "Family (Social Support)": "1.310399771",
    "Health (Life Expectancy)": "0.868038476",
    "Freedom": "0.557903528",
    "Trust (Government Corruption)": "0.160541251",
    "Generosity": "0.063374244"
  },
  "Colombia": {
    "Happiness Rank": "44",
    "Country": "Colombia",
    "Region": "Latin America and Caribbean",
    "Happiness Score": "6.163400173",
    "Economy (GDP per Capita)": "0.93220371",
    "Family (Social Support)": "1.33445096",
    "Health (Life Expectancy)": "0.810020149",
    "Freedom": "0.526890039",
    "Trust (Government Corruption)": "0.04584837",
    "Generosity": "0.092374094"
  },
  "Cyprus": {
    "Happiness Rank": "45",
    "Country": "Cyprus",
    "Region": "Western Europe",
    "Happiness Score": "6.15899992",
    "Economy (GDP per Capita)": "1.21279943",
    "Family (Social Support)": "1.149170756",
    "Health (Life Expectancy)": "1.026124597",
    "Freedom": "0.459385872",
    "Trust (Government Corruption)": "0.051207144",
    "Generosity": "0.227932334"
  },
  "Nicaragua": {
    "Happiness Rank": "46",
    "Country": "Nicaragua",
    "Region": "Latin America and Caribbean",
    "Happiness Score": "6.13710022",
    "Economy (GDP per Capita)": "0.620033145",
    "Family (Social Support)": "1.27081275",
    "Health (Life Expectancy)": "0.803093255",
    "Freedom": "0.560117304",
    "Trust (Government Corruption)": "0.174084574",
    "Generosity": "0.212871477"
  },
  "Romania": {
    "Happiness Rank": "47",
    "Country": "Romania",
    "Region": "Central and Eastern Europe",
    "Happiness Score": "6.123700142",
    "Economy (GDP per Capita)": "1.120401621",
    "Family (Social Support)": "1.1944381",
    "Health (Life Expectancy)": "0.79229486",
    "Freedom": "0.534852326",
    "Trust (Government Corruption)": "0.000829569",
    "Generosity": "0.068181619"
  },
  "Kuwait": {
    "Happiness Rank": "48",
    "Country": "Kuwait",
    "Region": "Middle East and North Africa",
    "Happiness Score": "6.102099895",
    "Economy (GDP per Capita)": "1.424833655",
    "Family (Social Support)": "1.244779825",
    "Health (Life Expectancy)": "0.776468933",
    "Freedom": "0.570261419",
    "Trust (Government Corruption)": "0.112814933",
    "Generosity": "0.132751092"
  },
  "Mauritius": {
    "Happiness Rank": "49",
    "Country": "Mauritius",
    "Region": "Sub-Saharan Africa",
    "Happiness Score": "6.101299763",
    "Economy (GDP per Capita)": "1.07366395",
    "Family (Social Support)": "1.395666838",
    "Health (Life Expectancy)": "0.763389409",
    "Freedom": "0.590838134",
    "Trust (Government Corruption)": "0.084088229",
    "Generosity": "0.186894551"
  },
  "Kazakhstan": {
    "Happiness Rank": "50",
    "Country": "Kazakhstan",
    "Region": "Commonwealth of Independent States",
    "Happiness Score": "6.057899952",
    "Economy (GDP per Capita)": "1.122594237",
    "Family (Social Support)": "1.453267694",
    "Health (Life Expectancy)": "0.698788941",
    "Freedom": "0.497432142",
    "Trust (Government Corruption)": "0.110463686",
    "Generosity": "0.153713793"
  },
  "Estonia": {
    "Happiness Rank": "51",
    "Country": "Estonia",
    "Region": "Central and Eastern Europe",
    "Happiness Score": "6.021800041",
    "Economy (GDP per Capita)": "1.192441225",
    "Family (Social Support)": "1.453232527",
    "Health (Life Expectancy)": "0.842615008",
    "Freedom": "0.576664805",
    "Trust (Government Corruption)": "0.201766819",
    "Generosity": "0.125136748"
  },
  "Philippines": {
    "Happiness Rank": "52",
    "Country": "Philippines",
    "Region": "Southeast Asia",
    "Happiness Score": "6.006000042",
    "Economy (GDP per Capita)": "0.775120676",
    "Family (Social Support)": "1.245381713",
    "Health (Life Expectancy)": "0.602189481",
    "Freedom": "0.621915162",
    "Trust (Government Corruption)": "0.130385727",
    "Generosity": "0.129260212"
  },
  "Hungary": {
    "Happiness Rank": "53",
    "Country": "Hungary",
    "Region": "Central and Eastern Europe",
    "Happiness Score": "6.000400066",
    "Economy (GDP per Capita)": "1.164307117",
    "Family (Social Support)": "1.423009396",
    "Health (Life Expectancy)": "0.806793869",
    "Freedom": "0.386401802",
    "Trust (Government Corruption)": "0.027548173",
    "Generosity": "0.070491239"
  },
  "Thailand": {
    "Happiness Rank": "54",
    "Country": "Thailand",
    "Region": "Southeast Asia",
    "Happiness Score": "5.998799801",
    "Economy (GDP per Capita)": "1.007029295",
    "Family (Social Support)": "1.347519517",
    "Health (Life Expectancy)": "0.793855846",
    "Freedom": "0.609449804",
    "Trust (Government Corruption)": "0.031837862",
    "Generosity": "0.376709014"
  },
  "Argentina": {
    "Happiness Rank": "55",
    "Country": "Argentina",
    "Region": "Latin America and Caribbean",
    "Happiness Score": "5.974699974",
    "Economy (GDP per Capita)": "1.028465629",
    "Family (Social Support)": "1.372543693",
    "Health (Life Expectancy)": "0.849773705",
    "Freedom": "0.520840347",
    "Trust (Government Corruption)": "0.060415059",
    "Generosity": "0.070100471"
  },
  "Honduras": {
    "Happiness Rank": "56",
    "Country": "Honduras",
    "Region": "Latin America and Caribbean",
    "Happiness Score": "5.953199863",
    "Economy (GDP per Capita)": "0.598763585",
    "Family (Social Support)": "1.186664104",
    "Health (Life Expectancy)": "0.791989982",
    "Freedom": "0.568148077",
    "Trust (Government Corruption)": "0.086807102",
    "Generosity": "0.256528199"
  },
  "Latvia": {
    "Happiness Rank": "57",
    "Country": "Latvia",
    "Region": "Central and Eastern Europe",
    "Happiness Score": "5.949999809",
    "Economy (GDP per Capita)": "1.14139545",
    "Family (Social Support)": "1.414398789",
    "Health (Life Expectancy)": "0.777902424",
    "Freedom": "0.329198807",
    "Trust (Government Corruption)": "0.090391524",
    "Generosity": "0.075407945"
  },
  "Ecuador": {
    "Happiness Rank": "58",
    "Country": "Ecuador",
    "Region": "Latin America and Caribbean",
    "Happiness Score": "5.925199986",
    "Economy (GDP per Capita)": "0.853383601",
    "Family (Social Support)": "1.221027613",
    "Health (Life Expectancy)": "0.838837743",
    "Freedom": "0.555234551",
    "Trust (Government Corruption)": "0.086753383",
    "Generosity": "0.115006477"
  },
  "Portugal": {
    "Happiness Rank": "59",
    "Country": "Portugal",
    "Region": "Western Europe",
    "Happiness Score": "5.910900116",
    "Economy (GDP per Capita)": "1.168800831",
    "Family (Social Support)": "1.339530349",
    "Health (Life Expectancy)": "0.979315281",
    "Freedom": "0.589895189",
    "Trust (Government Corruption)": "0.027733466",
    "Generosity": "0.053036947"
  },
  "Jamaica": {
    "Happiness Rank": "60",
    "Country": "Jamaica",
    "Region": "Latin America and Caribbean",
    "Happiness Score": "5.889800072",
    "Economy (GDP per Capita)": "0.779058397",
    "Family (Social Support)": "1.408289194",
    "Health (Life Expectancy)": "0.788434088",
    "Freedom": "0.553124607",
    "Trust (Government Corruption)": "0.030147785",
    "Generosity": "0.116268493"
  },
  "South Korea": {
    "Happiness Rank": "61",
    "Country": "South Korea",
    "Region": "East Asia",
    "Happiness Score": "5.872399807",
    "Economy (GDP per Capita)": "1.245300651",
    "Family (Social Support)": "1.133560538",
    "Health (Life Expectancy)": "1.022542596",
    "Freedom": "0.25935635",
    "Trust (Government Corruption)": "0.094596282",
    "Generosity": "0.170303866"
  },
  "Japan": {
    "Happiness Rank": "62",
    "Country": "Japan",
    "Region": "East Asia",
    "Happiness Score": "5.870800018",
    "Economy (GDP per Capita)": "1.26672411",
    "Family (Social Support)": "1.332338691",
    "Health (Life Expectancy)": "1.072881341",
    "Freedom": "0.495465875",
    "Trust (Government Corruption)": "0.181439638",
    "Generosity": "0.03571178"
  },
  "Peru": {
    "Happiness Rank": "63",
    "Country": "Peru",
    "Region": "Latin America and Caribbean",
    "Happiness Score": "5.796800137",
    "Economy (GDP per Capita)": "0.91854918",
    "Family (Social Support)": "1.208405972",
    "Health (Life Expectancy)": "0.824444175",
    "Freedom": "0.513210058",
    "Trust (Government Corruption)": "0.02703266",
    "Generosity": "0.091611817"
  },
  "Serbia": {
    "Happiness Rank": "64",
    "Country": "Serbia",
    "Region": "Central and Eastern Europe",
    "Happiness Score": "5.77820015",
    "Economy (GDP per Capita)": "0.988181829",
    "Family (Social Support)": "1.327448964",
    "Health (Life Expectancy)": "0.828403294",
    "Freedom": "0.395428419",
    "Trust (Government Corruption)": "0.059447147",
    "Generosity": "0.15028289"
  },
  "Bolivia": {
    "Happiness Rank": "65",
    "Country": "Bolivia",
    "Region": "Latin America and Caribbean",
    "Happiness Score": "5.747499943",
    "Economy (GDP per Capita)": "0.730976343",
    "Family (Social Support)": "1.142350554",
    "Health (Life Expectancy)": "0.662445664",
    "Freedom": "0.5744645",
    "Trust (Government Corruption)": "0.072942637",
    "Generosity": "0.138375074"
  },
  "Pakistan": {
    "Happiness Rank": "66",
    "Country": "Pakistan",
    "Region": "South Asia",
    "Happiness Score": "5.69329977",
    "Economy (GDP per Capita)": "0.616799474",
    "Family (Social Support)": "0.872979581",
    "Health (Life Expectancy)": "0.469933242",
    "Freedom": "0.405421734",
    "Trust (Government Corruption)": "0.122592121",
    "Generosity": "0.228705063"
  },
  "Paraguay": {
    "Happiness Rank": "67",
    "Country": "Paraguay",
    "Region": "Latin America and Caribbean",
    "Happiness Score": "5.692100048",
    "Economy (GDP per Capita)": "0.897990823",
    "Family (Social Support)": "1.36819756",
    "Health (Life Expectancy)": "0.735869646",
    "Freedom": "0.586510062",
    "Trust (Government Corruption)": "0.065077379",
    "Generosity": "0.204299241"
  },
  "Dominican Republic": {
    "Happiness Rank": "68",
    "Country": "Dominican Republic",
    "Region": "Latin America and Caribbean",
    "Happiness Score": "5.689199924",
    "Economy (GDP per Capita)": "0.983191848",
    "Family (Social Support)": "1.328888893",
    "Health (Life Expectancy)": "0.741901696",
    "Freedom": "0.5628739",
    "Trust (Government Corruption)": "0.115945682",
    "Generosity": "0.112196781"
  },
  "Bosnia and Herz.": {
    "Happiness Rank": "69",
    "Country": "Bosnia and Herz.",
    "Region": "Central and Eastern Europe",
    "Happiness Score": "5.674099922",
    "Economy (GDP per Capita)": "0.91839546",
    "Family (Social Support)": "1.203986526",
    "Health (Life Expectancy)": "0.813928187",
    "Freedom": "0.305365741",
    "Trust (Government Corruption)": "0.001172487",
    "Generosity": "0.264005244"
  },
  "Moldova": {
    "Happiness Rank": "70",
    "Country": "Moldova",
    "Region": "Commonwealth of Independent States",
    "Happiness Score": "5.607500076",
    "Economy (GDP per Capita)": "0.707916796",
    "Family (Social Support)": "1.237312198",
    "Health (Life Expectancy)": "0.713299453",
    "Freedom": "0.389571488",
    "Trust (Government Corruption)": "0.014378744",
    "Generosity": "0.174049184"
  },
  "Tajikistan": {
    "Happiness Rank": "71",
    "Country": "Tajikistan",
    "Region": "Commonwealth of Independent States",
    "Happiness Score": "5.555699825",
    "Economy (GDP per Capita)": "0.474874616",
    "Family (Social Support)": "1.218377709",
    "Health (Life Expectancy)": "0.680594802",
    "Freedom": "0.521141171",
    "Trust (Government Corruption)": "0.221779913",
    "Generosity": "0.182417125"
  },
  "Montenegro": {
    "Happiness Rank": "72",
    "Country": "Montenegro",
    "Region": "Central and Eastern Europe",
    "Happiness Score": "5.54610014",
    "Economy (GDP per Capita)": "1.010150075",
    "Family (Social Support)": "1.265657902",
    "Health (Life Expectancy)": "0.839028895",
    "Freedom": "0.303223848",
    "Trust (Government Corruption)": "0.098435111",
    "Generosity": "0.14901033"
  },
  "Russia": {
    "Happiness Rank": "73",
    "Country": "Russia",
    "Region": "Commonwealth of Independent States",
    "Happiness Score": "5.546000004",
    "Economy (GDP per Capita)": "1.126999617",
    "Family (Social Support)": "1.378644109",
    "Health (Life Expectancy)": "0.68044591",
    "Freedom": "0.399499595",
    "Trust (Government Corruption)": "0.045699362",
    "Generosity": "0.099041916"
  },
  "Kyrgyzstan": {
    "Happiness Rank": "74",
    "Country": "Kyrgyzstan",
    "Region": "Commonwealth of Independent States",
    "Happiness Score": "5.541500092",
    "Economy (GDP per Capita)": "0.513180971",
    "Family (Social Support)": "1.341036677",
    "Health (Life Expectancy)": "0.680645883",
    "Freedom": "0.614617765",
    "Trust (Government Corruption)": "0.030466691",
    "Generosity": "0.30137074"
  },
  "Belarus": {
    "Happiness Rank": "75",
    "Country": "Belarus",
    "Region": "Commonwealth of Independent States",
    "Happiness Score": "5.539899826",
    "Economy (GDP per Capita)": "1.018854499",
    "Family (Social Support)": "1.38713932",
    "Health (Life Expectancy)": "0.75258857",
    "Freedom": "0.290755868",
    "Trust (Government Corruption)": "0.193607435",
    "Generosity": "0.08993306"
  },
  "North Cyprus": {
    "Happiness Rank": "76",
    "Country": "North Cyprus",
    "Region": "Western Europe",
    "Happiness Score": "5.53550005",
    "Economy (GDP per Capita)": "1.21279943",
    "Family (Social Support)": "1.183089137",
    "Health (Life Expectancy)": "1.026124597",
    "Freedom": "0.477885723",
    "Trust (Government Corruption)": "0.199802905",
    "Generosity": "0.199160054"
  },
  "Greece": {
    "Happiness Rank": "77",
    "Country": "Greece",
    "Region": "Western Europe",
    "Happiness Score": "5.514999866",
    "Economy (GDP per Capita)": "1.128070116",
    "Family (Social Support)": "1.168973565",
    "Health (Life Expectancy)": "0.979431748",
    "Freedom": "0.173516348",
    "Trust (Government Corruption)": "0.048844352",
    "Generosity": "0"
  },
  "Hong Kong S.A.R. of China": {
    "Happiness Rank": "78",
    "Country": "Hong Kong S.A.R. of China",
    "Region": "East Asia",
    "Happiness Score": "5.510399818",
    "Economy (GDP per Capita)": "1.376746058",
    "Family (Social Support)": "1.243584275",
    "Health (Life Expectancy)": "1.136630654",
    "Freedom": "0.459356517",
    "Trust (Government Corruption)": "0.332485437",
    "Generosity": "0.288280904"
  },
  "Croatia": {
    "Happiness Rank": "79",
    "Country": "Croatia",
    "Region": "Central and Eastern Europe",
    "Happiness Score": "5.504700184",
    "Economy (GDP per Capita)": "1.109024286",
    "Family (Social Support)": "1.311264873",
    "Health (Life Expectancy)": "0.900575578",
    "Freedom": "0.381456882",
    "Trust (Government Corruption)": "0.012325006",
    "Generosity": "0.113998979"
  },
  "Libya": {
    "Happiness Rank": "80",
    "Country": "Libya",
    "Region": "Middle East and North Africa",
    "Happiness Score": "5.488800049",
    "Economy (GDP per Capita)": "1.021913767",
    "Family (Social Support)": "1.196283698",
    "Health (Life Expectancy)": "0.615626633",
    "Freedom": "0.451354057",
    "Trust (Government Corruption)": "0.172258079",
    "Generosity": "0.142757699"
  },
  "Mongolia": {
    "Happiness Rank": "81",
    "Country": "Mongolia",
    "Region": "East Asia",
    "Happiness Score": "5.456200123",
    "Economy (GDP per Capita)": "0.904872775",
    "Family (Social Support)": "1.458930612",
    "Health (Life Expectancy)": "0.615788162",
    "Freedom": "0.355703115",
    "Trust (Government Corruption)": "0.046533126",
    "Generosity": "0.263885736"
  },
  "Malaysia": {
    "Happiness Rank": "82",
    "Country": "Malaysia",
    "Region": "Southeast Asia",
    "Happiness Score": "5.384300232",
    "Economy (GDP per Capita)": "1.168421626",
    "Family (Social Support)": "1.17400229",
    "Health (Life Expectancy)": "0.788511872",
    "Freedom": "0.596941531",
    "Trust (Government Corruption)": "0.062163133",
    "Generosity": "0.274886161"
  },
  "Vietnam": {
    "Happiness Rank": "83",
    "Country": "Vietnam",
    "Region": "Southeast Asia",
    "Happiness Score": "5.353499889",
    "Economy (GDP per Capita)": "0.718092382",
    "Family (Social Support)": "1.253074765",
    "Health (Life Expectancy)": "0.819133997",
    "Freedom": "0.650835574",
    "Trust (Government Corruption)": "0.089848459",
    "Generosity": "0.136488721"
  },
  "Indonesia": {
    "Happiness Rank": "84",
    "Country": "Indonesia",
    "Region": "Southeast Asia",
    "Happiness Score": "5.285600185",
    "Economy (GDP per Capita)": "0.891720712",
    "Family (Social Support)": "1.154800892",
    "Health (Life Expectancy)": "0.610437036",
    "Freedom": "0.568161428",
    "Trust (Government Corruption)": "0.038278613",
    "Generosity": "0.542646527"
  },
  "Côte d'Ivoire": {
    "Happiness Rank": "85",
    "Country": "Côte d'Ivoire",
    "Region": "Sub-Saharan Africa",
    "Happiness Score": "5.233300209",
    "Economy (GDP per Capita)": "0.537094414",
    "Family (Social Support)": "0.799727261",
    "Health (Life Expectancy)": "0.154942513",
    "Freedom": "0.397122532",
    "Trust (Government Corruption)": "0.093495794",
    "Generosity": "0.169915587"
  },
  "Benin": {
    "Happiness Rank": "86",
    "Country": "Benin",
    "Region": "Sub-Saharan Africa",
    "Happiness Score": "5.21600008",
    "Economy (GDP per Capita)": "0.366244704",
    "Family (Social Support)": "0.352428436",
    "Health (Life Expectancy)": "0.328062952",
    "Freedom": "0.40583989",
    "Trust (Government Corruption)": "0.125931874",
    "Generosity": "0.196670428"
  },
  "Maldives": {
    "Happiness Rank": "87",
    "Country": "Maldives",
    "Region": "South Asia",
    "Happiness Score": "5.197599888",
    "Economy (GDP per Capita)": "0.937864304",
    "Family (Social Support)": "1.402287602",
    "Health (Life Expectancy)": "0.914439559",
    "Freedom": "0.548203647",
    "Trust (Government Corruption)": "0.071906492",
    "Generosity": "0.224198252"
  },
  "Congo": {
    "Happiness Rank": "88",
    "Country": "Congo",
    "Region": "Sub-Saharan Africa",
    "Happiness Score": "5.194399834",
    "Economy (GDP per Capita)": "0.633616745",
    "Family (Social Support)": "0.757636011",
    "Health (Life Expectancy)": "0.458101124",
    "Freedom": "0.386514395",
    "Trust (Government Corruption)": "0.118670784",
    "Generosity": "0.117216013"
  },
  "Azerbaijan": {
    "Happiness Rank": "89",
    "Country": "Azerbaijan",
    "Region": "Commonwealth of Independent States",
    "Happiness Score": "5.164800167",
    "Economy (GDP per Capita)": "0.990272701",
    "Family (Social Support)": "1.180613041",
    "Health (Life Expectancy)": "0.731134057",
    "Freedom": "0.467734724",
    "Trust (Government Corruption)": "0.247307181",
    "Generosity": "0.040113214"
  },
  "Macedonia": {
    "Happiness Rank": "90",
    "Country": "Macedonia",
    "Region": "Central and Eastern Europe",
    "Happiness Score": "5.159800053",
    "Economy (GDP per Capita)": "0.935371995",
    "Family (Social Support)": "1.183173537",
    "Health (Life Expectancy)": "0.802994132",
    "Freedom": "0.410224587",
    "Trust (Government Corruption)": "0.024595059",
    "Generosity": "0.18586354"
  },
  "Ghana": {
    "Happiness Rank": "91",
    "Country": "Ghana",
    "Region": "Sub-Saharan Africa",
    "Happiness Score": "5.147999763",
    "Economy (GDP per Capita)": "0.575862467",
    "Family (Social Support)": "0.96636796",
    "Health (Life Expectancy)": "0.432162255",
    "Freedom": "0.477290064",
    "Trust (Government Corruption)": "0.056570381",
    "Generosity": "0.261291206"
  },
  "Nepal": {
    "Happiness Rank": "92",
    "Country": "Nepal",
    "Region": "South Asia",
    "Happiness Score": "5.137199879",
    "Economy (GDP per Capita)": "0.444050372",
    "Family (Social Support)": "1.100789309",
    "Health (Life Expectancy)": "0.66887939",
    "Freedom": "0.480608255",
    "Trust (Government Corruption)": "0.127502963",
    "Generosity": "0.300971806"
  },
  "Turkey": {
    "Happiness Rank": "93",
    "Country": "Turkey",
    "Region": "Middle East and North Africa",
    "Happiness Score": "5.131800175",
    "Economy (GDP per Capita)": "1.127169251",
    "Family (Social Support)": "1.197159171",
    "Health (Life Expectancy)": "0.781335294",
    "Freedom": "0.25440076",
    "Trust (Government Corruption)": "0.120983243",
    "Generosity": "0.085885569"
  },
  "China": {
    "Happiness Rank": "94",
    "Country": "China",
    "Region": "East Asia",
    "Happiness Score": "5.123899937",
    "Economy (GDP per Capita)": "0.990533412",
    "Family (Social Support)": "1.132080674",
    "Health (Life Expectancy)": "0.867248535",
    "Freedom": "0.601605117",
    "Trust (Government Corruption)": "0.117255554",
    "Generosity": "0.079021044"
  },
  "Turkmenistan": {
    "Happiness Rank": "95",
    "Country": "Turkmenistan",
    "Region": "Commonwealth of Independent States",
    "Happiness Score": "5.119100094",
    "Economy (GDP per Capita)": "1.008963585",
    "Family (Social Support)": "1.510476947",
    "Health (Life Expectancy)": "0.612448037",
    "Freedom": "0.515236676",
    "Trust (Government Corruption)": "0.03350389",
    "Generosity": "0.323129326"
  },
  "Bulgaria": {
    "Happiness Rank": "96",
    "Country": "Bulgaria",
    "Region": "Central and Eastern Europe",
    "Happiness Score": "5.101500034",
    "Economy (GDP per Capita)": "1.046554685",
    "Family (Social Support)": "1.460578918",
    "Health (Life Expectancy)": "0.777776897",
    "Freedom": "0.417820066",
    "Trust (Government Corruption)": "0",
    "Generosity": "0.103833713"
  },
  "Morocco": {
    "Happiness Rank": "97",
    "Country": "Morocco",
    "Region": "Middle East and North Africa",
    "Happiness Score": "5.094799995",
    "Economy (GDP per Capita)": "0.75862211",
    "Family (Social Support)": "0.645208478",
    "Health (Life Expectancy)": "0.745096922",
    "Freedom": "0.450054139",
    "Trust (Government Corruption)": "0.077385604",
    "Generosity": "0.040032551"
  },
  "Cameroon": {
    "Happiness Rank": "98",
    "Country": "Cameroon",
    "Region": "Sub-Saharan Africa",
    "Happiness Score": "5.084899902",
    "Economy (GDP per Capita)": "0.503958046",
    "Family (Social Support)": "0.89972645",
    "Health (Life Expectancy)": "0.270189553",
    "Freedom": "0.439242482",
    "Trust (Government Corruption)": "0.054393422",
    "Generosity": "0.198020101"
  },
  "Venezuela": {
    "Happiness Rank": "99",
    "Country": "Venezuela",
    "Region": "Latin America and Caribbean",
    "Happiness Score": "5.053199768",
    "Economy (GDP per Capita)": "0.770238638",
    "Family (Social Support)": "1.348546863",
    "Health (Life Expectancy)": "0.76702553",
    "Freedom": "0.271717221",
    "Trust (Government Corruption)": "0.063624777",
    "Generosity": "0.087179154"
  },
  "Algeria": {
    "Happiness Rank": "100",
    "Country": "Algeria",
    "Region": "Middle East and North Africa",
    "Happiness Score": "5.005099773",
    "Economy (GDP per Capita)": "0.943856001",
    "Family (Social Support)": "1.143003583",
    "Health (Life Expectancy)": "0.745418549",
    "Freedom": "0.083943799",
    "Trust (Government Corruption)": "0.129190654",
    "Generosity": "0.118915014"
  },
  "Senegal": {
    "Happiness Rank": "101",
    "Country": "Senegal",
    "Region": "Sub-Saharan Africa",
    "Happiness Score": "4.980800152",
    "Economy (GDP per Capita)": "0.504061818",
    "Family (Social Support)": "0.95459342",
    "Health (Life Expectancy)": "0.518391907",
    "Freedom": "0.352400899",
    "Trust (Government Corruption)": "0.081865937",
    "Generosity": "0.164397135"
  },
  "Guinea": {
    "Happiness Rank": "102",
    "Country": "Guinea",
    "Region": "Sub-Saharan Africa",
    "Happiness Score": "4.949299812",
    "Economy (GDP per Capita)": "0.390007734",
    "Family (Social Support)": "0.75136596",
    "Health (Life Expectancy)": "0.333655238",
    "Freedom": "0.371878058",
    "Trust (Government Corruption)": "0.112204559",
    "Generosity": "0.249490842"
  },
  "Niger": {
    "Happiness Rank": "103",
    "Country": "Niger",
    "Region": "Sub-Saharan Africa",
    "Happiness Score": "4.909599781",
    "Economy (GDP per Capita)": "0.108330332",
    "Family (Social Support)": "0.703800142",
    "Health (Life Expectancy)": "0.298816353",
    "Freedom": "0.435311615",
    "Trust (Government Corruption)": "0.137554765",
    "Generosity": "0.208176896"
  },
  "Laos": {
    "Happiness Rank": "104",
    "Country": "Laos",
    "Region": "Southeast Asia",
    "Happiness Score": "4.888599873",
    "Economy (GDP per Capita)": "0.714693844",
    "Family (Social Support)": "0.987391889",
    "Health (Life Expectancy)": "0.486378282",
    "Freedom": "0.612027287",
    "Trust (Government Corruption)": "0.194273964",
    "Generosity": "0.27266711"
  },
  "Albania": {
    "Happiness Rank": "105",
    "Country": "Albania",
    "Region": "Central and Eastern Europe",
    "Happiness Score": "4.882699966",
    "Economy (GDP per Capita)": "0.906653047",
    "Family (Social Support)": "0.830483913",
    "Health (Life Expectancy)": "0.846329629",
    "Freedom": "0.461945891",
    "Trust (Government Corruption)": "0.025361285",
    "Generosity": "0.171027765"
  },
  "Cambodia": {
    "Happiness Rank": "106",
    "Country": "Cambodia",
    "Region": "Southeast Asia",
    "Happiness Score": "4.848400116",
    "Economy (GDP per Capita)": "0.544634938",
    "Family (Social Support)": "1.071426034",
    "Health (Life Expectancy)": "0.587904334",
    "Freedom": "0.674940348",
    "Trust (Government Corruption)": "0.072837502",
    "Generosity": "0.233342081"
  },
  "Bangladesh": {
    "Happiness Rank": "107",
    "Country": "Bangladesh",
    "Region": "South Asia",
    "Happiness Score": "4.832799911",
    "Economy (GDP per Capita)": "0.556156278",
    "Family (Social Support)": "0.868800581",
    "Health (Life Expectancy)": "0.694940507",
    "Freedom": "0.604130566",
    "Trust (Government Corruption)": "0.176735908",
    "Generosity": "0.176745117"
  },
  "Gabon": {
    "Happiness Rank": "108",
    "Country": "Gabon",
    "Region": "Sub-Saharan Africa",
    "Happiness Score": "4.829299927",
    "Economy (GDP per Capita)": "0.988044381",
    "Family (Social Support)": "1.10639751",
    "Health (Life Expectancy)": "0.522574842",
    "Freedom": "0.369459897",
    "Trust (Government Corruption)": "0.055804539",
    "Generosity": "0.052013602"
  },
  "South Africa": {
    "Happiness Rank": "109",
    "Country": "South Africa",
    "Region": "Sub-Saharan Africa",
    "Happiness Score": "4.814099789",
    "Economy (GDP per Capita)": "0.902140439",
    "Family (Social Support)": "1.259086251",
    "Health (Life Expectancy)": "0.407034069",
    "Freedom": "0.43478182",
    "Trust (Government Corruption)": "0.05950214",
    "Generosity": "0.126406848"
  },
  "Iraq": {
    "Happiness Rank": "110",
    "Country": "Iraq",
    "Region": "Middle East and North Africa",
    "Happiness Score": "4.784800053",
    "Economy (GDP per Capita)": "0.982018709",
    "Family (Social Support)": "1.011466622",
    "Health (Life Expectancy)": "0.529350698",
    "Freedom": "0.283588052",
    "Trust (Government Corruption)": "0.073164992",
    "Generosity": "0.153002068"
  },
  "Lebanon": {
    "Happiness Rank": "111",
    "Country": "Lebanon",
    "Region": "Middle East and North Africa",
    "Happiness Score": "4.771500111",
    "Economy (GDP per Capita)": "0.889232516",
    "Family (Social Support)": "1.19249332",
    "Health (Life Expectancy)": "0.788671136",
    "Freedom": "0.18551667",
    "Trust (Government Corruption)": "0.021518147",
    "Generosity": "0.158524141"
  },
  "Burkina Faso": {
    "Happiness Rank": "112",
    "Country": "Burkina Faso",
    "Region": "Sub-Saharan Africa",
    "Happiness Score": "4.768700123",
    "Economy (GDP per Capita)": "0.302467644",
    "Family (Social Support)": "0.9293859",
    "Health (Life Expectancy)": "0.312833875",
    "Freedom": "0.322398156",
    "Trust (Government Corruption)": "0.126408055",
    "Generosity": "0.186390609"
  },
  "Gambia": {
    "Happiness Rank": "113",
    "Country": "Gambia",
    "Region": "Sub-Saharan Africa",
    "Happiness Score": "4.750599861",
    "Economy (GDP per Capita)": "0.256990552",
    "Family (Social Support)": "0.882678688",
    "Health (Life Expectancy)": "0.353247881",
    "Freedom": "0.403419524",
    "Trust (Government Corruption)": "0.158093795",
    "Generosity": "0.425989687"
  },
  "Mali": {
    "Happiness Rank": "114",
    "Country": "Mali",
    "Region": "Sub-Saharan Africa",
    "Happiness Score": "4.729300022",
    "Economy (GDP per Capita)": "0.352462649",
    "Family (Social Support)": "0.97314173",
    "Health (Life Expectancy)": "0.234981522",
    "Freedom": "0.377534449",
    "Trust (Government Corruption)": "0.062146276",
    "Generosity": "0.16966705"
  },
  "Nigeria": {
    "Happiness Rank": "115",
    "Country": "Nigeria",
    "Region": "Sub-Saharan Africa",
    "Happiness Score": "4.724100113",
    "Economy (GDP per Capita)": "0.645901859",
    "Family (Social Support)": "0.986717939",
    "Health (Life Expectancy)": "0.167835936",
    "Freedom": "0.435079455",
    "Trust (Government Corruption)": "0.047589935",
    "Generosity": "0.221328124"
  },
  "Armenia": {
    "Happiness Rank": "116",
    "Country": "Armenia",
    "Region": "Commonwealth of Independent States",
    "Happiness Score": "4.676799774",
    "Economy (GDP per Capita)": "0.808262408",
    "Family (Social Support)": "1.034576893",
    "Health (Life Expectancy)": "0.77585727",
    "Freedom": "0.378075808",
    "Trust (Government Corruption)": "0.104618184",
    "Generosity": "0.107225738"
  },
  "Georgia": {
    "Happiness Rank": "117",
    "Country": "Georgia",
    "Region": "Commonwealth of Independent States",
    "Happiness Score": "4.672599792",
    "Economy (GDP per Capita)": "0.847198069",
    "Family (Social Support)": "0.7311939",
    "Health (Life Expectancy)": "0.694657624",
    "Freedom": "0.485494107",
    "Trust (Government Corruption)": "0.174088076",
    "Generosity": "0.047609735"
  },
  "Iran": {
    "Happiness Rank": "118",
    "Country": "Iran",
    "Region": "Middle East and North Africa",
    "Happiness Score": "4.672399998",
    "Economy (GDP per Capita)": "1.029322505",
    "Family (Social Support)": "0.886271179",
    "Health (Life Expectancy)": "0.749053836",
    "Freedom": "0.301195472",
    "Trust (Government Corruption)": "0.142651513",
    "Generosity": "0.27697894"
  },
  "Jordan": {
    "Happiness Rank": "119",
    "Country": "Jordan",
    "Region": "Middle East and North Africa",
    "Happiness Score": "4.633399963",
    "Economy (GDP per Capita)": "0.785179198",
    "Family (Social Support)": "1.140118599",
    "Health (Life Expectancy)": "0.777624726",
    "Freedom": "0.424855083",
    "Trust (Government Corruption)": "0.151878625",
    "Generosity": "0.091494769"
  },
  "Mozambique": {
    "Happiness Rank": "120",
    "Country": "Mozambique",
    "Region": "Sub-Saharan Africa",
    "Happiness Score": "4.623600006",
    "Economy (GDP per Capita)": "0.178741366",
    "Family (Social Support)": "0.955202878",
    "Health (Life Expectancy)": "0.324223638",
    "Freedom": "0.56077534",
    "Trust (Government Corruption)": "0.163064316",
    "Generosity": "0.220422104"
  },
  "Kenya": {
    "Happiness Rank": "121",
    "Country": "Kenya",
    "Region": "Sub-Saharan Africa",
    "Happiness Score": "4.583000183",
    "Economy (GDP per Capita)": "0.476413399",
    "Family (Social Support)": "0.905077755",
    "Health (Life Expectancy)": "0.536312759",
    "Freedom": "0.519180536",
    "Trust (Government Corruption)": "0.067201078",
    "Generosity": "0.393902093"
  },
  "Namibia": {
    "Happiness Rank": "122",
    "Country": "Namibia",
    "Region": "Sub-Saharan Africa",
    "Happiness Score": "4.571100235",
    "Economy (GDP per Capita)": "0.84008199",
    "Family (Social Support)": "1.245738149",
    "Health (Life Expectancy)": "0.40687117",
    "Freedom": "0.444598973",
    "Trust (Government Corruption)": "0.054320343",
    "Generosity": "0.076454483"
  },
  "Ukraine": {
    "Happiness Rank": "123",
    "Country": "Ukraine",
    "Region": "Commonwealth of Independent States",
    "Happiness Score": "4.56069994",
    "Economy (GDP per Capita)": "0.780434608",
    "Family (Social Support)": "1.321316481",
    "Health (Life Expectancy)": "0.698674381",
    "Freedom": "0.319423705",
    "Trust (Government Corruption)": "0.00965116",
    "Generosity": "0.178551316"
  },
  "Liberia": {
    "Happiness Rank": "124",
    "Country": "Liberia",
    "Region": "Sub-Saharan Africa",
    "Happiness Score": "4.557899952",
    "Economy (GDP per Capita)": "0.174103007",
    "Family (Social Support)": "0.920733929",
    "Health (Life Expectancy)": "0.392284274",
    "Freedom": "0.405943096",
    "Trust (Government Corruption)": "0.051139876",
    "Generosity": "0.226967871"
  },
  "Palestinian Territories": {
    "Happiness Rank": "125",
    "Country": "Palestinian Territories",
    "Region": "Middle East and North Africa",
    "Happiness Score": "4.552800179",
    "Economy (GDP per Capita)": "0.587819219",
    "Family (Social Support)": "1.194755554",
    "Health (Life Expectancy)": "0.613826573",
    "Freedom": "0.29870075",
    "Trust (Government Corruption)": "0.071913652",
    "Generosity": "0.091816261"
  },
  "Uganda": {
    "Happiness Rank": "126",
    "Country": "Uganda",
    "Region": "Sub-Saharan Africa",
    "Happiness Score": "4.43200016",
    "Economy (GDP per Capita)": "0.312337428",
    "Family (Social Support)": "1.052327394",
    "Health (Life Expectancy)": "0.378311664",
    "Freedom": "0.401682556",
    "Trust (Government Corruption)": "0.063818842",
    "Generosity": "0.264807373"
  },
  "Chad": {
    "Happiness Rank": "127",
    "Country": "Chad",
    "Region": "Sub-Saharan Africa",
    "Happiness Score": "4.422699928",
    "Economy (GDP per Capita)": "0.302287489",
    "Family (Social Support)": "0.739118278",
    "Health (Life Expectancy)": "0.1087441",
    "Freedom": "0.228601769",
    "Trust (Government Corruption)": "0.085755408",
    "Generosity": "0.210805088"
  },
  "Tunisia": {
    "Happiness Rank": "128",
    "Country": "Tunisia",
    "Region": "Middle East and North Africa",
    "Happiness Score": "4.392199993",
    "Economy (GDP per Capita)": "0.874742687",
    "Family (Social Support)": "0.872167706",
    "Health (Life Expectancy)": "0.781156719",
    "Freedom": "0.235860556",
    "Trust (Government Corruption)": "0.043899573",
    "Generosity": "0.055881143"
  },
  "Mauritania": {
    "Happiness Rank": "129",
    "Country": "Mauritania",
    "Region": "Sub-Saharan Africa",
    "Happiness Score": "4.374599934",
    "Economy (GDP per Capita)": "0.539684892",
    "Family (Social Support)": "1.113323569",
    "Health (Life Expectancy)": "0.425184816",
    "Freedom": "0.185714483",
    "Trust (Government Corruption)": "0.122257635",
    "Generosity": "0.128899664"
  },
  "Sri Lanka": {
    "Happiness Rank": "130",
    "Country": "Sri Lanka",
    "Region": "South Asia",
    "Happiness Score": "4.327000141",
    "Economy (GDP per Capita)": "0.897986948",
    "Family (Social Support)": "1.19494009",
    "Health (Life Expectancy)": "0.792036712",
    "Freedom": "0.528632462",
    "Trust (Government Corruption)": "0.049444564",
    "Generosity": "0.252666146"
  },
  "Dem. Rep. Congo": {
    "Happiness Rank": "131",
    "Country": "Dem. Rep. Congo",
    "Region": "Sub-Saharan Africa",
    "Happiness Score": "4.31099987",
    "Economy (GDP per Capita)": "0.062487468",
    "Family (Social Support)": "0.833055019",
    "Health (Life Expectancy)": "0.277212054",
    "Freedom": "0.36462298",
    "Trust (Government Corruption)": "0.081466645",
    "Generosity": "0.254324883"
  },
  "Swaziland": {
    "Happiness Rank": "132",
    "Country": "Swaziland",
    "Region": "Sub-Saharan Africa",
    "Happiness Score": "4.308100224",
    "Economy (GDP per Capita)": "0.827539742",
    "Family (Social Support)": "1.064835191",
    "Health (Life Expectancy)": "0.215585828",
    "Freedom": "0.299935788",
    "Trust (Government Corruption)": "0.146765873",
    "Generosity": "0.067264833"
  },
  "Myanmar": {
    "Happiness Rank": "133",
    "Country": "Myanmar",
    "Region": "Southeast Asia",
    "Happiness Score": "4.308000088",
    "Economy (GDP per Capita)": "0.67809093",
    "Family (Social Support)": "1.098178267",
    "Health (Life Expectancy)": "0.495443076",
    "Freedom": "0.597478867",
    "Trust (Government Corruption)": "0.187530354",
    "Generosity": "0.569813728"
  },
  "Comoros": {
    "Happiness Rank": "134",
    "Country": "Comoros",
    "Region": "Sub-Saharan Africa",
    "Happiness Score": "4.288599968",
    "Economy (GDP per Capita)": "0.415620774",
    "Family (Social Support)": "0.723232806",
    "Health (Life Expectancy)": "0.437383324",
    "Freedom": "0.181028232",
    "Trust (Government Corruption)": "0.100048535",
    "Generosity": "0.258538276"
  },
  "Togo": {
    "Happiness Rank": "135",
    "Country": "Togo",
    "Region": "Sub-Saharan Africa",
    "Happiness Score": "4.187200069",
    "Economy (GDP per Capita)": "0.268116266",
    "Family (Social Support)": "0.547622859",
    "Health (Life Expectancy)": "0.342731178",
    "Freedom": "0.303539038",
    "Trust (Government Corruption)": "0.114826456",
    "Generosity": "0.200774252"
  },
  "Ethiopia": {
    "Happiness Rank": "136",
    "Country": "Ethiopia",
    "Region": "Sub-Saharan Africa",
    "Happiness Score": "4.186200142",
    "Economy (GDP per Capita)": "0.315125644",
    "Family (Social Support)": "1.001103282",
    "Health (Life Expectancy)": "0.483846247",
    "Freedom": "0.41256687",
    "Trust (Government Corruption)": "0.117437035",
    "Generosity": "0.227698103"
  },
  "Madagascar": {
    "Happiness Rank": "137",
    "Country": "Madagascar",
    "Region": "Sub-Saharan Africa",
    "Happiness Score": "4.165599823",
    "Economy (GDP per Capita)": "0.244553208",
    "Family (Social Support)": "0.823694348",
    "Health (Life Expectancy)": "0.500617027",
    "Freedom": "0.192967549",
    "Trust (Government Corruption)": "0.076248638",
    "Generosity": "0.191190064"
  },
  "Egypt": {
    "Happiness Rank": "138",
    "Country": "Egypt",
    "Region": "Middle East and North Africa",
    "Happiness Score": "4.151400089",
    "Economy (GDP per Capita)": "0.875228941",
    "Family (Social Support)": "0.982539535",
    "Health (Life Expectancy)": "0.596911311",
    "Freedom": "0.373684734",
    "Trust (Government Corruption)": "0.095461793",
    "Generosity": "0.068801254"
  },
  "Sierra Leone": {
    "Happiness Rank": "139",
    "Country": "Sierra Leone",
    "Region": "Sub-Saharan Africa",
    "Happiness Score": "3.926399946",
    "Economy (GDP per Capita)": "0.240560383",
    "Family (Social Support)": "0.747984946",
    "Health (Life Expectancy)": "0.203953966",
    "Freedom": "0.382027686",
    "Trust (Government Corruption)": "0.047940936",
    "Generosity": "0.257647008"
  },
  "Burundi": {
    "Happiness Rank": "140",
    "Country": "Burundi",
    "Region": "Sub-Saharan Africa",
    "Happiness Score": "3.775300026",
    "Economy (GDP per Capita)": "0",
    "Family (Social Support)": "0.403575271",
    "Health (Life Expectancy)": "0.295212835",
    "Freedom": "0.275399059",
    "Trust (Government Corruption)": "0.212186828",
    "Generosity": "0.187401786"
  },
  "Zambia": {
    "Happiness Rank": "141",
    "Country": "Zambia",
    "Region": "Sub-Saharan Africa",
    "Happiness Score": "3.759399891",
    "Economy (GDP per Capita)": "0.536833763",
    "Family (Social Support)": "0.896037281",
    "Health (Life Expectancy)": "0.36359334",
    "Freedom": "0.49131754",
    "Trust (Government Corruption)": "0.086705238",
    "Generosity": "0.250620902"
  },
  "Haiti": {
    "Happiness Rank": "142",
    "Country": "Haiti",
    "Region": "Latin America and Caribbean",
    "Happiness Score": "3.720799923",
    "Economy (GDP per Capita)": "0.284734428",
    "Family (Social Support)": "0.646671355",
    "Health (Life Expectancy)": "0.37436673",
    "Freedom": "0.169297516",
    "Trust (Government Corruption)": "0.161935672",
    "Generosity": "0.463909656"
  },
  "Lesotho": {
    "Happiness Rank": "143",
    "Country": "Lesotho",
    "Region": "Sub-Saharan Africa",
    "Happiness Score": "3.652800083",
    "Economy (GDP per Capita)": "0.45493874",
    "Family (Social Support)": "1.088940024",
    "Health (Life Expectancy)": "0.100934811",
    "Freedom": "0.409367532",
    "Trust (Government Corruption)": "0.050483823",
    "Generosity": "0.102627642"
  },
  "India": {
    "Happiness Rank": "144",
    "Country": "India",
    "Region": "South Asia",
    "Happiness Score": "3.573299885",
    "Economy (GDP per Capita)": "0.730576158",
    "Family (Social Support)": "0.644198656",
    "Health (Life Expectancy)": "0.54057014",
    "Freedom": "0.581142247",
    "Trust (Government Corruption)": "0.105587982",
    "Generosity": "0.237072483"
  },
  "Malawi": {
    "Happiness Rank": "145",
    "Country": "Malawi",
    "Region": "Sub-Saharan Africa",
    "Happiness Score": "3.538000107",
    "Economy (GDP per Capita)": "0.176534727",
    "Family (Social Support)": "0.53036809",
    "Health (Life Expectancy)": "0.446163297",
    "Freedom": "0.487389833",
    "Trust (Government Corruption)": "0.131633952",
    "Generosity": "0.213185057"
  },
  "Yemen": {
    "Happiness Rank": "146",
    "Country": "Yemen",
    "Region": "Middle East and North Africa",
    "Happiness Score": "3.527400017",
    "Economy (GDP per Capita)": "0.392701775",
    "Family (Social Support)": "1.177477121",
    "Health (Life Expectancy)": "0.41500017",
    "Freedom": "0.243721485",
    "Trust (Government Corruption)": "0.087352127",
    "Generosity": "0.094689012"
  },
  "Botswana": {
    "Happiness Rank": "147",
    "Country": "Botswana",
    "Region": "Sub-Saharan Africa",
    "Happiness Score": "3.478899956",
    "Economy (GDP per Capita)": "0.997548997",
    "Family (Social Support)": "1.08569479",
    "Health (Life Expectancy)": "0.494101733",
    "Freedom": "0.50908941",
    "Trust (Government Corruption)": "0.101786368",
    "Generosity": "0.033407487"
  },
  "Tanzania": {
    "Happiness Rank": "148",
    "Country": "Tanzania",
    "Region": "Sub-Saharan Africa",
    "Happiness Score": "3.476200104",
    "Economy (GDP per Capita)": "0.457163125",
    "Family (Social Support)": "0.872674644",
    "Health (Life Expectancy)": "0.442677855",
    "Freedom": "0.509343088",
    "Trust (Government Corruption)": "0.203880861",
    "Generosity": "0.27154091"
  },
  "Central African Rep.": {
    "Happiness Rank": "149",
    "Country": "Central African Rep.",
    "Region": "Sub-Saharan Africa",
    "Happiness Score": "3.475899935",
    "Economy (GDP per Capita)": "0.041072082",
    "Family (Social Support)": "0",
    "Health (Life Expectancy)": "0",
    "Freedom": "0.292814463",
    "Trust (Government Corruption)": "0.028264718",
    "Generosity": "0.253513217"
  },
  "Rwanda": {
    "Happiness Rank": "150",
    "Country": "Rwanda",
    "Region": "Sub-Saharan Africa",
    "Happiness Score": "3.312299967",
    "Economy (GDP per Capita)": "0.343242675",
    "Family (Social Support)": "0.522876322",
    "Health (Life Expectancy)": "0.572383285",
    "Freedom": "0.604087889",
    "Trust (Government Corruption)": "0.485542476",
    "Generosity": "0.235704988"
  },
  "Zimbabwe": {
    "Happiness Rank": "151",
    "Country": "Zimbabwe",
    "Region": "Sub-Saharan Africa",
    "Happiness Score": "3.299200058",
    "Economy (GDP per Capita)": "0.425564021",
    "Family (Social Support)": "1.047835231",
    "Health (Life Expectancy)": "0.375037611",
    "Freedom": "0.37740472",
    "Trust (Government Corruption)": "0.080928579",
    "Generosity": "0.151349187"
  },
  "South Sudan": {
    "Happiness Rank": "152",
    "Country": "South Sudan",
    "Region": "Sub-Saharan Africa",
    "Happiness Score": "2.816600084",
    "Economy (GDP per Capita)": "0.289082974",
    "Family (Social Support)": "0.553278506",
    "Health (Life Expectancy)": "0.208809033",
    "Freedom": "0.065609254",
    "Trust (Government Corruption)": "0.111156799",
    "Generosity": "0.209934607"
  },
  "Afghanistan": {
    "Happiness Rank": "153",
    "Country": "Afghanistan",
    "Region": "South Asia",
    "Happiness Score": "2.566900015",
    "Economy (GDP per Capita)": "0.30070585",
    "Family (Social Support)": "0.356433839",
    "Health (Life Expectancy)": "0.266051531",
    "Freedom": "0",
    "Trust (Government Corruption)": "0.001225785",
    "Generosity": "0.135234714"
  }
}
