{
  "Finland": {
    "Happiness Rank": "1",
    "Country": "Finland",
    "Region": "Western Europe",
    "Happiness Score": "7.842",
    "Economy (GDP per Capita)": "1.446",
    "Family (Social Support)": "1.106",
    "Health (Life Expectancy)": "0.741",
    "Freedom": "0.691",
    "Trust (Government Corruption)": "0.481",
    "Generosity": "0.124"
  },
  "Denmark": {
    "Happiness Rank": "2",
    "Country": "Denmark",
    "Region": "Western Europe",
    "Happiness Score": "7.62",
    "Economy (GDP per Capita)": "1.502",
    "Family (Social Support)": "1.108",
    "Health (Life Expectancy)": "0.763",
    "Freedom": "0.686",
    "Trust (Government Corruption)": "0.485",
    "Generosity": "0.208"
  },
  "Switzerland": {
    "Happiness Rank": "3",
    "Country": "Switzerland",
    "Region": "Western Europe",
    "Happiness Score": "7.571",
    "Economy (GDP per Capita)": "1.566",
    "Family (Social Support)": "1.079",
    "Health (Life Expectancy)": "0.816",
    "Freedom": "0.653",
    "Trust (Government Corruption)": "0.413",
    "Generosity": "0.204"
  },
  "Iceland": {
    "Happiness Rank": "4",
    "Country": "Iceland",
    "Region": "Western Europe",
    "Happiness Score": "7.554",
    "Economy (GDP per Capita)": "1.482",
    "Family (Social Support)": "1.172",
    "Health (Life Expectancy)": "0.772",
    "Freedom": "0.698",
    "Trust (Government Corruption)": "0.17",
    "Generosity": "0.293"
  },
  "Netherlands": {
    "Happiness Rank": "5",
    "Country": "Netherlands",
    "Region": "Western Europe",
    "Happiness Score": "7.464",
    "Economy (GDP per Capita)": "1.501",
    "Family (Social Support)": "1.079",
    "Health (Life Expectancy)": "0.753",
    "Freedom": "0.647",
    "Trust (Government Corruption)": "0.384",
    "Generosity": "0.302"
  },
  "Norway": {
    "Happiness Rank": "6",
    "Country": "Norway",
    "Region": "Western Europe",
    "Happiness Score": "7.392",
    "Economy (GDP per Capita)": "1.543",
    "Family (Social Support)": "1.108",
    "Health (Life Expectancy)": "0.782",
    "Freedom": "0.703",
    "Trust (Government Corruption)": "0.427",
    "Generosity": "0.249"
  },
  "Sweden": {
    "Happiness Rank": "7",
    "Country": "Sweden",
    "Region": "Western Europe",
    "Happiness Score": "7.363",
    "Economy (GDP per Capita)": "1.478",
    "Family (Social Support)": "1.062",
    "Health (Life Expectancy)": "0.763",
    "Freedom": "0.685",
    "Trust (Government Corruption)": "0.448",
    "Generosity": "0.244"
  },
  "Luxembourg": {
    "Happiness Rank": "8",
    "Country": "Luxembourg",
    "Region": "Western Europe",
    "Happiness Score": "7.324",
    "Economy (GDP per Capita)": "1.751",
    "Family (Social Support)": "1.003",
    "Health (Life Expectancy)": "0.76",
    "Freedom": "0.639",
    "Trust (Government Corruption)": "0.353",
    "Generosity": "0.166"
  },
  "New Zealand": {
    "Happiness Rank": "9",
    "Country": "New Zealand",
    "Region": "North America and ANZ",
    "Happiness Score": "7.277",
    "Economy (GDP per Capita)": "1.4",
    "Family (Social Support)": "1.094",
    "Health (Life Expectancy)": "0.785",
    "Freedom": "0.665",
    "Trust (Government Corruption)": "0.445",
    "Generosity": "0.276"
  },
  "Austria": {
    "Happiness Rank": "10",
    "Country": "Austria",
    "Region": "Western Europe",
    "Happiness Score": "7.268",
    "Economy (GDP per Capita)": "1.492",
    "Family (Social Support)": "1.062",
    "Health (Life Expectancy)": "0.782",
    "Freedom": "0.64",
    "Trust (Government Corruption)": "0.292",
    "Generosity": "0.215"
  },
  "Australia": {
    "Happiness Rank": "11",
    "Country": "Australia",
    "Region": "North America and ANZ",
    "Happiness Score": "7.183",
    "Economy (GDP per Capita)": "1.453",
    "Family (Social Support)": "1.076",
    "Health (Life Expectancy)": "0.801",
    "Freedom": "0.647",
    "Trust (Government Corruption)": "0.317",
    "Generosity": "0.291"
  },
  "Israel": {
    "Happiness Rank": "12",
    "Country": "Israel",
    "Region": "Middle East and North Africa",
    "Happiness Score": "7.157",
    "Economy (GDP per Capita)": "1.376",
    "Family (Social Support)": "1.074",
    "Health (Life Expectancy)": "0.788",
    "Freedom": "0.509",
    "Trust (Government Corruption)": "0.119",
    "Generosity": "0.208"
  },
  "Germany": {
    "Happiness Rank": "13",
    "Country": "Germany",
    "Region": "Western Europe",
    "Happiness Score": "7.155",
    "Economy (GDP per Capita)": "1.48",
    "Family (Social Support)": "0.993",
    "Health (Life Expectancy)": "0.757",
    "Freedom": "0.6",
    "Trust (Government Corruption)": "0.306",
    "Generosity": "0.195"
  },
  "Canada": {
    "Happiness Rank": "14",
    "Country": "Canada",
    "Region": "North America and ANZ",
    "Happiness Score": "7.103",
    "Economy (GDP per Capita)": "1.447",
    "Family (Social Support)": "1.044",
    "Health (Life Expectancy)": "0.798",
    "Freedom": "0.648",
    "Trust (Government Corruption)": "0.335",
    "Generosity": "0.246"
  },
  "Ireland": {
    "Happiness Rank": "15",
    "Country": "Ireland",
    "Region": "Western Europe",
    "Happiness Score": "7.085",
    "Economy (GDP per Capita)": "1.644",
    "Family (Social Support)": "1.092",
    "Health (Life Expectancy)": "0.753",
    "Freedom": "0.606",
    "Trust (Government Corruption)": "0.367",
    "Generosity": "0.238"
  },
  "Costa Rica": {
    "Happiness Rank": "16",
    "Country": "Costa Rica",
    "Region": "Latin America and Caribbean",
    "Happiness Score": "7.069",
    "Economy (GDP per Capita)": "1.134",
    "Family (Social Support)": "0.966",
    "Health (Life Expectancy)": "0.722",
    "Freedom": "0.673",
    "Trust (Government Corruption)": "0.083",
    "Generosity": "0.105"
  },
  "United Kingdom": {
    "Happiness Rank": "17",
    "Country": "United Kingdom",
    "Region": "Western Europe",
    "Happiness Score": "7.064",
    "Economy (GDP per Capita)": "1.423",
    "Family (Social Support)": "1.062",
    "Health (Life Expectancy)": "0.757",
    "Freedom": "0.58",
    "Trust (Government Corruption)": "0.306",
    "Generosity": "0.34"
  },
  "Czechia": {
    "Happiness Rank": "18",
    "Country": "Czechia",
    "Region": "Central and Eastern Europe",
    "Happiness Score": "6.965",
    "Economy (GDP per Capita)": "1.37",
    "Family (Social Support)": "1.09",
    "Health (Life Expectancy)": "0.703",
    "Freedom": "0.58",
    "Trust (Government Corruption)": "0.046",
    "Generosity": "0.052"
  },
  "United States of America": {
    "Happiness Rank": "19",
    "Country": "United States of America",
    "Region": "North America and ANZ",
    "Happiness Score": "6.951",
    "Economy (GDP per Capita)": "1.533",
    "Family (Social Support)": "1.03",
    "Health (Life Expectancy)": "0.621",
    "Freedom": "0.554",
    "Trust (Government Corruption)": "0.154",
    "Generosity": "0.252"
  },
  "Belgium": {
    "Happiness Rank": "20",
    "Country": "Belgium",
    "Region": "Western Europe",
    "Happiness Score": "6.834",
    "Economy (GDP per Capita)": "1.463",
    "Family (Social Support)": "0.998",
    "Health (Life Expectancy)": "0.747",
    "Freedom": "0.489",
    "Trust (Government Corruption)": "0.187",
    "Generosity": "0.088"
  },
  "France": {
    "Happiness Rank": "21",
    "Country": "France",
    "Region": "Western Europe",
    "Happiness Score": "6.69",
    "Economy (GDP per Capita)": "1.421",
    "Family (Social Support)": "1.081",
    "Health (Life Expectancy)": "0.804",
    "Freedom": "0.536",
    "Trust (Government Corruption)": "0.235",
    "Generosity": "0.092"
  },
  "Bahrain": {
    "Happiness Rank": "22",
    "Country": "Bahrain",
    "Region": "Middle East and North Africa",
    "Happiness Score": "6.647",
    "Economy (GDP per Capita)": "1.409",
    "Family (Social Support)": "0.899",
    "Health (Life Expectancy)": "0.662",
    "Freedom": "0.661",
    "Trust (Government Corruption)": "0.139",
    "Generosity": "0.246"
  },
  "Malta": {
    "Happiness Rank": "23",
    "Country": "Malta",
    "Region": "Western Europe",
    "Happiness Score": "6.602",
    "Economy (GDP per Capita)": "1.411",
    "Family (Social Support)": "1.055",
    "Health (Life Expectancy)": "0.747",
    "Freedom": "0.664",
    "Trust (Government Corruption)": "0.183",
    "Generosity": "0.275"
  },
  "Taiwan Province of China": {
    "Happiness Rank": "24",
    "Country": "Taiwan Province of China",
    "Region": "East Asia",
    "Happiness Score": "6.584",
    "Economy (GDP per Capita)": "1.48",
    "Family (Social Support)": "0.982",
    "Health (Life Expectancy)": "0.665",
    "Freedom": "0.49",
    "Trust (Government Corruption)": "0.139",
    "Generosity": "0.142"
  },
  "United Arab Emirates": {
    "Happiness Rank": "25",
    "Country": "United Arab Emirates",
    "Region": "Middle East and North Africa",
    "Happiness Score": "6.561",
    "Economy (GDP per Capita)": "1.555",
    "Family (Social Support)": "0.86",
    "Health (Life Expectancy)": "0.594",
    "Freedom": "0.67",
    "Trust (Government Corruption)": "0.223",
    "Generosity": "0.236"
  },
  "Saudi Arabia": {
    "Happiness Rank": "26",
    "Country": "Saudi Arabia",
    "Region": "Middle East and North Africa",
    "Happiness Score": "6.494",
    "Economy (GDP per Capita)": "1.435",
    "Family (Social Support)": "0.964",
    "Health (Life Expectancy)": "0.571",
    "Freedom": "0.603",
    "Trust (Government Corruption)": "0.163",
    "Generosity": "0.09"
  },
  "Spain": {
    "Happiness Rank": "27",
    "Country": "Spain",
    "Region": "Western Europe",
    "Happiness Score": "6.491",
    "Economy (GDP per Capita)": "1.375",
    "Family (Social Support)": "1.057",
    "Health (Life Expectancy)": "0.826",
    "Freedom": "0.462",
    "Trust (Government Corruption)": "0.124",
    "Generosity": "0.135"
  },
  "Italy": {
    "Happiness Rank": "28",
    "Country": "Italy",
    "Region": "Western Europe",
    "Happiness Score": "6.483",
    "Economy (GDP per Capita)": "1.393",
    "Family (Social Support)": "0.94",
    "Health (Life Expectancy)": "0.798",
    "Freedom": "0.379",
    "Trust (Government Corruption)": "0.047",
    "Generosity": "0.133"
  },
  "Slovenia": {
    "Happiness Rank": "29",
    "Country": "Slovenia",
    "Region": "Central and Eastern Europe",
    "Happiness Score": "6.461",
    "Economy (GDP per Capita)": "1.36",
    "Family (Social Support)": "1.093",
    "Health (Life Expectancy)": "0.722",
    "Freedom": "0.69",
    "Trust (Government Corruption)": "0.085",
    "Generosity": "0.122"
  },
  "Guatemala": {
    "Happiness Rank": "30",
    "Country": "Guatemala",
    "Region": "Latin America and Caribbean",
    "Happiness Score": "6.435",
    "Economy (GDP per Capita)": "0.845",
    "Family (Social Support)": "0.79",
    "Health (Life Expectancy)": "0.519",
    "Freedom": "0.638",
    "Trust (Government Corruption)": "0.105",
    "Generosity": "0.163"
  },
  "Uruguay": {
    "Happiness Rank": "31",
    "Country": "Uruguay",
    "Region": "Latin America and Caribbean",
    "Happiness Score": "6.431",
    "Economy (GDP per Capita)": "1.164",
    "Family (Social Support)": "1.042",
    "Health (Life Expectancy)": "0.649",
    "Freedom": "0.625",
    "Trust (Government Corruption)": "0.223",
    "Generosity": "0.128"
  },
  "Singapore": {
    "Happiness Rank": "32",
    "Country": "Singapore",
    "Region": "Southeast Asia",
    "Happiness Score": "6.377",
    "Economy (GDP per Capita)": "1.695",
    "Family (Social Support)": "1.019",
    "Health (Life Expectancy)": "0.897",
    "Freedom": "0.664",
    "Trust (Government Corruption)": "0.547",
    "Generosity": "0.176"
  },
  "Kosovo": {
    "Happiness Rank": "33",
    "Country": "Kosovo",
    "Region": "Central and Eastern Europe",
    "Happiness Score": "6.372",
    "Economy (GDP per Capita)": "0.937",
    "Family (Social Support)": "0.807",
    "Health (Life Expectancy)": "0.483",
    "Freedom": "0.593",
    "Trust (Government Corruption)": "0.014",
    "Generosity": "0.356"
  },
  "Slovakia": {
    "Happiness Rank": "34",
    "Country": "Slovakia",
    "Region": "Central and Eastern Europe",
    "Happiness Score": "6.331",
    "Economy (GDP per Capita)": "1.304",
    "Family (Social Support)": "1.066",
    "Health (Life Expectancy)": "0.653",
    "Freedom": "0.468",
    "Trust (Government Corruption)": "0.018",
    "Generosity": "0.107"
  },
  "Brazil": {
    "Happiness Rank": "35",
    "Country": "Brazil",
    "Region": "Latin America and Caribbean",
    "Happiness Score": "6.33",
    "Economy (GDP per Capita)": "1.028",
    "Family (Social Support)": "0.944",
    "Health (Life Expectancy)": "0.571",
    "Freedom": "0.514",
    "Trust (Government Corruption)": "0.117",
    "Generosity": "0.142"
  },
  "Mexico": {
    "Happiness Rank": "36",
    "Country": "Mexico",
    "Region": "Latin America and Caribbean",
    "Happiness Score": "6.317",
    "Economy (GDP per Capita)": "1.126",
    "Family (Social Support)": "0.83",
    "Health (Life Expectancy)": "0.634",
    "Freedom": "0.585",
    "Trust (Government Corruption)": "0.089",
    "Generosity": "0.092"
  },
  "Jamaica": {
    "Happiness Rank": "37",
    "Country": "Jamaica",
    "Region": "Latin America and Caribbean",
    "Happiness Score": "6.309",
    "Economy (GDP per Capita)": "0.891",
    "Family (Social Support)": "0.932",
    "Health (Life Expectancy)": "0.599",
    "Freedom": "0.618",
    "Trust (Government Corruption)": "0.035",
    "Generosity": "0.099"
  },
  "Lithuania": {
    "Happiness Rank": "38",
    "Country": "Lithuania",
    "Region": "Central and Eastern Europe",
    "Happiness Score": "6.255",
    "Economy (GDP per Capita)": "1.35",
    "Family (Social Support)": "1.065",
    "Health (Life Expectancy)": "0.612",
    "Freedom": "0.476",
    "Trust (Government Corruption)": "0.073",
    "Generosity": "0.056"
  },
  "Cyprus": {
    "Happiness Rank": "39",
    "Country": "Cyprus",
    "Region": "Western Europe",
    "Happiness Score": "6.223",
    "Economy (GDP per Capita)": "1.377",
    "Family (Social Support)": "0.765",
    "Health (Life Expectancy)": "0.801",
    "Freedom": "0.464",
    "Trust (Government Corruption)": "0.061",
    "Generosity": "0.178"
  },
  "Estonia": {
    "Happiness Rank": "40",
    "Country": "Estonia",
    "Region": "Central and Eastern Europe",
    "Happiness Score": "6.189",
    "Economy (GDP per Capita)": "1.344",
    "Family (Social Support)": "1.079",
    "Health (Life Expectancy)": "0.64",
    "Freedom": "0.641",
    "Trust (Government Corruption)": "0.263",
    "Generosity": "0.119"
  },
  "Panama": {
    "Happiness Rank": "41",
    "Country": "Panama",
    "Region": "Latin America and Caribbean",
    "Happiness Score": "6.18",
    "Economy (GDP per Capita)": "1.298",
    "Family (Social Support)": "0.976",
    "Health (Life Expectancy)": "0.667",
    "Freedom": "0.596",
    "Trust (Government Corruption)": "0.053",
    "Generosity": "0.079"
  },
  "Uzbekistan": {
    "Happiness Rank": "42",
    "Country": "Uzbekistan",
    "Region": "Commonwealth of Independent States",
    "Happiness Score": "6.179",
    "Economy (GDP per Capita)": "0.769",
    "Family (Social Support)": "1.027",
    "Health (Life Expectancy)": "0.528",
    "Freedom": "0.716",
    "Trust (Government Corruption)": "0.271",
    "Generosity": "0.391"
  },
  "Chile": {
    "Happiness Rank": "43",
    "Country": "Chile",
    "Region": "Latin America and Caribbean",
    "Happiness Score": "6.172",
    "Economy (GDP per Capita)": "1.2",
    "Family (Social Support)": "0.946",
    "Health (Life Expectancy)": "0.678",
    "Freedom": "0.438",
    "Trust (Government Corruption)": "0.07",
    "Generosity": "0.159"
  },
  "Poland": {
    "Happiness Rank": "44",
    "Country": "Poland",
    "Region": "Central and Eastern Europe",
    "Happiness Score": "6.166",
    "Economy (GDP per Capita)": "1.309",
    "Family (Social Support)": "0.982",
    "Health (Life Expectancy)": "0.668",
    "Freedom": "0.558",
    "Trust (Government Corruption)": "0.13",
    "Generosity": "0.08"
  },
  "Kazakhstan": {
    "Happiness Rank": "45",
    "Country": "Kazakhstan",
    "Region": "Commonwealth of Independent States",
    "Happiness Score": "6.152",
    "Economy (GDP per Capita)": "1.23",
    "Family (Social Support)": "1.103",
    "Health (Life Expectancy)": "0.527",
    "Freedom": "0.573",
    "Trust (Government Corruption)": "0.132",
    "Generosity": "0.143"
  },
  "Romania": {
    "Happiness Rank": "46",
    "Country": "Romania",
    "Region": "Central and Eastern Europe",
    "Happiness Score": "6.14",
    "Economy (GDP per Capita)": "1.275",
    "Family (Social Support)": "0.832",
    "Health (Life Expectancy)": "0.595",
    "Freedom": "0.564",
    "Trust (Government Corruption)": "0.001",
    "Generosity": "0.045"
  },
  "Kuwait": {
    "Happiness Rank": "47",
    "Country": "Kuwait",
    "Region": "Middle East and North Africa",
    "Happiness Score": "6.106",
    "Economy (GDP per Capita)": "1.461",
    "Family (Social Support)": "0.857",
    "Health (Life Expectancy)": "0.58",
    "Freedom": "0.591",
    "Trust (Government Corruption)": "0.13",
    "Generosity": "0.12"
  },
  "Serbia": {
    "Happiness Rank": "48",
    "Country": "Serbia",
    "Region": "Central and Eastern Europe",
    "Happiness Score": "6.078",
    "Economy (GDP per Capita)": "1.101",
    "Family (Social Support)": "0.924",
    "Health (Life Expectancy)": "0.634",
    "Freedom": "0.482",
    "Trust (Government Corruption)": "0.066",
    "Generosity": "0.189"
  },
  "El Salvador": {
    "Happiness Rank": "49",
    "Country": "El Salvador",
    "Region": "Latin America and Caribbean",
    "Happiness Score": "6.061",
    "Economy (GDP per Capita)": "0.845",
    "Family (Social Support)": "0.675",
    "Health (Life Expectancy)": "0.565",
    "Freedom": "0.615",
    "Trust (Government Corruption)": "0.16",
    "Generosity": "0.116"
  },
  "Mauritius": {
    "Happiness Rank": "50",
    "Country": "Mauritius",
    "Region": "Sub-Saharan Africa",
    "Happiness Score": "6.049",
    "Economy (GDP per Capita)": "1.178",
    "Family (Social Support)": "0.996",
    "Health (Life Expectancy)": "0.574",
    "Freedom": "0.59",
    "Trust (Government Corruption)": "0.096",
    "Generosity": "0.153"
  },
  "Latvia": {
    "Happiness Rank": "51",
    "Country": "Latvia",
    "Region": "Central and Eastern Europe",
    "Happiness Score": "6.032",
    "Economy (GDP per Capita)": "1.285",
    "Family (Social Support)": "1.047",
    "Health (Life Expectancy)": "0.587",
    "Freedom": "0.405",
    "Trust (Government Corruption)": "0.089",
    "Generosity": "0.082"
  },
  "Colombia": {
    "Happiness Rank": "52",
    "Country": "Colombia",
    "Region": "Latin America and Caribbean",
    "Happiness Score": "6.012",
    "Economy (GDP per Capita)": "1.021",
    "Family (Social Support)": "0.866",
    "Health (Life Expectancy)": "0.615",
    "Freedom": "0.554",
    "Trust (Government Corruption)": "0.063",
    "Generosity": "0.1"
  },
  "Hungary": {
    "Happiness Rank": "53",
    "Country": "Hungary",
    "Region": "Central and Eastern Europe",
    "Happiness Score": "5.992",
    "Economy (GDP per Capita)": "1.301",
    "Family (Social Support)": "1.083",
    "Health (Life Expectancy)": "0.615",
    "Freedom": "0.454",
    "Trust (Government Corruption)": "0.04",
    "Generosity": "0.067"
  },
  "Thailand": {
    "Happiness Rank": "54",
    "Country": "Thailand",
    "Region": "Southeast Asia",
    "Happiness Score": "5.985",
    "Economy (GDP per Capita)": "1.107",
    "Family (Social Support)": "0.957",
    "Health (Life Expectancy)": "0.596",
    "Freedom": "0.611",
    "Trust (Government Corruption)": "0.028",
    "Generosity": "0.375"
  },
  "Nicaragua": {
    "Happiness Rank": "55",
    "Country": "Nicaragua",
    "Region": "Latin America and Caribbean",
    "Happiness Score": "5.972",
    "Economy (GDP per Capita)": "0.693",
    "Family (Social Support)": "0.904",
    "Health (Life Expectancy)": "0.604",
    "Freedom": "0.553",
    "Trust (Government Corruption)": "0.176",
    "Generosity": "0.201"
  },
  "Japan": {
    "Happiness Rank": "56",
    "Country": "Japan",
    "Region": "East Asia",
    "Happiness Score": "5.94",
    "Economy (GDP per Capita)": "1.389",
    "Family (Social Support)": "0.949",
    "Health (Life Expectancy)": "0.838",
    "Freedom": "0.504",
    "Trust (Government Corruption)": "0.192",
    "Generosity": "0.02"
  },
  "Argentina": {
    "Happiness Rank": "57",
    "Country": "Argentina",
    "Region": "Latin America and Caribbean",
    "Happiness Score": "5.929",
    "Economy (GDP per Capita)": "1.162",
    "Family (Social Support)": "0.98",
    "Health (Life Expectancy)": "0.646",
    "Freedom": "0.544",
    "Trust (Government Corruption)": "0.067",
    "Generosity": "0.069"
  },
  "Portugal": {
    "Happiness Rank": "58",
    "Country": "Portugal",
    "Region": "Western Europe",
    "Happiness Score": "5.929",
    "Economy (GDP per Capita)": "1.323",
    "Family (Social Support)": "0.939",
    "Health (Life Expectancy)": "0.76",
    "Freedom": "0.621",
    "Trust (Government Corruption)": "0.033",
    "Generosity": "0.029"
  },
  "Honduras": {
    "Happiness Rank": "59",
    "Country": "Honduras",
    "Region": "Latin America and Caribbean",
    "Happiness Score": "5.919",
    "Economy (GDP per Capita)": "0.703",
    "Family (Social Support)": "0.787",
    "Health (Life Expectancy)": "0.593",
    "Freedom": "0.578",
    "Trust (Government Corruption)": "0.083",
    "Generosity": "0.241"
  },
  "Croatia": {
    "Happiness Rank": "60",
    "Country": "Croatia",
    "Region": "Central and Eastern Europe",
    "Happiness Score": "5.882",
    "Economy (GDP per Capita)": "1.251",
    "Family (Social Support)": "1.039",
    "Health (Life Expectancy)": "0.703",
    "Freedom": "0.453",
    "Trust (Government Corruption)": "0",
    "Generosity": "0.111"
  },
  "Philippines": {
    "Happiness Rank": "61",
    "Country": "Philippines",
    "Region": "Southeast Asia",
    "Happiness Score": "5.88",
    "Economy (GDP per Capita)": "0.853",
    "Family (Social Support)": "0.828",
    "Health (Life Expectancy)": "0.426",
    "Freedom": "0.651",
    "Trust (Government Corruption)": "0.126",
    "Generosity": "0.125"
  },
  "South Korea": {
    "Happiness Rank": "62",
    "Country": "South Korea",
    "Region": "East Asia",
    "Happiness Score": "5.845",
    "Economy (GDP per Capita)": "1.403",
    "Family (Social Support)": "0.758",
    "Health (Life Expectancy)": "0.801",
    "Freedom": "0.353",
    "Trust (Government Corruption)": "0.135",
    "Generosity": "0.134"
  },
  "Peru": {
    "Happiness Rank": "63",
    "Country": "Peru",
    "Region": "Latin America and Caribbean",
    "Happiness Score": "5.84",
    "Economy (GDP per Capita)": "0.986",
    "Family (Social Support)": "0.833",
    "Health (Life Expectancy)": "0.623",
    "Freedom": "0.536",
    "Trust (Government Corruption)": "0.031",
    "Generosity": "0.087"
  },
  "Bosnia and Herz.": {
    "Happiness Rank": "64",
    "Country": "Bosnia and Herz.",
    "Region": "Central and Eastern Europe",
    "Happiness Score": "5.813",
    "Economy (GDP per Capita)": "1.032",
    "Family (Social Support)": "0.919",
    "Health (Life Expectancy)": "0.618",
    "Freedom": "0.395",
    "Trust (Government Corruption)": "0.005",
    "Generosity": "0.261"
  },
  "Moldova": {
    "Happiness Rank": "65",
    "Country": "Moldova",
    "Region": "Commonwealth of Independent States",
    "Happiness Score": "5.766",
    "Economy (GDP per Capita)": "0.985",
    "Family (Social Support)": "0.888",
    "Health (Life Expectancy)": "0.542",
    "Freedom": "0.536",
    "Trust (Government Corruption)": "0.013",
    "Generosity": "0.137"
  },
  "Ecuador": {
    "Happiness Rank": "66",
    "Country": "Ecuador",
    "Region": "Latin America and Caribbean",
    "Happiness Score": "5.764",
    "Economy (GDP per Capita)": "0.935",
    "Family (Social Support)": "0.806",
    "Health (Life Expectancy)": "0.64",
    "Freedom": "0.56",
    "Trust (Government Corruption)": "0.062",
    "Generosity": "0.107"
  },
  "Kyrgyzstan": {
    "Happiness Rank": "67",
    "Country": "Kyrgyzstan",
    "Region": "Commonwealth of Independent States",
    "Happiness Score": "5.744",
    "Economy (GDP per Capita)": "0.665",
    "Family (Social Support)": "0.971",
    "Health (Life Expectancy)": "0.501",
    "Freedom": "0.673",
    "Trust (Government Corruption)": "0.02",
    "Generosity": "0.266"
  },
  "Greece": {
    "Happiness Rank": "68",
    "Country": "Greece",
    "Region": "Western Europe",
    "Happiness Score": "5.723",
    "Economy (GDP per Capita)": "1.273",
    "Family (Social Support)": "0.811",
    "Health (Life Expectancy)": "0.76",
    "Freedom": "0.243",
    "Trust (Government Corruption)": "0.074",
    "Generosity": "0"
  },
  "Bolivia": {
    "Happiness Rank": "69",
    "Country": "Bolivia",
    "Region": "Latin America and Caribbean",
    "Happiness Score": "5.716",
    "Economy (GDP per Capita)": "0.842",
    "Family (Social Support)": "0.782",
    "Health (Life Expectancy)": "0.486",
    "Freedom": "0.6",
    "Trust (Government Corruption)": "0.064",
    "Generosity": "0.138"
  },
  "Mongolia": {
    "Happiness Rank": "70",
    "Country": "Mongolia",
    "Region": "East Asia",
    "Happiness Score": "5.677",
    "Economy (GDP per Capita)": "0.966",
    "Family (Social Support)": "1.065",
    "Health (Life Expectancy)": "0.442",
    "Freedom": "0.397",
    "Trust (Government Corruption)": "0.053",
    "Generosity": "0.263"
  },
  "Paraguay": {
    "Happiness Rank": "71",
    "Country": "Paraguay",
    "Region": "Latin America and Caribbean",
    "Happiness Score": "5.653",
    "Economy (GDP per Capita)": "0.983",
    "Family (Social Support)": "0.97",
    "Health (Life Expectancy)": "0.549",
    "Freedom": "0.602",
    "Trust (Government Corruption)": "0.037",
    "Generosity": "0.206"
  },
  "Montenegro": {
    "Happiness Rank": "72",
    "Country": "Montenegro",
    "Region": "Central and Eastern Europe",
    "Happiness Score": "5.581",
    "Economy (GDP per Capita)": "1.155",
    "Family (Social Support)": "0.891",
    "Health (Life Expectancy)": "0.637",
    "Freedom": "0.397",
    "Trust (Government Corruption)": "0.081",
    "Generosity": "0.166"
  },
  "Dominican Republic": {
    "Happiness Rank": "73",
    "Country": "Dominican Republic",
    "Region": "Latin America and Caribbean",
    "Happiness Score": "5.545",
    "Economy (GDP per Capita)": "1.106",
    "Family (Social Support)": "0.879",
    "Health (Life Expectancy)": "0.555",
    "Freedom": "0.581",
    "Trust (Government Corruption)": "0.144",
    "Generosity": "0.101"
  },
  "North Cyprus": {
    "Happiness Rank": "74",
    "Country": "North Cyprus",
    "Region": "Western Europe",
    "Happiness Score": "5.536",
    "Economy (GDP per Capita)": "1.377",
    "Family (Social Support)": "0.806",
    "Health (Life Expectancy)": "0.801",
    "Freedom": "0.503",
    "Trust (Government Corruption)": "0.2",
    "Generosity": "0.196"
  },
  "Belarus": {
    "Happiness Rank": "75",
    "Country": "Belarus",
    "Region": "Commonwealth of Independent States",
    "Happiness Score": "5.534",
    "Economy (GDP per Capita)": "1.124",
    "Family (Social Support)": "1.007",
    "Health (Life Expectancy)": "0.56",
    "Freedom": "0.326",
    "Trust (Government Corruption)": "0.199",
    "Generosity": "0.07"
  },
  "Russia": {
    "Happiness Rank": "76",
    "Country": "Russia",
    "Region": "Commonwealth of Independent States",
    "Happiness Score": "5.477",
    "Economy (GDP per Capita)": "1.241",
    "Family (Social Support)": "0.992",
    "Health (Life Expectancy)": "0.511",
    "Freedom": "0.409",
    "Trust (Government Corruption)": "0.06",
    "Generosity": "0.115"
  },
  "Hong Kong S.A.R. of China": {
    "Happiness Rank": "77",
    "Country": "Hong Kong S.A.R. of China",
    "Region": "East Asia",
    "Happiness Score": "5.477",
    "Economy (GDP per Capita)": "1.525",
    "Family (Social Support)": "0.841",
    "Health (Life Expectancy)": "0.893",
    "Freedom": "0.408",
    "Trust (Government Corruption)": "0.342",
    "Generosity": "0.232"
  },
  "Tajikistan": {
    "Happiness Rank": "78",
    "Country": "Tajikistan",
    "Region": "Commonwealth of Independent States",
    "Happiness Score": "5.466",
    "Economy (GDP per Capita)": "0.508",
    "Family (Social Support)": "0.895",
    "Health (Life Expectancy)": "0.498",
    "Freedom": "0.548",
    "Trust (Government Corruption)": "0.247",
    "Generosity": "0.152"
  },
  "Vietnam": {
    "Happiness Rank": "79",
    "Country": "Vietnam",
    "Region": "Southeast Asia",
    "Happiness Score": "5.411",
    "Economy (GDP per Capita)": "0.817",
    "Family (Social Support)": "0.873",
    "Health (Life Expectancy)": "0.616",
    "Freedom": "0.679",
    "Trust (Government Corruption)": "0.091",
    "Generosity": "0.124"
  },
  "Libya": {
    "Happiness Rank": "80",
    "Country": "Libya",
    "Region": "Middle East and North Africa",
    "Happiness Score": "5.41",
    "Economy (GDP per Capita)": "1.044",
    "Family (Social Support)": "0.821",
    "Health (Life Expectancy)": "0.435",
    "Freedom": "0.474",
    "Trust (Government Corruption)": "0.174",
    "Generosity": "0.131"
  },
  "Malaysia": {
    "Happiness Rank": "81",
    "Country": "Malaysia",
    "Region": "Southeast Asia",
    "Happiness Score": "5.384",
    "Economy (GDP per Capita)": "1.259",
    "Family (Social Support)": "0.797",
    "Health (Life Expectancy)": "0.587",
    "Freedom": "0.624",
    "Trust (Government Corruption)": "0.064",
    "Generosity": "0.27"
  },
  "Indonesia": {
    "Happiness Rank": "82",
    "Country": "Indonesia",
    "Region": "Southeast Asia",
    "Happiness Score": "5.345",
    "Economy (GDP per Capita)": "0.954",
    "Family (Social Support)": "0.786",
    "Health (Life Expectancy)": "0.433",
    "Freedom": "0.598",
    "Trust (Government Corruption)": "0.046",
    "Generosity": "0.541"
  },
  "Congo": {
    "Happiness Rank": "83",
    "Country": "Congo",
    "Region": "Sub-Saharan Africa",
    "Happiness Score": "5.342",
    "Economy (GDP per Capita)": "0.518",
    "Family (Social Support)": "0.392",
    "Health (Life Expectancy)": "0.307",
    "Freedom": "0.381",
    "Trust (Government Corruption)": "0.124",
    "Generosity": "0.144"
  },
  "China": {
    "Happiness Rank": "84",
    "Country": "China",
    "Region": "East Asia",
    "Happiness Score": "5.339",
    "Economy (GDP per Capita)": "1.061",
    "Family (Social Support)": "0.785",
    "Health (Life Expectancy)": "0.665",
    "Freedom": "0.636",
    "Trust (Government Corruption)": "0.117",
    "Generosity": "0.093"
  },
  "Côte d'Ivoire": {
    "Happiness Rank": "85",
    "Country": "Côte d'Ivoire",
    "Region": "Sub-Saharan Africa",
    "Happiness Score": "5.306",
    "Economy (GDP per Capita)": "0.669",
    "Family (Social Support)": "0.409",
    "Health (Life Expectancy)": "0.052",
    "Freedom": "0.438",
    "Trust (Government Corruption)": "0.092",
    "Generosity": "0.177"
  },
  "Armenia": {
    "Happiness Rank": "86",
    "Country": "Armenia",
    "Region": "Commonwealth of Independent States",
    "Happiness Score": "5.283",
    "Economy (GDP per Capita)": "0.996",
    "Family (Social Support)": "0.758",
    "Health (Life Expectancy)": "0.585",
    "Freedom": "0.54",
    "Trust (Government Corruption)": "0.198",
    "Generosity": "0.079"
  },
  "Nepal": {
    "Happiness Rank": "87",
    "Country": "Nepal",
    "Region": "South Asia",
    "Happiness Score": "5.269",
    "Economy (GDP per Capita)": "0.519",
    "Family (Social Support)": "0.702",
    "Health (Life Expectancy)": "0.496",
    "Freedom": "0.488",
    "Trust (Government Corruption)": "0.135",
    "Generosity": "0.287"
  },
  "Bulgaria": {
    "Happiness Rank": "88",
    "Country": "Bulgaria",
    "Region": "Central and Eastern Europe",
    "Happiness Score": "5.266",
    "Economy (GDP per Capita)": "1.181",
    "Family (Social Support)": "1.055",
    "Health (Life Expectancy)": "0.583",
    "Freedom": "0.494",
    "Trust (Government Corruption)": "0.005",
    "Generosity": "0.125"
  },
  "Maldives": {
    "Happiness Rank": "89",
    "Country": "Maldives",
    "Region": "South Asia",
    "Happiness Score": "5.198",
    "Economy (GDP per Capita)": "1.115",
    "Family (Social Support)": "1.015",
    "Health (Life Expectancy)": "0.697",
    "Freedom": "0.575",
    "Trust (Government Corruption)": "0.073",
    "Generosity": "0.204"
  },
  "Azerbaijan": {
    "Happiness Rank": "90",
    "Country": "Azerbaijan",
    "Region": "Commonwealth of Independent States",
    "Happiness Score": "5.171",
    "Economy (GDP per Capita)": "1.025",
    "Family (Social Support)": "0.841",
    "Health (Life Expectancy)": "0.541",
    "Freedom": "0.526",
    "Trust (Government Corruption)": "0.276",
    "Generosity": "0.043"
  },
  "Cameroon": {
    "Happiness Rank": "91",
    "Country": "Cameroon",
    "Region": "Sub-Saharan Africa",
    "Happiness Score": "5.142",
    "Economy (GDP per Capita)": "0.543",
    "Family (Social Support)": "0.556",
    "Health (Life Expectancy)": "0.159",
    "Freedom": "0.425",
    "Trust (Government Corruption)": "0.058",
    "Generosity": "0.205"
  },
  "Senegal": {
    "Happiness Rank": "92",
    "Country": "Senegal",
    "Region": "Sub-Saharan Africa",
    "Happiness Score": "5.132",
    "Economy (GDP per Capita)": "0.518",
    "Family (Social Support)": "0.558",
    "Health (Life Expectancy)": "0.357",
    "Freedom": "0.381",
    "Trust (Government Corruption)": "0.088",
    "Generosity": "0.158"
  },
  "Albania": {
    "Happiness Rank": "93",
    "Country": "Albania",
    "Region": "Central and Eastern Europe",
    "Happiness Score": "5.117",
    "Economy (GDP per Capita)": "1.008",
    "Family (Social Support)": "0.529",
    "Health (Life Expectancy)": "0.646",
    "Freedom": "0.491",
    "Trust (Government Corruption)": "0.024",
    "Generosity": "0.168"
  },
  "North Macedonia": {
    "Happiness Rank": "94",
    "Country": "North Macedonia",
    "Region": "Central and Eastern Europe",
    "Happiness Score": "5.101",
    "Economy (GDP per Capita)": "1.068",
    "Family (Social Support)": "0.772",
    "Health (Life Expectancy)": "0.535",
    "Freedom": "0.45",
    "Trust (Government Corruption)": "0.022",
    "Generosity": "0.212"
  },
  "Ghana": {
    "Happiness Rank": "95",
    "Country": "Ghana",
    "Region": "Sub-Saharan Africa",
    "Happiness Score": "5.088",
    "Economy (GDP per Capita)": "0.68",
    "Family (Social Support)": "0.595",
    "Health (Life Expectancy)": "0.287",
    "Freedom": "0.517",
    "Trust (Government Corruption)": "0.058",
    "Generosity": "0.268"
  },
  "Niger": {
    "Happiness Rank": "96",
    "Country": "Niger",
    "Region": "Sub-Saharan Africa",
    "Happiness Score": "5.074",
    "Economy (GDP per Capita)": "0.162",
    "Family (Social Support)": "0.402",
    "Health (Life Expectancy)": "0.167",
    "Freedom": "0.516",
    "Trust (Government Corruption)": "0.157",
    "Generosity": "0.2"
  },
  "Turkmenistan": {
    "Happiness Rank": "97",
    "Country": "Turkmenistan",
    "Region": "Commonwealth of Independent States",
    "Happiness Score": "5.066",
    "Economy (GDP per Capita)": "1.046",
    "Family (Social Support)": "1.172",
    "Health (Life Expectancy)": "0.439",
    "Freedom": "0.602",
    "Trust (Government Corruption)": "0.033",
    "Generosity": "0.366"
  },
  "Gambia": {
    "Happiness Rank": "98",
    "Country": "Gambia",
    "Region": "Sub-Saharan Africa",
    "Happiness Score": "5.051",
    "Economy (GDP per Capita)": "0.367",
    "Family (Social Support)": "0.511",
    "Health (Life Expectancy)": "0.21",
    "Freedom": "0.384",
    "Trust (Government Corruption)": "0.123",
    "Generosity": "0.465"
  },
  "Benin": {
    "Happiness Rank": "99",
    "Country": "Benin",
    "Region": "Sub-Saharan Africa",
    "Happiness Score": "5.045",
    "Economy (GDP per Capita)": "0.507",
    "Family (Social Support)": "0.058",
    "Health (Life Expectancy)": "0.196",
    "Freedom": "0.457",
    "Trust (Government Corruption)": "0.178",
    "Generosity": "0.166"
  },
  "Laos": {
    "Happiness Rank": "100",
    "Country": "Laos",
    "Region": "Southeast Asia",
    "Happiness Score": "5.03",
    "Economy (GDP per Capita)": "0.808",
    "Family (Social Support)": "0.598",
    "Health (Life Expectancy)": "0.33",
    "Freedom": "0.643",
    "Trust (Government Corruption)": "0.179",
    "Generosity": "0.268"
  },
  "Bangladesh": {
    "Happiness Rank": "101",
    "Country": "Bangladesh",
    "Region": "South Asia",
    "Happiness Score": "5.025",
    "Economy (GDP per Capita)": "0.635",
    "Family (Social Support)": "0.52",
    "Health (Life Expectancy)": "0.514",
    "Freedom": "0.603",
    "Trust (Government Corruption)": "0.164",
    "Generosity": "0.161"
  },
  "Guinea": {
    "Happiness Rank": "102",
    "Country": "Guinea",
    "Region": "Sub-Saharan Africa",
    "Happiness Score": "4.984",
    "Economy (GDP per Capita)": "0.42",
    "Family (Social Support)": "0.399",
    "Health (Life Expectancy)": "0.206",
    "Freedom": "0.384",
    "Trust (Government Corruption)": "0.111",
    "Generosity": "0.25"
  },
  "South Africa": {
    "Happiness Rank": "103",
    "Country": "South Africa",
    "Region": "Sub-Saharan Africa",
    "Happiness Score": "4.956",
    "Economy (GDP per Capita)": "0.967",
    "Family (Social Support)": "0.895",
    "Health (Life Expectancy)": "0.265",
    "Freedom": "0.447",
    "Trust (Government Corruption)": "0.051",
    "Generosity": "0.144"
  },
  "Turkey": {
    "Happiness Rank": "104",
    "Country": "Turkey",
    "Region": "Middle East and North Africa",
    "Happiness Score": "4.948",
    "Economy (GDP per Capita)": "1.26",
    "Family (Social Support)": "0.809",
    "Health (Life Expectancy)": "0.59",
    "Freedom": "0.236",
    "Trust (Government Corruption)": "0.104",
    "Generosity": "0.097"
  },
  "Pakistan": {
    "Happiness Rank": "105",
    "Country": "Pakistan",
    "Region": "South Asia",
    "Happiness Score": "4.934",
    "Economy (GDP per Capita)": "0.637",
    "Family (Social Support)": "0.423",
    "Health (Life Expectancy)": "0.322",
    "Freedom": "0.418",
    "Trust (Government Corruption)": "0.097",
    "Generosity": "0.252"
  },
  "Morocco": {
    "Happiness Rank": "106",
    "Country": "Morocco",
    "Region": "Middle East and North Africa",
    "Happiness Score": "4.918",
    "Economy (GDP per Capita)": "0.792",
    "Family (Social Support)": "0.219",
    "Health (Life Expectancy)": "0.558",
    "Freedom": "0.477",
    "Trust (Government Corruption)": "0.088",
    "Generosity": "0.034"
  },
  "Venezuela": {
    "Happiness Rank": "107",
    "Country": "Venezuela",
    "Region": "Latin America and Caribbean",
    "Happiness Score": "4.892",
    "Economy (GDP per Capita)": "0.852",
    "Family (Social Support)": "0.897",
    "Health (Life Expectancy)": "0.574",
    "Freedom": "0.284",
    "Trust (Government Corruption)": "0.072",
    "Generosity": "0.078"
  },
  "Georgia": {
    "Happiness Rank": "108",
    "Country": "Georgia",
    "Region": "Commonwealth of Independent States",
    "Happiness Score": "4.891",
    "Economy (GDP per Capita)": "1.03",
    "Family (Social Support)": "0.47",
    "Health (Life Expectancy)": "0.498",
    "Freedom": "0.488",
    "Trust (Government Corruption)": "0.181",
    "Generosity": "0.032"
  },
  "Algeria": {
    "Happiness Rank": "109",
    "Country": "Algeria",
    "Region": "Middle East and North Africa",
    "Happiness Score": "4.887",
    "Economy (GDP per Capita)": "0.946",
    "Family (Social Support)": "0.765",
    "Health (Life Expectancy)": "0.552",
    "Freedom": "0.119",
    "Trust (Government Corruption)": "0.12",
    "Generosity": "0.144"
  },
  "Ukraine": {
    "Happiness Rank": "110",
    "Country": "Ukraine",
    "Region": "Commonwealth of Independent States",
    "Happiness Score": "4.875",
    "Economy (GDP per Capita)": "0.979",
    "Family (Social Support)": "0.958",
    "Health (Life Expectancy)": "0.517",
    "Freedom": "0.417",
    "Trust (Government Corruption)": "0.01",
    "Generosity": "0.181"
  },
  "Iraq": {
    "Happiness Rank": "111",
    "Country": "Iraq",
    "Region": "Middle East and North Africa",
    "Happiness Score": "4.854",
    "Economy (GDP per Capita)": "0.91",
    "Family (Social Support)": "0.638",
    "Health (Life Expectancy)": "0.381",
    "Freedom": "0.302",
    "Trust (Government Corruption)": "0.041",
    "Generosity": "0.153"
  },
  "Gabon": {
    "Happiness Rank": "112",
    "Country": "Gabon",
    "Region": "Sub-Saharan Africa",
    "Happiness Score": "4.852",
    "Economy (GDP per Capita)": "1.037",
    "Family (Social Support)": "0.707",
    "Health (Life Expectancy)": "0.362",
    "Freedom": "0.424",
    "Trust (Government Corruption)": "0.064",
    "Generosity": "0.058"
  },
  "Burkina Faso": {
    "Happiness Rank": "113",
    "Country": "Burkina Faso",
    "Region": "Sub-Saharan Africa",
    "Happiness Score": "4.834",
    "Economy (GDP per Capita)": "0.364",
    "Family (Social Support)": "0.472",
    "Health (Life Expectancy)": "0.179",
    "Freedom": "0.381",
    "Trust (Government Corruption)": "0.122",
    "Generosity": "0.182"
  },
  "Cambodia": {
    "Happiness Rank": "114",
    "Country": "Cambodia",
    "Region": "Southeast Asia",
    "Happiness Score": "4.83",
    "Economy (GDP per Capita)": "0.603",
    "Family (Social Support)": "0.68",
    "Health (Life Expectancy)": "0.426",
    "Freedom": "0.702",
    "Trust (Government Corruption)": "0.061",
    "Generosity": "0.21"
  },
  "Mozambique": {
    "Happiness Rank": "115",
    "Country": "Mozambique",
    "Region": "Sub-Saharan Africa",
    "Happiness Score": "4.794",
    "Economy (GDP per Capita)": "0.183",
    "Family (Social Support)": "0.634",
    "Health (Life Expectancy)": "0.196",
    "Freedom": "0.608",
    "Trust (Government Corruption)": "0.163",
    "Generosity": "0.228"
  },
  "Nigeria": {
    "Happiness Rank": "116",
    "Country": "Nigeria",
    "Region": "Sub-Saharan Africa",
    "Happiness Score": "4.759",
    "Economy (GDP per Capita)": "0.663",
    "Family (Social Support)": "0.625",
    "Health (Life Expectancy)": "0.051",
    "Freedom": "0.433",
    "Trust (Government Corruption)": "0.039",
    "Generosity": "0.212"
  },
  "Mali": {
    "Happiness Rank": "117",
    "Country": "Mali",
    "Region": "Sub-Saharan Africa",
    "Happiness Score": "4.723",
    "Economy (GDP per Capita)": "0.387",
    "Family (Social Support)": "0.59",
    "Health (Life Expectancy)": "0.11",
    "Freedom": "0.384",
    "Trust (Government Corruption)": "0.072",
    "Generosity": "0.164"
  },
  "Iran": {
    "Happiness Rank": "118",
    "Country": "Iran",
    "Region": "Middle East and North Africa",
    "Happiness Score": "4.721",
    "Economy (GDP per Capita)": "1.03",
    "Family (Social Support)": "0.557",
    "Health (Life Expectancy)": "0.561",
    "Freedom": "0.275",
    "Trust (Government Corruption)": "0.144",
    "Generosity": "0.33"
  },
  "Uganda": {
    "Happiness Rank": "119",
    "Country": "Uganda",
    "Region": "Sub-Saharan Africa",
    "Happiness Score": "4.636",
    "Economy (GDP per Capita)": "0.364",
    "Family (Social Support)": "0.718",
    "Health (Life Expectancy)": "0.24",
    "Freedom": "0.398",
    "Trust (Government Corruption)": "0.054",
    "Generosity": "0.267"
  },
  "Liberia": {
    "Happiness Rank": "120",
    "Country": "Liberia",
    "Region": "Sub-Saharan Africa",
    "Happiness Score": "4.625",
    "Economy (GDP per Capita)": "0.228",
    "Family (Social Support)": "0.58",
    "Health (Life Expectancy)": "0.253",
    "Freedom": "0.43",
    "Trust (Government Corruption)": "0.057",
    "Generosity": "0.221"
  },
  "Kenya": {
    "Happiness Rank": "121",
    "Country": "Kenya",
    "Region": "Sub-Saharan Africa",
    "Happiness Score": "4.607",
    "Economy (GDP per Capita)": "0.603",
    "Family (Social Support)": "0.508",
    "Health (Life Expectancy)": "0.385",
    "Freedom": "0.483",
    "Trust (Government Corruption)": "0.073",
    "Generosity": "0.375"
  },
  "Tunisia": {
    "Happiness Rank": "122",
    "Country": "Tunisia",
    "Region": "Middle East and North Africa",
    "Happiness Score": "4.596",
    "Economy (GDP per Capita)": "0.919",
    "Family (Social Support)": "0.515",
    "Health (Life Expectancy)": "0.59",
    "Freedom": "0.334",
    "Trust (Government Corruption)": "0.044",
    "Generosity": "0.057"
  },
  "Lebanon": {
    "Happiness Rank": "123",
    "Country": "Lebanon",
    "Region": "Middle East and North Africa",
    "Happiness Score": "4.584",
    "Economy (GDP per Capita)": "1.045",
    "Family (Social Support)": "0.868",
    "Health (Life Expectancy)": "0.595",
    "Freedom": "0.175",
    "Trust (Government Corruption)": "0.026",
    "Generosity": "0.14"
  },
  "Namibia": {
    "Happiness Rank": "124",
    "Country": "Namibia",
    "Region": "Sub-Saharan Africa",
    "Happiness Score": "4.574",
    "Economy (GDP per Capita)": "0.882",
    "Family (Social Support)": "0.801",
    "Health (Life Expectancy)": "0.262",
    "Freedom": "0.411",
    "Trust (Government Corruption)": "0.059",
    "Generosity": "0.091"
  },
  "Palestinian Territories": {
    "Happiness Rank": "125",
    "Country": "Palestinian Territories",
    "Region": "Middle East and North Africa",
    "Happiness Score": "4.517",
    "Economy (GDP per Capita)": "0.646",
    "Family (Social Support)": "0.819",
    "Health (Life Expectancy)": "0.434",
    "Freedom": "0.33",
    "Trust (Government Corruption)": "0.075",
    "Generosity": "0.082"
  },
  "Myanmar": {
    "Happiness Rank": "126",
    "Country": "Myanmar",
    "Region": "Southeast Asia",
    "Happiness Score": "4.426",
    "Economy (GDP per Capita)": "0.666",
    "Family (Social Support)": "0.713",
    "Health (Life Expectancy)": "0.341",
    "Freedom": "0.601",
    "Trust (Government Corruption)": "0.178",
    "Generosity": "0.52"
  },
  "Jordan": {
    "Happiness Rank": "127",
    "Country": "Jordan",
    "Region": "Middle East and North Africa",
    "Happiness Score": "4.395",
    "Economy (GDP per Capita)": "0.89",
    "Family (Social Support)": "0.685",
    "Health (Life Expectancy)": "0.583",
    "Freedom": "0.455",
    "Trust (Government Corruption)": "0.15",
    "Generosity": "0.079"
  },
  "Chad": {
    "Happiness Rank": "128",
    "Country": "Chad",
    "Region": "Sub-Saharan Africa",
    "Happiness Score": "4.355",
    "Economy (GDP per Capita)": "0.255",
    "Family (Social Support)": "0.353",
    "Health (Life Expectancy)": "0",
    "Freedom": "0.24",
    "Trust (Government Corruption)": "0.084",
    "Generosity": "0.215"
  },
  "Sri Lanka": {
    "Happiness Rank": "129",
    "Country": "Sri Lanka",
    "Region": "South Asia",
    "Happiness Score": "4.325",
    "Economy (GDP per Capita)": "0.99",
    "Family (Social Support)": "0.82",
    "Health (Life Expectancy)": "0.593",
    "Freedom": "0.559",
    "Trust (Government Corruption)": "0.049",
    "Generosity": "0.239"
  },
  "Swaziland": {
    "Happiness Rank": "130",
    "Country": "Swaziland",
    "Region": "Sub-Saharan Africa",
    "Happiness Score": "4.308",
    "Economy (GDP per Capita)": "0.849",
    "Family (Social Support)": "0.693",
    "Health (Life Expectancy)": "0.074",
    "Freedom": "0.323",
    "Trust (Government Corruption)": "0.147",
    "Generosity": "0.067"
  },
  "Comoros": {
    "Happiness Rank": "131",
    "Country": "Comoros",
    "Region": "Sub-Saharan Africa",
    "Happiness Score": "4.289",
    "Economy (GDP per Capita)": "0.488",
    "Family (Social Support)": "0.367",
    "Health (Life Expectancy)": "0.279",
    "Freedom": "0.202",
    "Trust (Government Corruption)": "0.101",
    "Generosity": "0.241"
  },
  "Egypt": {
    "Happiness Rank": "132",
    "Country": "Egypt",
    "Region": "Middle East and North Africa",
    "Happiness Score": "4.283",
    "Economy (GDP per Capita)": "0.954",
    "Family (Social Support)": "0.647",
    "Health (Life Expectancy)": "0.426",
    "Freedom": "0.446",
    "Trust (Government Corruption)": "0.092",
    "Generosity": "0.069"
  },
  "Ethiopia": {
    "Happiness Rank": "133",
    "Country": "Ethiopia",
    "Region": "Sub-Saharan Africa",
    "Happiness Score": "4.275",
    "Economy (GDP per Capita)": "0.37",
    "Family (Social Support)": "0.679",
    "Health (Life Expectancy)": "0.331",
    "Freedom": "0.451",
    "Trust (Government Corruption)": "0.114",
    "Generosity": "0.241"
  },
  "Mauritania": {
    "Happiness Rank": "134",
    "Country": "Mauritania",
    "Region": "Sub-Saharan Africa",
    "Happiness Score": "4.227",
    "Economy (GDP per Capita)": "0.666",
    "Family (Social Support)": "0.749",
    "Health (Life Expectancy)": "0.273",
    "Freedom": "0.218",
    "Trust (Government Corruption)": "0.133",
    "Generosity": "0.119"
  },
  "Madagascar": {
    "Happiness Rank": "135",
    "Country": "Madagascar",
    "Region": "Sub-Saharan Africa",
    "Happiness Score": "4.208",
    "Economy (GDP per Capita)": "0.266",
    "Family (Social Support)": "0.503",
    "Health (Life Expectancy)": "0.341",
    "Freedom": "0.207",
    "Trust (Government Corruption)": "0.087",
    "Generosity": "0.185"
  },
  "Togo": {
    "Happiness Rank": "136",
    "Country": "Togo",
    "Region": "Sub-Saharan Africa",
    "Happiness Score": "4.107",
    "Economy (GDP per Capita)": "0.254",
    "Family (Social Support)": "0.239",
    "Health (Life Expectancy)": "0.203",
    "Freedom": "0.289",
    "Trust (Government Corruption)": "0.107",
    "Generosity": "0.209"
  },
  "Zambia": {
    "Happiness Rank": "137",
    "Country": "Zambia",
    "Region": "Sub-Saharan Africa",
    "Happiness Score": "4.073",
    "Economy (GDP per Capita)": "0.528",
    "Family (Social Support)": "0.552",
    "Health (Life Expectancy)": "0.231",
    "Freedom": "0.487",
    "Trust (Government Corruption)": "0.074",
    "Generosity": "0.227"
  },
  "Sierra Leone": {
    "Happiness Rank": "138",
    "Country": "Sierra Leone",
    "Region": "Sub-Saharan Africa",
    "Happiness Score": "3.849",
    "Economy (GDP per Capita)": "0.279",
    "Family (Social Support)": "0.377",
    "Health (Life Expectancy)": "0.1",
    "Freedom": "0.408",
    "Trust (Government Corruption)": "0.047",
    "Generosity": "0.243"
  },
  "India": {
    "Happiness Rank": "139",
    "Country": "India",
    "Region": "South Asia",
    "Happiness Score": "3.819",
    "Economy (GDP per Capita)": "0.741",
    "Family (Social Support)": "0.316",
    "Health (Life Expectancy)": "0.383",
    "Freedom": "0.622",
    "Trust (Government Corruption)": "0.106",
    "Generosity": "0.246"
  },
  "Burundi": {
    "Happiness Rank": "140",
    "Country": "Burundi",
    "Region": "Sub-Saharan Africa",
    "Happiness Score": "3.775",
    "Economy (GDP per Capita)": "0",
    "Family (Social Support)": "0.062",
    "Health (Life Expectancy)": "0.155",
    "Freedom": "0.298",
    "Trust (Government Corruption)": "0.212",
    "Generosity": "0.172"
  },
  "Yemen": {
    "Happiness Rank": "141",
    "Country": "Yemen",
    "Region": "Middle East and North Africa",
    "Happiness Score": "3.658",
    "Economy (GDP per Capita)": "0.329",
    "Family (Social Support)": "0.831",
    "Health (Life Expectancy)": "0.272",
    "Freedom": "0.268",
    "Trust (Government Corruption)": "0.089",
    "Generosity": "0.092"
  },
  "Tanzania": {
    "Happiness Rank": "142",
    "Country": "Tanzania",
    "Region": "Sub-Saharan Africa",
    "Happiness Score": "3.623",
    "Economy (GDP per Capita)": "0.433",
    "Family (Social Support)": "0.54",
    "Health (Life Expectancy)": "0.3",
    "Freedom": "0.549",
    "Trust (Government Corruption)": "0.231",
    "Generosity": "0.307"
  },
  "Haiti": {
    "Happiness Rank": "143",
    "Country": "Haiti",
    "Region": "Latin America and Caribbean",
    "Happiness Score": "3.615",
    "Economy (GDP per Capita)": "0.294",
    "Family (Social Support)": "0.173",
    "Health (Life Expectancy)": "0.227",
    "Freedom": "0.257",
    "Trust (Government Corruption)": "0.139",
    "Generosity": "0.463"
  },
  "Malawi": {
    "Happiness Rank": "144",
    "Country": "Malawi",
    "Region": "Sub-Saharan Africa",
    "Happiness Score": "3.6",
    "Economy (GDP per Capita)": "0.113",
    "Family (Social Support)": "0.168",
    "Health (Life Expectancy)": "0.298",
    "Freedom": "0.484",
    "Trust (Government Corruption)": "0.134",
    "Generosity": "0.213"
  },
  "Lesotho": {
    "Happiness Rank": "145",
    "Country": "Lesotho",
    "Region": "Sub-Saharan Africa",
    "Happiness Score": "3.512",
    "Economy (GDP per Capita)": "0.451",
    "Family (Social Support)": "0.731",
    "Health (Life Expectancy)": "0.007",
    "Freedom": "0.405",
    "Trust (Government Corruption)": "0.015",
    "Generosity": "0.103"
  },
  "Botswana": {
    "Happiness Rank": "146",
    "Country": "Botswana",
    "Region": "Sub-Saharan Africa",
    "Happiness Score": "3.467",
    "Economy (GDP per Capita)": "1.099",
    "Family (Social Support)": "0.724",
    "Health (Life Expectancy)": "0.34",
    "Freedom": "0.539",
    "Trust (Government Corruption)": "0.088",
    "Generosity": "0.027"
  },
  "Rwanda": {
    "Happiness Rank": "147",
    "Country": "Rwanda",
    "Region": "Sub-Saharan Africa",
    "Happiness Score": "3.415",
    "Economy (GDP per Capita)": "0.364",
    "Family (Social Support)": "0.202",
    "Health (Life Expectancy)": "0.407",
    "Freedom": "0.627",
    "Trust (Government Corruption)": "0.493",
    "Generosity": "0.227"
  },
  "Zimbabwe": {
    "Happiness Rank": "148",
    "Country": "Zimbabwe",
    "Region": "Sub-Saharan Africa",
    "Happiness Score": "3.145",
    "Economy (GDP per Capita)": "0.457",
    "Family (Social Support)": "0.649",
    "Health (Life Expectancy)": "0.243",
    "Freedom": "0.359",
    "Trust (Government Corruption)": "0.075",
    "Generosity": "0.157"
  },
  "Afghanistan": {
    "Happiness Rank": "149",
    "Country": "Afghanistan",
    "Region": "South Asia",
    "Happiness Score": "2.523",
    "Economy (GDP per Capita)": "0.37",
    "Family (Social Support)": "0",
    "Health (Life Expectancy)": "0.126",
    "Freedom": "0",
    "Trust (Government Corruption)": "0.01",
    "Generosity": "0.122"
  }
}
